name,producer,grape,category_color,label,img
YAIYLA VERMENTINO ORANGE,оранжевое сухое YAIYLA VERMENTINO ORANGE  Yaiyla Winery,Верментино,Оранжевое сухое,yaiyla-vermentino-orange,yaiyla-vermentino-orange.webp
YAIYLA VERMENTINO ORANGE,оранжевое сухое YAIYLA VERMENTINO ORANGE  Yaiyla Winery,Верментино,Оранжевое сухое,yaiyla-vermentino-orange,yaiyla-vermentino-orange_bottom.webp
YAIYLA MALBEC,красное сухое YAIYLA MALBEC Yaiyla Winery,Мальбек,Красное сухое,yaiyla-malbec,yaiyla-malbec.webp
YAIYLA MALBEC,красное сухое YAIYLA MALBEC Yaiyla Winery,Мальбек,Красное сухое,yaiyla-malbec,yaiyla-malbec_bottom.webp
YAIYLA PETIT MANSENG,белое полусладкое YAIYLA PETIT MANSENG   Yaiyla Winery,Пти Мансен,Белое полусладкое,yaiyla-petit-manseng,yaiyla-petit-manseng.webp
YAIYLA PETIT MANSENG,белое полусладкое YAIYLA PETIT MANSENG   Yaiyla Winery,Пти Мансен,Белое полусладкое,yaiyla-petit-manseng,yaiyla-petit-manseng_bottom.webp
YAIYLA MUSCAT ORANGE,оранжевое сухое YAIYLA MUSCAT ORANGE  Yaiyla Winery,,Оранжевое сухое,yaiyla-muscat-orange,yaiyla-muscat-orange.webp
YAIYLA MUSCAT ORANGE,оранжевое сухое YAIYLA MUSCAT ORANGE  Yaiyla Winery,,Оранжевое сухое,yaiyla-muscat-orange,yaiyla-muscat-orange_bottom.webp
"Винные краски, Шардоне","белое сухое Винные краски, Шардоне Дом Крымских Вин",Шардоне,Белое сухое,vinnye-kraski-shardone,vinnye-kraski-shardone.webp
"Винные краски, Шардоне","белое сухое Винные краски, Шардоне Дом Крымских Вин",Шардоне,Белое сухое,vinnye-kraski-shardone,vinnye-kraski-shardone_bottom.webp
"Винные краски, Совиньон Блан","белое сухое Винные краски, Совиньон Блан Дом Крымских Вин",Совиньон Блан,Белое сухое,vinnye-kraski-sovinon-blan,vinnye-kraski-sovinon-blan.webp
"Винные краски, Совиньон Блан","белое сухое Винные краски, Совиньон Блан Дом Крымских Вин",Совиньон Блан,Белое сухое,vinnye-kraski-sovinon-blan,vinnye-kraski-sovinon-blan_bottom.webp
"Винные краски, Каберне Совиньон","красное сухое Винные краски, Каберне Совиньон Дом Крымских Вин",Каберне Совиньон,Красное сухое,vinnye-kraski-kaberne-sovinon,vinnye-kraski-kaberne-sovinon.webp
"Винные краски, Каберне Совиньон","красное сухое Винные краски, Каберне Совиньон Дом Крымских Вин",Каберне Совиньон,Красное сухое,vinnye-kraski-kaberne-sovinon,vinnye-kraski-kaberne-sovinon_bottom.webp
"Винные краски, Мерло","красное сухое Винные краски, Мерло Дом Крымских Вин",Мерло,Красное сухое,vinnye-kraski-merlo,vinnye-kraski-merlo.webp
"Винные краски, Мерло","красное сухое Винные краски, Мерло Дом Крымских Вин",Мерло,Красное сухое,vinnye-kraski-merlo,vinnye-kraski-merlo_bottom.webp
"Улыбка ветра, Совиньон Блан","белое сухое Улыбка ветра, Совиньон Блан Дом Крымских Вин",Совиньон Блан,Белое сухое,ulybka-vetra-sovinon-blan,ulybka-vetra-sovinon-blan.webp
"Улыбка ветра, Совиньон Блан","белое сухое Улыбка ветра, Совиньон Блан Дом Крымских Вин",Совиньон Блан,Белое сухое,ulybka-vetra-sovinon-blan,ulybka-vetra-sovinon-blan_bottom.webp
"Улыбка ветра, Каберне Совиньон","красное сухое Улыбка ветра, Каберне Совиньон Дом Крымских Вин",Каберне Совиньон,Красное сухое,ulybka-vetra-kaberne-sovinon,ulybka-vetra-kaberne-sovinon.webp
"Улыбка ветра, Каберне Совиньон","красное сухое Улыбка ветра, Каберне Совиньон Дом Крымских Вин",Каберне Совиньон,Красное сухое,ulybka-vetra-kaberne-sovinon,ulybka-vetra-kaberne-sovinon_bottom.webp
"Улыбка ветра, Мерло","красное сухое Улыбка ветра, Мерло Дом Крымских Вин",Мерло,Красное сухое,ulybka-vetra-merlo,ulybka-vetra-merlo.webp
"Улыбка ветра, Мерло","красное сухое Улыбка ветра, Мерло Дом Крымских Вин",Мерло,Красное сухое,ulybka-vetra-merlo,ulybka-vetra-merlo_bottom.webp
"Улыбка ветра, Шардоне","белое сухое Улыбка ветра, Шардоне Дом Крымских Вин",Шардоне,Белое сухое,ulybka-vetra-shardone,ulybka-vetra-shardone.webp
"Улыбка ветра, Шардоне","белое сухое Улыбка ветра, Шардоне Дом Крымских Вин",Шардоне,Белое сухое,ulybka-vetra-shardone,ulybka-vetra-shardone_bottom.webp
Розовое сухое,розовое сухое Розовое сухое Усадьба Перовских,Мерло,Розовое сухое,rozovoe-suhoe,rozovoe-suhoe.webp
Розовое сухое,розовое сухое Розовое сухое Усадьба Перовских,Мерло,Розовое сухое,rozovoe-suhoe,rozovoe-suhoe_bottom.webp
Розовое полусухое,розовое полусухое Розовое полусухое Усадьба Перовских,Мерло,Розовое полусухое,rozovoe-polusuhoe,rozovoe-polusuhoe.webp
Розовое полусухое,розовое полусухое Розовое полусухое Усадьба Перовских,Мерло,Розовое полусухое,rozovoe-polusuhoe,rozovoe-polusuhoe_bottom.webp
Рислинг Резерв,белое полусухое Рислинг Резерв Усадьба Перовских,Рислинг,Белое полусухое,risling-rezerv,risling-rezerv.webp
Рислинг Резерв,белое полусухое Рислинг Резерв Усадьба Перовских,Рислинг,Белое полусухое,risling-rezerv,risling-rezerv_bottom.webp
Совиньон,белое сухое Совиньон Усадьба Перовских,Совиньон,Белое сухое,sovinon,sovinon.webp
Совиньон,белое сухое Совиньон Усадьба Перовских,Совиньон,Белое сухое,sovinon,sovinon_bottom.webp
Крымский бленд,белое сухое Крымский бленд Усадьба Перовских,,Белое сухое,krymskij-blend,krymskij-blend.webp
Крымский бленд,белое сухое Крымский бленд Усадьба Перовских,,Белое сухое,krymskij-blend,krymskij-blend_bottom.webp
Ркацители и Мускат Оранж,белое сухое Ркацители и Мускат Оранж Усадьба Перовских,,Белое сухое,rkacziteli-i-muskat-oranzh,rkacziteli-i-muskat-oranzh.webp
Ркацители и Мускат Оранж,белое сухое Ркацители и Мускат Оранж Усадьба Перовских,,Белое сухое,rkacziteli-i-muskat-oranzh,rkacziteli-i-muskat-oranzh_bottom.webp
Выдержанное Экстра Брют Рислинг Брют Натюр,белое экстра брют Выдержанное Экстра Брют Рислинг Брют Натюр Усадьба Перовских,Рислинг,Белое экстра брют,vyderzhannoe-ekstra-bryut-risling-bryut-natyur,vyderzhannoe-ekstra-bryut-risling-bryut-natyur.webp
Выдержанное Экстра Брют Рислинг Брют Натюр,белое экстра брют Выдержанное Экстра Брют Рислинг Брют Натюр Усадьба Перовских,Рислинг,Белое экстра брют,vyderzhannoe-ekstra-bryut-risling-bryut-natyur,vyderzhannoe-ekstra-bryut-risling-bryut-natyur_bottom.webp
Выдержанное Экстра Брют Блан де Блан Брют Натюр,белое экстра брют Выдержанное Экстра Брют Блан де Блан Брют Натюр Усадьба Перовских,Шардоне,Белое экстра брют,vyderzhannoe-ekstra-bryut-blan-de-blan-bryut-natyur,vyderzhannoe-ekstra-bryut-blan-de-blan-bryut-natyur.webp
Выдержанное Экстра Брют Блан де Блан Брют Натюр,белое экстра брют Выдержанное Экстра Брют Блан де Блан Брют Натюр Усадьба Перовских,Шардоне,Белое экстра брют,vyderzhannoe-ekstra-bryut-blan-de-blan-bryut-natyur,vyderzhannoe-ekstra-bryut-blan-de-blan-bryut-natyur_bottom.webp
Ркацители Квеври,белое сухое Ркацители Квеври Усадьба Перовских,Ркацители,Белое сухое,rkacziteli-kvevri,rkacziteli-kvevri.webp
Ркацители Квеври,белое сухое Ркацители Квеври Усадьба Перовских,Ркацители,Белое сухое,rkacziteli-kvevri,rkacziteli-kvevri_bottom.webp
Выдержанное Экстра Брют Ред Брют Натюр,красное экстра брют Выдержанное Экстра Брют Ред Брют Натюр Усадьба Перовских,Каберне Совиньон,Красное экстра брют,vyderzhannoe-ekstra-bryut-red-bryut-natyur,vyderzhannoe-ekstra-bryut-red-bryut-natyur.webp
Выдержанное Экстра Брют Ред Брют Натюр,красное экстра брют Выдержанное Экстра Брют Ред Брют Натюр Усадьба Перовских,Каберне Совиньон,Красное экстра брют,vyderzhannoe-ekstra-bryut-red-bryut-natyur,vyderzhannoe-ekstra-bryut-red-bryut-natyur_bottom.webp
Саперави — лимитированная серия,красное сухое Саперави — лимитированная серия Усадьба Перовских,Саперави,Красное сухое,saperavi-limitirovannaya-seriya,saperavi-limitirovannaya-seriya.webp
Саперави — лимитированная серия,красное сухое Саперави — лимитированная серия Усадьба Перовских,Саперави,Красное сухое,saperavi-limitirovannaya-seriya,saperavi-limitirovannaya-seriya_bottom.webp
Каберне Фран — лимитированная серия,красное сухое Каберне Фран — лимитированная серия Усадьба Перовских,Каберне Фран,Красное сухое,kaberne-fran-limitirovannaya-seriya,kaberne-fran-limitirovannaya-seriya.webp
Каберне Фран — лимитированная серия,красное сухое Каберне Фран — лимитированная серия Усадьба Перовских,Каберне Фран,Красное сухое,kaberne-fran-limitirovannaya-seriya,kaberne-fran-limitirovannaya-seriya_bottom.webp
Каберне Совиньон и Саперави — лимитированная серия,красное сухое Каберне Совиньон и Саперави — лимитированная серия Усадьба Перовских,,Красное сухое,kaberne-sovinon-i-saperavi-limitirovannaya-seriya,kaberne-sovinon-i-saperavi-limitirovannaya-seriya.webp
Каберне Совиньон и Саперави — лимитированная серия,красное сухое Каберне Совиньон и Саперави — лимитированная серия Усадьба Перовских,,Красное сухое,kaberne-sovinon-i-saperavi-limitirovannaya-seriya,kaberne-sovinon-i-saperavi-limitirovannaya-seriya_bottom.webp
Мерло — лимитированная серия,красное сухое Мерло — лимитированная серия Усадьба Перовских,Мерло,Красное сухое,merlo-limitirovannaya-seriya,merlo-limitirovannaya-seriya.webp
Мерло — лимитированная серия,красное сухое Мерло — лимитированная серия Усадьба Перовских,Мерло,Красное сухое,merlo-limitirovannaya-seriya,merlo-limitirovannaya-seriya_bottom.webp
Сира — лимитированная серия,красное сухое Сира — лимитированная серия Усадьба Перовских,Сира,Красное сухое,sira-limitirovannaya-seriya,sira-limitirovannaya-seriya.webp
Сира — лимитированная серия,красное сухое Сира — лимитированная серия Усадьба Перовских,Сира,Красное сухое,sira-limitirovannaya-seriya,sira-limitirovannaya-seriya_bottom.webp
135,красное сухое 135 Усадьба Перовских,,Красное сухое,135,135.webp
135,красное сухое 135 Усадьба Перовских,,Красное сухое,135,135_bottom.webp
44 Параллель,красное сухое 44 Параллель Усадьба Перовских,,Красное сухое,44-parallel,44-parallel.webp
44 Параллель,красное сухое 44 Параллель Усадьба Перовских,,Красное сухое,44-parallel,44-parallel_bottom.webp
Купаж 13,красное сухое Купаж 13 Усадьба Перовских,,Красное сухое,kupazh-13,kupazh-13.webp
Купаж 13,красное сухое Купаж 13 Усадьба Перовских,,Красное сухое,kupazh-13,kupazh-13_bottom.webp
1890 Пино Нуар,красное сухое 1890 Пино Нуар Усадьба Перовских,Пино Нуар,Красное сухое,1890-pino-nuar,1890-pino-nuar.webp
1890 Пино Нуар,красное сухое 1890 Пино Нуар Усадьба Перовских,Пино Нуар,Красное сухое,1890-pino-nuar,1890-pino-nuar_bottom.webp
Каберне Совиньон Резерв,красное сухое Каберне Совиньон Резерв Усадьба Перовских,Каберне Совиньон,Красное сухое,kaberne-sovinon-rezerv,kaberne-sovinon-rezerv.webp
Каберне Совиньон Резерв,красное сухое Каберне Совиньон Резерв Усадьба Перовских,Каберне Совиньон,Красное сухое,kaberne-sovinon-rezerv,kaberne-sovinon-rezerv_bottom.webp
Саперави Квеври,красное сухое Саперави Квеври Усадьба Перовских,Саперави,Красное сухое,saperavi-kvevri,saperavi-kvevri.webp
Саперави Квеври,красное сухое Саперави Квеври Усадьба Перовских,Саперави,Красное сухое,saperavi-kvevri,saperavi-kvevri_bottom.webp
Пино Нуар,красное сухое Пино Нуар Усадьба Перовских,Пино Нуар,Красное сухое,pino-nuar-1,pino-nuar-1.webp
Пино Нуар,красное сухое Пино Нуар Усадьба Перовских,Пино Нуар,Красное сухое,pino-nuar-1,pino-nuar-1_bottom.webp
Сира,красное сухое Сира Усадьба Перовских,Сира,Красное сухое,sira-1,sira-1.webp
Сира,красное сухое Сира Усадьба Перовских,Сира,Красное сухое,sira-1,sira-1_bottom.webp
Мерло & Каберне Совиньон,красное сухое Мерло & Каберне Совиньон Усадьба Перовских,,Красное сухое,merlo-and-kaberne-sovinon,merlo-and-kaberne-sovinon.webp
Мерло & Каберне Совиньон,красное сухое Мерло & Каберне Совиньон Усадьба Перовских,,Красное сухое,merlo-and-kaberne-sovinon,merlo-and-kaberne-sovinon_bottom.webp
Каберне Совиньон,красное сухое Каберне Совиньон Усадьба Перовских,Каберне Совиньон,Красное сухое,kaberne-sovinon-4,kaberne-sovinon-4.webp
Каберне Совиньон,красное сухое Каберне Совиньон Усадьба Перовских,Каберне Совиньон,Красное сухое,kaberne-sovinon-4,kaberne-sovinon-4_bottom.webp
"Каберне Совиньон, Мерло, Каберне Фран","красное сухое Каберне Совиньон, Мерло, Каберне Фран Усадьба Перовских",,Красное сухое,kaberne-sovinon-merlo-kaberne-fran,kaberne-sovinon-merlo-kaberne-fran.webp
"Каберне Совиньон, Мерло, Каберне Фран","красное сухое Каберне Совиньон, Мерло, Каберне Фран Усадьба Перовских",,Красное сухое,kaberne-sovinon-merlo-kaberne-fran,kaberne-sovinon-merlo-kaberne-fran_bottom.webp
Крымский бленд,красное сухое Крымский бленд Усадьба Перовских,,Красное сухое,krymskij-blend-1,krymskij-blend-1.webp
Крымский бленд,красное сухое Крымский бленд Усадьба Перовских,,Красное сухое,krymskij-blend-1,krymskij-blend-1_bottom.webp
Авторский купаж,красное сухое Авторский купаж Усадьба Перовских,,Красное сухое,avtorskij-kupazh,avtorskij-kupazh.webp
Авторский купаж,красное сухое Авторский купаж Усадьба Перовских,,Красное сухое,avtorskij-kupazh,avtorskij-kupazh_bottom.webp
Выдержанное Экстра Брют Розе Брют Натюр,розовое экстра брют Выдержанное Экстра Брют Розе Брют Натюр Усадьба Перовских,Пино Нуар,Розовое экстра брют,vyderzhannoe-ekstra-bryut-roze-bryut-natyur,vyderzhannoe-ekstra-bryut-roze-bryut-natyur.webp
Выдержанное Экстра Брют Розе Брют Натюр,розовое экстра брют Выдержанное Экстра Брют Розе Брют Натюр Усадьба Перовских,Пино Нуар,Розовое экстра брют,vyderzhannoe-ekstra-bryut-roze-bryut-natyur,vyderzhannoe-ekstra-bryut-roze-bryut-natyur_bottom.webp
Пино Блан АртВин,белое сухое Пино Блан АртВин Артвин,Пино Блан,Белое сухое,pino-blan-art-vin,pino-blan-art-vin.webp
Пино Блан АртВин,белое сухое Пино Блан АртВин Артвин,Пино Блан,Белое сухое,pino-blan-art-vin,pino-blan-art-vin_bottom.webp
Каберне Совиньон АртВин,красное сухое Каберне Совиньон АртВин Артвин,Каберне Совиньон,Красное сухое,kaberne-sovinon-art-vin,kaberne-sovinon-art-vin.webp
Каберне Совиньон АртВин,красное сухое Каберне Совиньон АртВин Артвин,Каберне Совиньон,Красное сухое,kaberne-sovinon-art-vin,kaberne-sovinon-art-vin_bottom.webp
Симбиоз,красное сухое Симбиоз WINEPARK,Каберне Совиньон,Красное сухое,simbioz,simbioz.webp
Симбиоз,красное сухое Симбиоз WINEPARK,Каберне Совиньон,Красное сухое,simbioz,simbioz_bottom.webp
ИИ ВИНО,красное сухое ИИ ВИНО WINEPARK,,Красное сухое,ii-vino,ii-vino.webp
ИИ ВИНО,красное сухое ИИ ВИНО WINEPARK,,Красное сухое,ii-vino,ii-vino_bottom.webp
ИИ ВИНО,белое сухое ИИ ВИНО WINEPARK,,Белое сухое,ii-vino-1,ii-vino-1.webp
ИИ ВИНО,белое сухое ИИ ВИНО WINEPARK,,Белое сухое,ii-vino-1,ii-vino-1_bottom.webp
Гренаш,красное сухое Гренаш  WINEPARK,Гренаш,Красное сухое,grenash,grenash.webp
Гренаш,красное сухое Гренаш  WINEPARK,Гренаш,Красное сухое,grenash,grenash_bottom.webp
Саперави ДВА ДУБКА,красное сухое Саперави ДВА ДУБКА Сенетх,Саперави,Красное сухое,saperavi-dva-dubka,saperavi-dva-dubka.webp
Саперави ДВА ДУБКА,красное сухое Саперави ДВА ДУБКА Сенетх,Саперави,Красное сухое,saperavi-dva-dubka,saperavi-dva-dubka_bottom.webp
Красностоп ДВА ДУБКА,красное сухое Красностоп ДВА ДУБКА Сенетх,Красностоп Золотовский,Красное сухое,krasnostop-dva-dubka,krasnostop-dva-dubka.webp
Красностоп ДВА ДУБКА,красное сухое Красностоп ДВА ДУБКА Сенетх,Красностоп Золотовский,Красное сухое,krasnostop-dva-dubka,krasnostop-dva-dubka_bottom.webp
Глу-Глу Сенетх,красное сухое Глу-Глу Сенетх Сенетх,,Красное сухое,glu-glu-seneth,glu-glu-seneth.webp
Глу-Глу Сенетх,красное сухое Глу-Глу Сенетх Сенетх,,Красное сухое,glu-glu-seneth,glu-glu-seneth_bottom.webp
Хихви Суета,белое сухое Хихви Суета Сенетх,Хихви,Белое сухое,hihvi-sueta,hihvi-sueta.webp
Хихви Суета,белое сухое Хихви Суета Сенетх,Хихви,Белое сухое,hihvi-sueta,hihvi-sueta_bottom.webp
Мцване Суета,белое сухое Мцване Суета Сенетх,Мцване,Белое сухое,mczvane-sueta,mczvane-sueta.webp
Мцване Суета,белое сухое Мцване Суета Сенетх,Мцване,Белое сухое,mczvane-sueta,mczvane-sueta_bottom.webp
Вионье ДВА ДУБКА,белое сухое Вионье ДВА ДУБКА Сенетх,Вионье,Белое сухое,vione-dva-dubka,vione-dva-dubka.webp
Вионье ДВА ДУБКА,белое сухое Вионье ДВА ДУБКА Сенетх,Вионье,Белое сухое,vione-dva-dubka,vione-dva-dubka_bottom.webp
Рислинг ДВА ДУБКА,белое сухое Рислинг ДВА ДУБКА Сенетх,Рислинг Рейнский,Белое сухое,risling-dva-dubka,risling-dva-dubka.webp
Рислинг ДВА ДУБКА,белое сухое Рислинг ДВА ДУБКА Сенетх,Рислинг Рейнский,Белое сухое,risling-dva-dubka,risling-dva-dubka_bottom.webp
Вионье Нюаж Зеро Дозаж,белое экстра брют Вионье Нюаж Зеро Дозаж Сенетх,Вионье,Белое экстра брют,vione-nyuazh-zero-dozazh,vione-nyuazh-zero-dozazh.webp
Вионье Нюаж Зеро Дозаж,белое экстра брют Вионье Нюаж Зеро Дозаж Сенетх,Вионье,Белое экстра брют,vione-nyuazh-zero-dozazh,vione-nyuazh-zero-dozazh_bottom.webp
Восток красное,красное сухое Восток красное Château Le Grand Vostock,,Красное сухое,vostok-krasnoe,vostok-krasnoe.webp
Восток красное,красное сухое Восток красное Château Le Grand Vostock,,Красное сухое,vostok-krasnoe,vostok-krasnoe_bottom.webp
Восток розе,розовое сухое Восток розе Château Le Grand Vostock,Мерло,Розовое сухое,vostok-roze,vostok-roze.webp
Восток розе,розовое сухое Восток розе Château Le Grand Vostock,Мерло,Розовое сухое,vostok-roze,vostok-roze_bottom.webp
Пети Шен,красное сухое Пети Шен Château Le Grand Vostock,,Красное сухое,peti-shen,peti-shen.webp
Пети Шен,красное сухое Пети Шен Château Le Grand Vostock,,Красное сухое,peti-shen,peti-shen_bottom.webp
Гран Шен,красное сухое Гран Шен Château Le Grand Vostock,,Красное сухое,gran-shen,gran-shen.webp
Гран Шен,красное сухое Гран Шен Château Le Grand Vostock,,Красное сухое,gran-shen,gran-shen_bottom.webp
Саперави,красное сухое Саперави Литавщук. Litavshchuk vineyards & winery,Мерло,Красное сухое,saperavi,saperavi.webp
Саперави,красное сухое Саперави Литавщук. Litavshchuk vineyards & winery,Мерло,Красное сухое,saperavi,saperavi_bottom.webp
Совиньон Блан,белое полусладкое Совиньон Блан Литавщук. Litavshchuk vineyards & winery,Совиньон Блан,Белое полусладкое,sovinon-blan,sovinon-blan.webp
Совиньон Блан,белое полусладкое Совиньон Блан Литавщук. Litavshchuk vineyards & winery,Совиньон Блан,Белое полусладкое,sovinon-blan,sovinon-blan_bottom.webp
Рислинг,белое полусухое Рислинг  Литавщук. Litavshchuk vineyards & winery,Рислинг,Белое полусухое,risling-2,risling-2.webp
Рислинг,белое полусухое Рислинг  Литавщук. Litavshchuk vineyards & winery,Рислинг,Белое полусухое,risling-2,risling-2_bottom.webp
Веселая горка,красное полусладкое Веселая горка Литавщук. Litavshchuk vineyards & winery,Мерло,Красное полусладкое,veselaya-gorka,veselaya-gorka.webp
Веселая горка,красное полусладкое Веселая горка Литавщук. Litavshchuk vineyards & winery,Мерло,Красное полусладкое,veselaya-gorka,veselaya-gorka_bottom.webp
Каберне Совиньон,красное полусухое Каберне Совиньон Литавщук. Litavshchuk vineyards & winery,Каберне Совиньон,Красное полусухое,kaberne-sovinon-3,kaberne-sovinon-3.webp
Каберне Совиньон,красное полусухое Каберне Совиньон Литавщук. Litavshchuk vineyards & winery,Каберне Совиньон,Красное полусухое,kaberne-sovinon-3,kaberne-sovinon-3_bottom.webp
Домашняя горка,белое полусладкое Домашняя горка  Литавщук. Litavshchuk vineyards & winery,Совиньон Блан,Белое полусладкое,domashnyaya-gorka,domashnyaya-gorka.webp
Домашняя горка,белое полусладкое Домашняя горка  Литавщук. Litavshchuk vineyards & winery,Совиньон Блан,Белое полусладкое,domashnyaya-gorka,domashnyaya-gorka_bottom.webp
Совиньон Блан,белое сухое Совиньон Блан Литавщук. Litavshchuk vineyards & winery,Совиньон Блан,Белое сухое,sovinon-blan-2,sovinon-blan-2.webp
Совиньон Блан,белое сухое Совиньон Блан Литавщук. Litavshchuk vineyards & winery,Совиньон Блан,Белое сухое,sovinon-blan-2,sovinon-blan-2_bottom.webp
Pinoy Noir,красное сухое Pinoy Noir Литавщук. Litavshchuk vineyards & winery,Пино Нуар,Красное сухое,pinoy-noir,pinoy-noir.webp
Pinoy Noir,красное сухое Pinoy Noir Литавщук. Litavshchuk vineyards & winery,Пино Нуар,Красное сухое,pinoy-noir,pinoy-noir_bottom.webp
Мерло,красное сухое Мерло Литавщук. Litavshchuk vineyards & winery,Мерло,Красное сухое,merlo-2,merlo-2.webp
Мерло,красное сухое Мерло Литавщук. Litavshchuk vineyards & winery,Мерло,Красное сухое,merlo-2,merlo-2_bottom.webp
Мускат,белое полусухое Мускат Литавщук. Litavshchuk vineyards & winery,Мускат,Белое полусухое,muskat,muskat.webp
Мускат,белое полусухое Мускат Литавщук. Litavshchuk vineyards & winery,Мускат,Белое полусухое,muskat,muskat_bottom.webp
Integral,красное сухое Integral One Barrel by Dmitry Maslov (OBDM),Каберне Фран,Красное сухое,integral,integral.webp
Integral,красное сухое Integral One Barrel by Dmitry Maslov (OBDM),Каберне Фран,Красное сухое,integral,integral_bottom.webp
Каберне Фран Гусевъ,красное сухое Каберне Фран Гусевъ Гусевъ,Каберне Фран,Красное сухое,kaberne-fran-gusev,kaberne-fran-gusev.webp
Каберне Фран Гусевъ,красное сухое Каберне Фран Гусевъ Гусевъ,Каберне Фран,Красное сухое,kaberne-fran-gusev,kaberne-fran-gusev_bottom.webp
Прибой Марченко белое полусухое,белое полусухое Прибой Марченко белое полусухое Винодельня Марченко,Первенец Магарача,Белое полусухое,priboj-marchenko-beloe-polusuhoe,priboj-marchenko-beloe-polusuhoe.webp
Прибой Марченко белое полусухое,белое полусухое Прибой Марченко белое полусухое Винодельня Марченко,Первенец Магарача,Белое полусухое,priboj-marchenko-beloe-polusuhoe,priboj-marchenko-beloe-polusuhoe_bottom.webp
Прибой Марченко розовое полусухое,розовое полусухое Прибой Марченко розовое полусухое Винодельня Марченко,,Розовое полусухое,priboj-marchenko-rozovoe-polusuhoe,priboj-marchenko-rozovoe-polusuhoe.webp
Прибой Марченко розовое полусухое,розовое полусухое Прибой Марченко розовое полусухое Винодельня Марченко,,Розовое полусухое,priboj-marchenko-rozovoe-polusuhoe,priboj-marchenko-rozovoe-polusuhoe_bottom.webp
Прибой Марченко красное полусухое,красное полусухое Прибой Марченко красное полусухое Винодельня Марченко,Каберне АЗОС,Красное полусухое,priboj-marchenko-krasnoe-polusuhoe,priboj-marchenko-krasnoe-polusuhoe.webp
Прибой Марченко красное полусухое,красное полусухое Прибой Марченко красное полусухое Винодельня Марченко,Каберне АЗОС,Красное полусухое,priboj-marchenko-krasnoe-polusuhoe,priboj-marchenko-krasnoe-polusuhoe_bottom.webp
Гевюрцтраминер Оранж,оранжевое сухое Гевюрцтраминер Оранж Усадьба Перовских,Гевюрцтраминер,Оранжевое сухое,gevyurcztraminer-oranzh,gevyurcztraminer-oranzh.webp
Гевюрцтраминер Оранж,оранжевое сухое Гевюрцтраминер Оранж Усадьба Перовских,Гевюрцтраминер,Оранжевое сухое,gevyurcztraminer-oranzh,gevyurcztraminer-oranzh_bottom.webp
Зной. Денисов Вайнери,белое сухое Зной. Денисов Вайнери Denisov Winery,,Белое сухое,znoj-denisov-vajneri,znoj-denisov-vajneri.webp
Зной. Денисов Вайнери,белое сухое Зной. Денисов Вайнери Denisov Winery,,Белое сухое,znoj-denisov-vajneri,znoj-denisov-vajneri_bottom.webp
Мускат Оттонель Гусевъ,белое брют Мускат Оттонель Гусевъ Гусевъ,Мускат Оттонель,Белое брют,muskat-ottonel-gusev,muskat-ottonel-gusev.webp
Мускат Оттонель Гусевъ,белое брют Мускат Оттонель Гусевъ Гусевъ,Мускат Оттонель,Белое брют,muskat-ottonel-gusev,muskat-ottonel-gusev_bottom.webp
Закат. Денисов Вайнери,розовое сухое Закат. Денисов Вайнери Denisov Winery,,Розовое сухое,zakat-denisov-vajneri,zakat-denisov-vajneri.webp
Закат. Денисов Вайнери,розовое сухое Закат. Денисов Вайнери Denisov Winery,,Розовое сухое,zakat-denisov-vajneri,zakat-denisov-vajneri_bottom.webp
Фиолетовый Ранний петнат,белое экстра брют Фиолетовый Ранний петнат Гусевъ,Фиолетовый ранний,Белое экстра брют,fioletovyj-rannij-petnat,fioletovyj-rannij-petnat.webp
Фиолетовый Ранний петнат,белое экстра брют Фиолетовый Ранний петнат Гусевъ,Фиолетовый ранний,Белое экстра брют,fioletovyj-rannij-petnat,fioletovyj-rannij-petnat_bottom.webp
"Mont Blanc, Blanc de Blancs","белое брют Mont Blanc, Blanc de Blancs Шато АЛВИСА",,Белое брют,mont-blanc-blanc-de-blancs,mont-blanc-blanc-de-blancs.webp
"Mont Blanc, Blanc de Blancs","белое брют Mont Blanc, Blanc de Blancs Шато АЛВИСА",,Белое брют,mont-blanc-blanc-de-blancs,mont-blanc-blanc-de-blancs_bottom.webp
Mont Blanc Cuvée,белое брют Mont Blanc Cuvée Шато АЛВИСА,,Белое брют,mont-blanc-cuvee,mont-blanc-cuvee.webp
Mont Blanc Cuvée,белое брют Mont Blanc Cuvée Шато АЛВИСА,,Белое брют,mont-blanc-cuvee,mont-blanc-cuvee_bottom.webp
Cantiani Cabernet Sauvignon,красное сухое Cantiani Cabernet Sauvignon Шато АЛВИСА,Каберне Совиньон,Красное сухое,cantiani-cabernet-sauvignon,cantiani-cabernet-sauvignon.webp
Cantiani Cabernet Sauvignon,красное сухое Cantiani Cabernet Sauvignon Шато АЛВИСА,Каберне Совиньон,Красное сухое,cantiani-cabernet-sauvignon,cantiani-cabernet-sauvignon_bottom.webp
"Cantiani Cabernet Sauvignon Reserve, 2024","красное сухое Cantiani Cabernet Sauvignon Reserve, 2024 Шато АЛВИСА",Каберне Совиньон,Красное сухое,cantiani-cabernet-sauvignon-reserve-2024,cantiani-cabernet-sauvignon-reserve-2024.webp
"Cantiani Cabernet Sauvignon Reserve, 2024","красное сухое Cantiani Cabernet Sauvignon Reserve, 2024 Шато АЛВИСА",Каберне Совиньон,Красное сухое,cantiani-cabernet-sauvignon-reserve-2024,cantiani-cabernet-sauvignon-reserve-2024_bottom.webp
Cantiani Saperavi Merlot,красное сухое Cantiani Saperavi Merlot Шато АЛВИСА,,Красное сухое,cantiani-saperavi-merlot,cantiani-saperavi-merlot.webp
Cantiani Saperavi Merlot,красное сухое Cantiani Saperavi Merlot Шато АЛВИСА,,Красное сухое,cantiani-saperavi-merlot,cantiani-saperavi-merlot_bottom.webp
Cantiani Riesling,белое брют Cantiani Riesling Шато АЛВИСА,Рислинг Рейнский,Белое брют,cantiani-riesling-1,cantiani-riesling-1.webp
Cantiani Riesling,белое брют Cantiani Riesling Шато АЛВИСА,Рислинг Рейнский,Белое брют,cantiani-riesling-1,cantiani-riesling-1_bottom.webp
Cantiani Brut,белое брют Cantiani Brut Шато АЛВИСА,,Белое брют,cantiani-brut,cantiani-brut.webp
Cantiani Brut,белое брют Cantiani Brut Шато АЛВИСА,,Белое брют,cantiani-brut,cantiani-brut_bottom.webp
Cantiani Rkatsiteli,белое брют Cantiani Rkatsiteli Шато АЛВИСА,Ркацители,Белое брют,cantiani-rkatsiteli-1,cantiani-rkatsiteli-1.webp
Cantiani Rkatsiteli,белое брют Cantiani Rkatsiteli Шато АЛВИСА,Ркацители,Белое брют,cantiani-rkatsiteli-1,cantiani-rkatsiteli-1_bottom.webp
Cantiani Merlot,красное сухое Cantiani Merlot Шато АЛВИСА,Мерло,Красное сухое,cantiani-merlot,cantiani-merlot.webp
Cantiani Merlot,красное сухое Cantiani Merlot Шато АЛВИСА,Мерло,Красное сухое,cantiani-merlot,cantiani-merlot_bottom.webp
Cantiani Riesling Rkatsiteli,белое сухое Cantiani Riesling Rkatsiteli Шато АЛВИСА,,Белое сухое,cantiani-riesling-rkatsiteli,cantiani-riesling-rkatsiteli.webp
Cantiani Riesling Rkatsiteli,белое сухое Cantiani Riesling Rkatsiteli Шато АЛВИСА,,Белое сухое,cantiani-riesling-rkatsiteli,cantiani-riesling-rkatsiteli_bottom.webp
Cantiani Aligote Riesling,белое сухое Cantiani Aligote Riesling Шато АЛВИСА,,Белое сухое,cantiani-aligote-riesling,cantiani-aligote-riesling.webp
Cantiani Aligote Riesling,белое сухое Cantiani Aligote Riesling Шато АЛВИСА,,Белое сухое,cantiani-aligote-riesling,cantiani-aligote-riesling_bottom.webp
Не найдено,Не найдено,,,cantiani-rkatsiteli,cantiani-rkatsiteli.webp
Не найдено,Не найдено,,,cantiani-rkatsiteli,cantiani-rkatsiteli_bottom.webp
Cantiani Riesling,белое сухое Cantiani Riesling Шато АЛВИСА,Рислинг Рейнский,Белое сухое,cantiani-riesling,cantiani-riesling.webp
Cantiani Riesling,белое сухое Cantiani Riesling Шато АЛВИСА,Рислинг Рейнский,Белое сухое,cantiani-riesling,cantiani-riesling_bottom.webp
Cantiani Cabernet Sauvignon Merlot,красное сухое Cantiani Cabernet Sauvignon Merlot Шато АЛВИСА,,Красное сухое,cantiani-cabernet-sauvignon-merlot,cantiani-cabernet-sauvignon-merlot.webp
Cantiani Cabernet Sauvignon Merlot,красное сухое Cantiani Cabernet Sauvignon Merlot Шато АЛВИСА,,Красное сухое,cantiani-cabernet-sauvignon-merlot,cantiani-cabernet-sauvignon-merlot_bottom.webp
Cantiani Semisweet,белое полусладкое Cantiani Semisweet Шато АЛВИСА,Ркацители,Белое полусладкое,cantiani-semisweet,cantiani-semisweet.webp
Cantiani Semisweet,белое полусладкое Cantiani Semisweet Шато АЛВИСА,Ркацители,Белое полусладкое,cantiani-semisweet,cantiani-semisweet_bottom.webp
Cantiani Chardonnay,белое брют Cantiani Chardonnay Шато АЛВИСА,Шардоне,Белое брют,cantiani-chardonnay,cantiani-chardonnay.webp
Cantiani Chardonnay,белое брют Cantiani Chardonnay Шато АЛВИСА,Шардоне,Белое брют,cantiani-chardonnay,cantiani-chardonnay_bottom.webp
KD Кокур,белое сухое KD Кокур Винодельня Константина Дзитоева,Кокур,Белое сухое,kd-kokur,kd-kokur.webp
KD Кокур,белое сухое KD Кокур Винодельня Константина Дзитоева,Кокур,Белое сухое,kd-kokur,kd-kokur_bottom.webp
Aligote. Шато Пино,белое сухое Aligote. Шато Пино Шато Пино,Алиготе,Белое сухое,aligote-shato-pino,aligote-shato-pino.webp
Aligote. Шато Пино,белое сухое Aligote. Шато Пино Шато Пино,Алиготе,Белое сухое,aligote-shato-pino,aligote-shato-pino_bottom.webp
Viognier special reserve,белое сухое Viognier special reserve Kalos Limen,Вионье,Белое сухое,viognier-special-reserve,viognier-special-reserve.webp
Viognier special reserve,белое сухое Viognier special reserve Kalos Limen,Вионье,Белое сухое,viognier-special-reserve,viognier-special-reserve_bottom.webp
Лесная просека,белое брют Лесная просека Кубань-Вино,,Белое брют,lesnaya-proseka,lesnaya-proseka.webp
Лесная просека,белое брют Лесная просека Кубань-Вино,,Белое брют,lesnaya-proseka,lesnaya-proseka_bottom.webp
Небо России Глера,белое брют Небо России Глера Kalos Limen,Глера,Белое брют,nebo-rossii-glera,nebo-rossii-glera.webp
Небо России Глера,белое брют Небо России Глера Kalos Limen,Глера,Белое брют,nebo-rossii-glera,nebo-rossii-glera_bottom.webp
Глера Манно,белое брют Глера Манно Мысхако,Глера,Белое брют,glera-manno,glera-manno.webp
Глера Манно,белое брют Глера Манно Мысхако,Глера,Белое брют,glera-manno,glera-manno_bottom.webp
Русток Глера Ru 140,белое брют Русток Глера Ru 140 Мысхако,Глера,Белое брют,rustok-glera-ru-140,rustok-glera-ru-140.webp
Русток Глера Ru 140,белое брют Русток Глера Ru 140 Мысхако,Глера,Белое брют,rustok-glera-ru-140,rustok-glera-ru-140_bottom.webp
Соседи Алиготе/Шардоне 2025,белое сухое Соседи Алиготе/Шардоне 2025 Коммуналка,,Белое сухое,sosedi-aligote-shardone-2025,sosedi-aligote-shardone-2025.webp
Соседи Алиготе/Шардоне 2025,белое сухое Соседи Алиготе/Шардоне 2025 Коммуналка,,Белое сухое,sosedi-aligote-shardone-2025,sosedi-aligote-shardone-2025_bottom.webp
"Шардоне Баррель, 2023","белое сухое Шардоне Баррель, 2023  Коммуналка",Шардоне,Белое сухое,shardone-barrel-2023,shardone-barrel-2023.webp
"Шардоне Баррель, 2023","белое сухое Шардоне Баррель, 2023  Коммуналка",Шардоне,Белое сухое,shardone-barrel-2023,shardone-barrel-2023_bottom.webp
"Алиготе Баррель, 2024","белое сухое  Алиготе Баррель, 2024 Коммуналка",Алиготе,Белое сухое,aligote-barrel-2024,aligote-barrel-2024.webp
"Алиготе Баррель, 2024","белое сухое  Алиготе Баррель, 2024 Коммуналка",Алиготе,Белое сухое,aligote-barrel-2024,aligote-barrel-2024_bottom.webp
"Алиготе Баррель, 2025","белое сухое Алиготе Баррель, 2025 Коммуналка",Алиготе,Белое сухое,aligote-barrel-2025,aligote-barrel-2025.webp
"Алиготе Баррель, 2025","белое сухое Алиготе Баррель, 2025 Коммуналка",Алиготе,Белое сухое,aligote-barrel-2025,aligote-barrel-2025_bottom.webp
"Карбон Глю, 2024","красное сухое Карбон Глю, 2024  Коммуналка",Сира,Красное сухое,karbon-glyu-2024,karbon-glyu-2024.webp
"Карбон Глю, 2024","красное сухое Карбон Глю, 2024  Коммуналка",Сира,Красное сухое,karbon-glyu-2024,karbon-glyu-2024_bottom.webp
"Пино Глю, 2025","красное сухое Пино Глю, 2025  Коммуналка",Пино Нуар,Красное сухое,pino-glyu-2025,pino-glyu-2025.webp
"Пино Глю, 2025","красное сухое Пино Глю, 2025  Коммуналка",Пино Нуар,Красное сухое,pino-glyu-2025,pino-glyu-2025_bottom.webp
"Пет Нат Соседи, 2024","розовое экстра брют Пет Нат Соседи, 2024  Коммуналка",Пино Нуар,Розовое экстра брют,pet-nat-sosedi-2024,pet-nat-sosedi-2024.webp
"Пет Нат Соседи, 2024","розовое экстра брют Пет Нат Соседи, 2024  Коммуналка",Пино Нуар,Розовое экстра брют,pet-nat-sosedi-2024,pet-nat-sosedi-2024_bottom.webp
"Два Брата Пет Нат Кокур, 2024","белое экстра брют Два Брата Пет Нат Кокур, 2024 Винодельня Братьев Мельниковых",Кокур,Белое экстра брют,dva-brata-pet-nat-kokur-2024,dva-brata-pet-nat-kokur-2024.webp
"Два Брата Пет Нат Кокур, 2024","белое экстра брют Два Брата Пет Нат Кокур, 2024 Винодельня Братьев Мельниковых",Кокур,Белое экстра брют,dva-brata-pet-nat-kokur-2024,dva-brata-pet-nat-kokur-2024_bottom.webp
"Рислинг, 2024","белое сухое Рислинг, 2024  Винодельня Братьев Мельниковых",Рислинг,Белое сухое,risling-2024,risling-2024.webp
"Рислинг, 2024","белое сухое Рислинг, 2024  Винодельня Братьев Мельниковых",Рислинг,Белое сухое,risling-2024,risling-2024_bottom.webp
"Кокур, 2025","белое полусухое Кокур, 2025  Винодельня Братьев Мельниковых",Кокур,Белое полусухое,kokur-2025,kokur-2025.webp
"Кокур, 2025","белое полусухое Кокур, 2025  Винодельня Братьев Мельниковых",Кокур,Белое полусухое,kokur-2025,kokur-2025_bottom.webp
"Пино Нуар, 2025","розовое сухое Пино Нуар, 2025 Винодельня Братьев Мельниковых",Пино Нуар,Розовое сухое,pino-nuar-2025,pino-nuar-2025.webp
"Пино Нуар, 2025","розовое сухое Пино Нуар, 2025 Винодельня Братьев Мельниковых",Пино Нуар,Розовое сухое,pino-nuar-2025,pino-nuar-2025_bottom.webp
Miroir De Talu Merlot Cabernet Sauvignon,красное сухое Miroir De Talu Merlot Cabernet Sauvignon Chateau de Talu,Каберне Совиньон,Красное сухое,miroir-de-talu-merlot-cabernet-sauvignon,miroir-de-talu-merlot-cabernet-sauvignon.webp
Miroir De Talu Merlot Cabernet Sauvignon,красное сухое Miroir De Talu Merlot Cabernet Sauvignon Chateau de Talu,Каберне Совиньон,Красное сухое,miroir-de-talu-merlot-cabernet-sauvignon,miroir-de-talu-merlot-cabernet-sauvignon_bottom.webp
Miroir De Talu Merlot Красностоп,красное сухое Miroir De Talu Merlot Красностоп Chateau de Talu,Красностоп Золотовский,Красное сухое,miroir-de-talu-merlot-krasnostop,miroir-de-talu-merlot-krasnostop.webp
Miroir De Talu Merlot Красностоп,красное сухое Miroir De Talu Merlot Красностоп Chateau de Talu,Красностоп Золотовский,Красное сухое,miroir-de-talu-merlot-krasnostop,miroir-de-talu-merlot-krasnostop_bottom.webp
Массандра Кокур,белое полусухое Массандра Кокур Массандра,Кокур Белый,Белое полусухое,massandra-kokur,massandra-kokur.webp
Массандра Кокур,белое полусухое Массандра Кокур Массандра,Кокур Белый,Белое полусухое,massandra-kokur,massandra-kokur_bottom.webp
Makitra Selection,белое сухое Makitra Selection Кубань-Вино,Шардоне,Белое сухое,makitra-selection,makitra-selection.webp
Makitra Selection,белое сухое Makitra Selection Кубань-Вино,Шардоне,Белое сухое,makitra-selection,makitra-selection_bottom.webp
Good Steak Cabernet,красное сухое Good Steak Cabernet Olymp Winery,Каберне Совиньон,Красное сухое,good-steak-cabernet,good-steak-cabernet.webp
Good Steak Cabernet,красное сухое Good Steak Cabernet Olymp Winery,Каберне Совиньон,Красное сухое,good-steak-cabernet,good-steak-cabernet_bottom.webp
Good Steak Merlot,красное сухое Good Steak Merlot Olymp Winery,Мерло,Красное сухое,good-steak-merlot,good-steak-merlot.webp
Good Steak Merlot,красное сухое Good Steak Merlot Olymp Winery,Мерло,Красное сухое,good-steak-merlot,good-steak-merlot_bottom.webp
Коктебель Casa белый купаж,белое сухое Коктебель Casa белый купаж ЗМВ Коктебель,,Белое сухое,koktebel-casa-belyj-kupazh,koktebel-casa-belyj-kupazh.webp
Коктебель Casa белый купаж,белое сухое Коктебель Casa белый купаж ЗМВ Коктебель,,Белое сухое,koktebel-casa-belyj-kupazh,koktebel-casa-belyj-kupazh_bottom.webp
Массандра Мускат,белое сухое Массандра Мускат Массандра,,Белое сухое,massandra-muskat,massandra-muskat.webp
Массандра Мускат,белое сухое Массандра Мускат Массандра,,Белое сухое,massandra-muskat,massandra-muskat_bottom.webp
Green Cape Совиньон Блан,белое сухое Green Cape Совиньон Блан Мысхако,Совиньон Блан,Белое сухое,green-cape-sovinon-blan,green-cape-sovinon-blan.webp
Green Cape Совиньон Блан,белое сухое Green Cape Совиньон Блан Мысхако,Совиньон Блан,Белое сухое,green-cape-sovinon-blan,green-cape-sovinon-blan_bottom.webp
Green Cape Рислинг,белое сухое Green Cape Рислинг Мысхако,,Белое сухое,green-cape-risling,green-cape-risling.webp
Green Cape Рислинг,белое сухое Green Cape Рислинг Мысхако,,Белое сухое,green-cape-risling,green-cape-risling_bottom.webp
Шато Пино Классика Sauvignon Blanc,белое сухое Шато Пино Классика Sauvignon Blanc Шато Пино,Совиньон Блан,Белое сухое,shato-pino-klassika-sauvignon-blanc,shato-pino-klassika-sauvignon-blanc.webp
Шато Пино Классика Sauvignon Blanc,белое сухое Шато Пино Классика Sauvignon Blanc Шато Пино,Совиньон Блан,Белое сухое,shato-pino-klassika-sauvignon-blanc,shato-pino-klassika-sauvignon-blanc_bottom.webp
Golubitskoe Estate Chardonnay,белое сухое Golubitskoe Estate Chardonnay Поместье Голубицкое,Шардоне,Белое сухое,golubitskoe-estate-chardonnay,golubitskoe-estate-chardonnay.webp
Golubitskoe Estate Chardonnay,белое сухое Golubitskoe Estate Chardonnay Поместье Голубицкое,Шардоне,Белое сухое,golubitskoe-estate-chardonnay,golubitskoe-estate-chardonnay_bottom.webp
Caucasian Джарагъ,белое полусладкое Caucasian Джарагъ  Дербент Вино,Ркацители,Белое полусладкое,caucasian-dzharag,caucasian-dzharag.webp
Caucasian Джарагъ,белое полусладкое Caucasian Джарагъ  Дербент Вино,Ркацители,Белое полусладкое,caucasian-dzharag,caucasian-dzharag_bottom.webp
Гай-Кодзор Русан,белое сухое Гай-Кодзор Русан Виноградники Гай-Кодзора,Русан,Белое сухое,gaj-kodzor-rusan,gaj-kodzor-rusan.webp
Гай-Кодзор Русан,белое сухое Гай-Кодзор Русан Виноградники Гай-Кодзора,Русан,Белое сухое,gaj-kodzor-rusan,gaj-kodzor-rusan_bottom.webp
Гай-Кодзор Совиньон Блан,белое сухое Гай-Кодзор Совиньон Блан Виноградники Гай-Кодзора,Совиньон Блан,Белое сухое,gaj-kodzor-sovinon-blan,gaj-kodzor-sovinon-blan.webp
Гай-Кодзор Совиньон Блан,белое сухое Гай-Кодзор Совиньон Блан Виноградники Гай-Кодзора,Совиньон Блан,Белое сухое,gaj-kodzor-sovinon-blan,gaj-kodzor-sovinon-blan_bottom.webp
Авторское Рислинг,белое сухое Авторское Рислинг Olymp Winery,,Белое сухое,avtorskoe-risling,avtorskoe-risling.webp
Авторское Рислинг,белое сухое Авторское Рислинг Olymp Winery,,Белое сухое,avtorskoe-risling,avtorskoe-risling_bottom.webp
Chateau Tamagne Eno Траминер и Шардоне,белое сухое Chateau Tamagne Eno Траминер и Шардоне Кубань-Вино,,Белое сухое,chateau-tamagne-eno-traminer-i-shardone,chateau-tamagne-eno-traminer-i-shardone.webp
Chateau Tamagne Eno Траминер и Шардоне,белое сухое Chateau Tamagne Eno Траминер и Шардоне Кубань-Вино,,Белое сухое,chateau-tamagne-eno-traminer-i-shardone,chateau-tamagne-eno-traminer-i-shardone_bottom.webp
Инкерман Шато Блан,белое полусухое Инкерман Шато Блан Инкерманский ЗМВ,Алиготе,Белое полусухое,inkerman-shato-blan,inkerman-shato-blan.webp
Инкерман Шато Блан,белое полусухое Инкерман Шато Блан Инкерманский ЗМВ,Алиготе,Белое полусухое,inkerman-shato-blan,inkerman-shato-blan_bottom.webp
Locantita Sauvignon Blanc-Chardonnay,белое сухое Locantita Sauvignon Blanc-Chardonnay Скалистый берег,,Белое сухое,locantita-sauvignon-blanc-chardonnay,locantita-sauvignon-blanc-chardonnay.webp
Locantita Sauvignon Blanc-Chardonnay,белое сухое Locantita Sauvignon Blanc-Chardonnay Скалистый берег,,Белое сухое,locantita-sauvignon-blanc-chardonnay,locantita-sauvignon-blanc-chardonnay_bottom.webp
Chateau de Talu Merlot,красное сухое Chateau de Talu Merlot  Chateau de Talu,Мерло,Красное сухое,chateau-de-talu-merlot,chateau-de-talu-merlot.webp
Chateau de Talu Merlot,красное сухое Chateau de Talu Merlot  Chateau de Talu,Мерло,Красное сухое,chateau-de-talu-merlot,chateau-de-talu-merlot_bottom.webp
Колдун белое сухое,белое сухое Колдун белое сухое Шато Пино,,Белое сухое,koldun-beloe-suhoe,koldun-beloe-suhoe.webp
Колдун белое сухое,белое сухое Колдун белое сухое Шато Пино,,Белое сухое,koldun-beloe-suhoe,koldun-beloe-suhoe_bottom.webp
Скалистый берег Шепот цветов,белое сухое Скалистый берег Шепот цветов Скалистый берег,,Белое сухое,skalistyj-bereg-shepot-czvetov,skalistyj-bereg-shepot-czvetov.webp
Скалистый берег Шепот цветов,белое сухое Скалистый берег Шепот цветов Скалистый берег,,Белое сухое,skalistyj-bereg-shepot-czvetov,skalistyj-bereg-shepot-czvetov_bottom.webp
Golubitskoe Estate Рислинг,белое сухое Golubitskoe Estate Рислинг  Golubitskoe Estate,Рислинг,Белое сухое,golubitskoe-estate-risling,golubitskoe-estate-risling.webp
Golubitskoe Estate Рислинг,белое сухое Golubitskoe Estate Рислинг  Golubitskoe Estate,Рислинг,Белое сухое,golubitskoe-estate-risling,golubitskoe-estate-risling_bottom.webp
Chateau Tamagne Eno Amber,белое сухое Chateau Tamagne Eno Amber  Кубань-Вино,Ркацители,Белое сухое,chateau-tamagne-eno-amber,chateau-tamagne-eno-amber.webp
Chateau Tamagne Eno Amber,белое сухое Chateau Tamagne Eno Amber  Кубань-Вино,Ркацители,Белое сухое,chateau-tamagne-eno-amber,chateau-tamagne-eno-amber_bottom.webp
Inkerman Мускатное белое,белое полусладкое Inkerman Мускатное белое Инкерманский ЗМВ,,Белое полусладкое,inkerman-muskatnoe-beloe,inkerman-muskatnoe-beloe.webp
Inkerman Мускатное белое,белое полусладкое Inkerman Мускатное белое Инкерманский ЗМВ,,Белое полусладкое,inkerman-muskatnoe-beloe,inkerman-muskatnoe-beloe_bottom.webp
Золотая Балка игристое красное полусладкое,красное полусладкое Золотая Балка игристое красное полусладкое Золотая Балка,,Красное полусладкое,zolotaya-balka-igristoe-krasnoe-polusladkoe,zolotaya-balka-igristoe-krasnoe-polusladkoe.webp
Золотая Балка игристое красное полусладкое,красное полусладкое Золотая Балка игристое красное полусладкое Золотая Балка,,Красное полусладкое,zolotaya-balka-igristoe-krasnoe-polusladkoe,zolotaya-balka-igristoe-krasnoe-polusladkoe_bottom.webp
Кюве Цимлянский черный и Красностоп золотовский,красное сладкое Кюве Цимлянский черный и Красностоп золотовский Цимлянские вина,,Красное сладкое,kyuve-czimlyanskij-chernyj-i-krasnostop-zolotoj,kyuve-czimlyanskij-chernyj-i-krasnostop-zolotoj.webp
Кюве Цимлянский черный и Красностоп золотовский,красное сладкое Кюве Цимлянский черный и Красностоп золотовский Цимлянские вина,,Красное сладкое,kyuve-czimlyanskij-chernyj-i-krasnostop-zolotoj,kyuve-czimlyanskij-chernyj-i-krasnostop-zolotoj_bottom.webp
Inkerman Шато Руж,красное полусухое Inkerman Шато Руж Инкерманский ЗМВ,,Красное полусухое,inkerman-shato-ruzh,inkerman-shato-ruzh.webp
Inkerman Шато Руж,красное полусухое Inkerman Шато Руж Инкерманский ЗМВ,,Красное полусухое,inkerman-shato-ruzh,inkerman-shato-ruzh_bottom.webp
Locantita Merlot-Cabernet Franc,красное сухое  Locantita Merlot-Cabernet Franc Скалистый берег,,Красное сухое,alma-valley-locantita-merlot-cabernet-franc,alma-valley-locantita-merlot-cabernet-franc.webp
Locantita Merlot-Cabernet Franc,красное сухое  Locantita Merlot-Cabernet Franc Скалистый берег,,Красное сухое,alma-valley-locantita-merlot-cabernet-franc,alma-valley-locantita-merlot-cabernet-franc_bottom.webp
Портвейн Сурож,белое сладкое Портвейн Сурож Массандра,Кокур Белый,Белое сладкое,portvejn-surozh,portvejn-surozh.webp
Портвейн Сурож,белое сладкое Портвейн Сурож Массандра,Кокур Белый,Белое сладкое,portvejn-surozh,portvejn-surozh_bottom.webp
Chateau Tamagne Grand Dessert Nectar,красное сладкое Chateau Tamagne Grand Dessert Nectar Кубань-Вино,,Красное сладкое,chateau-tamagne-grand-dessert-nectar,chateau-tamagne-grand-dessert-nectar.webp
Chateau Tamagne Grand Dessert Nectar,красное сладкое Chateau Tamagne Grand Dessert Nectar Кубань-Вино,,Красное сладкое,chateau-tamagne-grand-dessert-nectar,chateau-tamagne-grand-dessert-nectar_bottom.webp
Сары Пандас выдержанное,белое сладкое Сары Пандас выдержанное Солнечная долина,Сары Пандас,Белое сладкое,sary-pandas-vyderzhannoe,sary-pandas-vyderzhannoe.webp
Сары Пандас выдержанное,белое сладкое Сары Пандас выдержанное Солнечная долина,Сары Пандас,Белое сладкое,sary-pandas-vyderzhannoe,sary-pandas-vyderzhannoe_bottom.webp
Игристое красное сладкое Цимлянское,красное сладкое Игристое красное сладкое Цимлянское Цимлянские вина,,Красное сладкое,igristoe-krasnoe-sladkoe-czimlyanskoe,igristoe-krasnoe-sladkoe-czimlyanskoe.webp
Игристое красное сладкое Цимлянское,красное сладкое Игристое красное сладкое Цимлянское Цимлянские вина,,Красное сладкое,igristoe-krasnoe-sladkoe-czimlyanskoe,igristoe-krasnoe-sladkoe-czimlyanskoe_bottom.webp
Массандра розовое сухое,розовое сухое Массандра розовое сухое Массандра,,Розовое сухое,massandra-rozovoe-suhoe,massandra-rozovoe-suhoe.webp
Массандра розовое сухое,розовое сухое Массандра розовое сухое Массандра,,Розовое сухое,massandra-rozovoe-suhoe,massandra-rozovoe-suhoe_bottom.webp
Мадера Крымская,белое сладкое Мадера Крымская Массандра,,Белое сладкое,madera-krymskaya,madera-krymskaya.webp
Мадера Крымская,белое сладкое Мадера Крымская Массандра,,Белое сладкое,madera-krymskaya,madera-krymskaya_bottom.webp
Fiori di Mare красное полусухое,красное полусухое Fiori di Mare красное полусухое Дербент Вино,,Красное полусухое,fiori-di-mare-krasnoe-polusuhoe,fiori-di-mare-krasnoe-polusuhoe.webp
Fiori di Mare красное полусухое,красное полусухое Fiori di Mare красное полусухое Дербент Вино,,Красное полусухое,fiori-di-mare-krasnoe-polusuhoe,fiori-di-mare-krasnoe-polusuhoe_bottom.webp
Аристов ANIMA Millesimato белое брют,белое брют Аристов ANIMA Millesimato белое брют Кубань-Вино,,Белое брют,aristov-anima-millesimato-beloe-bryut,aristov-anima-millesimato-beloe-bryut.webp
Аристов ANIMA Millesimato белое брют,белое брют Аристов ANIMA Millesimato белое брют Кубань-Вино,,Белое брют,aristov-anima-millesimato-beloe-bryut,aristov-anima-millesimato-beloe-bryut_bottom.webp
Golubitskoe Rose,розовое сухое Golubitskoe Rose Поместье Голубицкое,,Розовое сухое,golubitskoe-rose,golubitskoe-rose.webp
Golubitskoe Rose,розовое сухое Golubitskoe Rose Поместье Голубицкое,,Розовое сухое,golubitskoe-rose,golubitskoe-rose_bottom.webp
Солнечная Долина Меганом Кокур белое брют,белое брют Солнечная Долина Меганом Кокур белое брют Солнечная долина,Кокур,Белое брют,solnechnaya-dolina-meganom-kokur-beloe-bryut,solnechnaya-dolina-meganom-kokur-beloe-bryut.webp
Солнечная Долина Меганом Кокур белое брют,белое брют Солнечная Долина Меганом Кокур белое брют Солнечная долина,Кокур,Белое брют,solnechnaya-dolina-meganom-kokur-beloe-bryut,solnechnaya-dolina-meganom-kokur-beloe-bryut_bottom.webp
Массандра Херес,белое сладкое Массандра Херес Массандра,,Белое сладкое,massandra-heres,massandra-heres.webp
Массандра Херес,белое сладкое Массандра Херес Массандра,,Белое сладкое,massandra-heres,massandra-heres_bottom.webp
Chateau Tamagne Grand Dessert Muscat,белое сладкое Chateau Tamagne Grand Dessert Muscat Кубань-Вино,Мускат Белый,Белое сладкое,chateau-tamagne-grand-dessert-muscat,chateau-tamagne-grand-dessert-muscat.webp
Chateau Tamagne Grand Dessert Muscat,белое сладкое Chateau Tamagne Grand Dessert Muscat Кубань-Вино,Мускат Белый,Белое сладкое,chateau-tamagne-grand-dessert-muscat,chateau-tamagne-grand-dessert-muscat_bottom.webp
Цимлянское Рислинг,белое сухое Цимлянское Рислинг Цимлянские вина,Рислинг,Белое сухое,czimlyanskoe-risling,czimlyanskoe-risling.webp
Цимлянское Рислинг,белое сухое Цимлянское Рислинг Цимлянские вина,Рислинг,Белое сухое,czimlyanskoe-risling,czimlyanskoe-risling_bottom.webp
Высокий Берег Цвайгельт,розовое сухое Высокий Берег Цвайгельт Кубань-Вино,Цвайгельт,Розовое сухое,vysokij-bereg-czvajgelt,vysokij-bereg-czvajgelt.webp
Высокий Берег Цвайгельт,розовое сухое Высокий Берег Цвайгельт Кубань-Вино,Цвайгельт,Розовое сухое,vysokij-bereg-czvajgelt,vysokij-bereg-czvajgelt_bottom.webp
Мысхако игристое белое брют,белое брют Мысхако игристое белое брют Мысхако,,Белое брют,myshako-igristoe-beloe-bryut,myshako-igristoe-beloe-bryut.webp
Мысхако игристое белое брют,белое брют Мысхако игристое белое брют Мысхако,,Белое брют,myshako-igristoe-beloe-bryut,myshako-igristoe-beloe-bryut_bottom.webp
Приват,красное сладкое Приват Солнечная долина,,Красное сладкое,privat,privat.webp
Приват,красное сладкое Приват Солнечная долина,,Красное сладкое,privat,privat_bottom.webp
Мысхако Green Cape Шардоне белое брют,белое брют Мысхако Green Cape Шардоне белое брют Мысхако,,Белое брют,myshako-green-cape-shardone-beloe-bryut,myshako-green-cape-shardone-beloe-bryut.webp
Мысхако Green Cape Шардоне белое брют,белое брют Мысхако Green Cape Шардоне белое брют Мысхако,,Белое брют,myshako-green-cape-shardone-beloe-bryut,myshako-green-cape-shardone-beloe-bryut_bottom.webp
Цимлянское белое полусладкое,белое полусладкое Цимлянское белое полусладкое Цимлянские вина,,Белое полусладкое,czimlyanskoe-beloe-polusladkoe,czimlyanskoe-beloe-polusladkoe.webp
Цимлянское белое полусладкое,белое полусладкое Цимлянское белое полусладкое Цимлянские вина,,Белое полусладкое,czimlyanskoe-beloe-polusladkoe,czimlyanskoe-beloe-polusladkoe_bottom.webp
Цимлянское Бианка,белое полусладкое Цимлянское Бианка Цимлянские вина,Бианка,Белое полусладкое,czimlyanskoe-bianka,czimlyanskoe-bianka.webp
Цимлянское Бианка,белое полусладкое Цимлянское Бианка Цимлянские вина,Бианка,Белое полусладкое,czimlyanskoe-bianka,czimlyanskoe-bianka_bottom.webp
Портвейн Крымский,белое сладкое Портвейн Крымский Солнечная долина,,Белое сладкое,portvejn-krymskij,portvejn-krymskij.webp
Портвейн Крымский,белое сладкое Портвейн Крымский Солнечная долина,,Белое сладкое,portvejn-krymskij,portvejn-krymskij_bottom.webp
Валерий Захарьин Кокур и Ко белое полусладкое,белое полусладкое Валерий Захарьин Кокур и Ко белое полусладкое Валерий Захарьин,,Белое полусладкое,valerij-zaharin-kokur-i-ko-beloe-polusladkoe,valerij-zaharin-kokur-i-ko-beloe-polusladkoe.webp
Валерий Захарьин Кокур и Ко белое полусладкое,белое полусладкое Валерий Захарьин Кокур и Ко белое полусладкое Валерий Захарьин,,Белое полусладкое,valerij-zaharin-kokur-i-ko-beloe-polusladkoe,valerij-zaharin-kokur-i-ko-beloe-polusladkoe_bottom.webp
Мысхако игристое белое полусладкое,белое полусладкое Мысхако игристое белое полусладкое Мысхако,,Белое полусладкое,myshako-igristoe-beloe-polusladkoe,myshako-igristoe-beloe-polusladkoe.webp
Мысхако игристое белое полусладкое,белое полусладкое Мысхако игристое белое полусладкое Мысхако,,Белое полусладкое,myshako-igristoe-beloe-polusladkoe,myshako-igristoe-beloe-polusladkoe_bottom.webp
Цимлянское белое брют,белое брют Цимлянское белое брют Цимлянские вина,,Белое брют,czimlyanskoe-beloe-bryut,czimlyanskoe-beloe-bryut.webp
Цимлянское белое брют,белое брют Цимлянское белое брют Цимлянские вина,,Белое брют,czimlyanskoe-beloe-bryut,czimlyanskoe-beloe-bryut_bottom.webp
Абрау Дюрсо Удельное Ведомство Императорское белое брют,белое брют Абрау Дюрсо Удельное Ведомство Императорское белое брют Абрау-Дюрсо,,Белое брют,abrau-dyurso-udelnoe-vedomstvo-imperatorskoe-beloe-bryut,abrau-dyurso-udelnoe-vedomstvo-imperatorskoe-beloe-bryut.webp
Абрау Дюрсо Удельное Ведомство Императорское белое брют,белое брют Абрау Дюрсо Удельное Ведомство Императорское белое брют Абрау-Дюрсо,,Белое брют,abrau-dyurso-udelnoe-vedomstvo-imperatorskoe-beloe-bryut,abrau-dyurso-udelnoe-vedomstvo-imperatorskoe-beloe-bryut_bottom.webp
Абрау Дюрсо Физз белое брют,белое брют Абрау Дюрсо Физз белое брют Абрау-Дюрсо,,Белое брют,abrau-dyurso-fizz-beloe-bryut,abrau-dyurso-fizz-beloe-bryut.webp
Абрау Дюрсо Физз белое брют,белое брют Абрау Дюрсо Физз белое брют Абрау-Дюрсо,,Белое брют,abrau-dyurso-fizz-beloe-bryut,abrau-dyurso-fizz-beloe-bryut_bottom.webp
Абрау Дюрсо Физз белое полусладкое,белое полусладкое Абрау Дюрсо Физз белое полусладкое Абрау-Дюрсо,,Белое полусладкое,abrau-dyurso-fizz-beloe-polusladkoe,abrau-dyurso-fizz-beloe-polusladkoe.webp
Абрау Дюрсо Физз белое полусладкое,белое полусладкое Абрау Дюрсо Физз белое полусладкое Абрау-Дюрсо,,Белое полусладкое,abrau-dyurso-fizz-beloe-polusladkoe,abrau-dyurso-fizz-beloe-polusladkoe_bottom.webp
Фанагория белое полусладкое,белое полусладкое Фанагория белое полусладкое Фанагория,,Белое полусладкое,fanagoriya-beloe-polusladkoe,fanagoriya-beloe-polusladkoe.webp
Фанагория белое полусладкое,белое полусладкое Фанагория белое полусладкое Фанагория,,Белое полусладкое,fanagoriya-beloe-polusladkoe,fanagoriya-beloe-polusladkoe_bottom.webp
Фанагория Она сказала Да! белое брют,белое брют Фанагория Она сказала Да! белое брют Фанагория,,Белое брют,fanagoriya-ona-skazala-da-beloe-bryut,fanagoriya-ona-skazala-da-beloe-bryut.webp
Фанагория Она сказала Да! белое брют,белое брют Фанагория Она сказала Да! белое брют Фанагория,,Белое брют,fanagoriya-ona-skazala-da-beloe-bryut,fanagoriya-ona-skazala-da-beloe-bryut_bottom.webp
Фанагория Она сказала Да! белое полусладкое,белое полусладкое Фанагория Она сказала Да! белое полусладкое Фанагория,,Белое полусладкое,fanagoriya-ona-skazala-da-beloe-polusladkoe,fanagoriya-ona-skazala-da-beloe-polusladkoe.webp
Фанагория Она сказала Да! белое полусладкое,белое полусладкое Фанагория Она сказала Да! белое полусладкое Фанагория,,Белое полусладкое,fanagoriya-ona-skazala-da-beloe-polusladkoe,fanagoriya-ona-skazala-da-beloe-polusladkoe_bottom.webp
ZB Wine Moscato белое полусладкое,белое полусладкое ZB Wine Moscato белое полусладкое Золотая Балка,,Белое полусладкое,zb-wine-moscato-beloe-polusladkoe,zb-wine-moscato-beloe-polusladkoe.webp
ZB Wine Moscato белое полусладкое,белое полусладкое ZB Wine Moscato белое полусладкое Золотая Балка,,Белое полусладкое,zb-wine-moscato-beloe-polusladkoe,zb-wine-moscato-beloe-polusladkoe_bottom.webp
Балаклава Мускат белое полусладкое,белое полусладкое Балаклава Мускат белое полусладкое Золотая Балка,,Белое полусладкое,balaklava-muskat-beloe-polusladkoe,balaklava-muskat-beloe-polusladkoe.webp
Балаклава Мускат белое полусладкое,белое полусладкое Балаклава Мускат белое полусладкое Золотая Балка,,Белое полусладкое,balaklava-muskat-beloe-polusladkoe,balaklava-muskat-beloe-polusladkoe_bottom.webp
Monte Garu белое брют,белое брют Monte Garu белое брют Дербент Вино,,Белое брют,monte-garu-beloe-bryut,monte-garu-beloe-bryut.webp
Monte Garu белое брют,белое брют Monte Garu белое брют Дербент Вино,,Белое брют,monte-garu-beloe-bryut,monte-garu-beloe-bryut_bottom.webp
Monte Garu белое полусладкое,белое полусладкое Monte Garu белое полусладкое Дербент Вино,,Белое полусладкое,monte-garu-beloe-polusladkoe,monte-garu-beloe-polusladkoe.webp
Monte Garu белое полусладкое,белое полусладкое Monte Garu белое полусладкое Дербент Вино,,Белое полусладкое,monte-garu-beloe-polusladkoe,monte-garu-beloe-polusladkoe_bottom.webp
Валерий Захарьин Кокур и Ко белое брют,белое брют Валерий Захарьин Кокур и Ко белое брют Валерий Захарьин,,Белое брют,valerij-zaharin-kokur-i-ko-beloe-bryut,valerij-zaharin-kokur-i-ko-beloe-bryut.webp
Валерий Захарьин Кокур и Ко белое брют,белое брют Валерий Захарьин Кокур и Ко белое брют Валерий Захарьин,,Белое брют,valerij-zaharin-kokur-i-ko-beloe-bryut,valerij-zaharin-kokur-i-ko-beloe-bryut_bottom.webp
Лебедушка,белое полусладкое Лебедушка Le K2,Шардоне,Белое полусладкое,lebedushka,lebedushka.webp
Лебедушка,белое полусладкое Лебедушка Le K2,Шардоне,Белое полусладкое,lebedushka,lebedushka_bottom.webp
Chateau Tamagne Select Blanc Brut,белое брют Chateau Tamagne Select Blanc Brut Кубань-Вино,,Белое брют,chateau-tamagne-select-blanc-brut,chateau-tamagne-select-blanc-brut.webp
Chateau Tamagne Select Blanc Brut,белое брют Chateau Tamagne Select Blanc Brut Кубань-Вино,,Белое брют,chateau-tamagne-select-blanc-brut,chateau-tamagne-select-blanc-brut_bottom.webp
"Chateau Tamagne Select Blanc 0,2 СВОЁ ВИНО","белое сухое Chateau Tamagne Select Blanc 0,2 СВОЁ ВИНО Кубань-Вино",,Белое сухое,chateau-tamagne-select-blanc,chateau-tamagne-select-blanc.webp
"Chateau Tamagne Select Blanc 0,2 СВОЁ ВИНО","белое сухое Chateau Tamagne Select Blanc 0,2 СВОЁ ВИНО Кубань-Вино",,Белое сухое,chateau-tamagne-select-blanc,chateau-tamagne-select-blanc_bottom.webp
Uva Vallis Совиньон Блан,белое сухое Uva Vallis Совиньон Блан Uva Vallis,Совиньон Блан,Белое сухое,uva-vallis-sovinon-blan,uva-vallis-sovinon-blan.webp
Uva Vallis Совиньон Блан,белое сухое Uva Vallis Совиньон Блан Uva Vallis,Совиньон Блан,Белое сухое,uva-vallis-sovinon-blan,uva-vallis-sovinon-blan_bottom.webp
Uva Vallis Рислинг,красное сухое Uva Vallis Рислинг Uva Vallis,Рислинг,Красное сухое,uva-vallis-risling,uva-vallis-risling.webp
Uva Vallis Рислинг,красное сухое Uva Vallis Рислинг Uva Vallis,Рислинг,Красное сухое,uva-vallis-risling,uva-vallis-risling_bottom.webp
Uva Vallis Сира,красное сухое Uva Vallis Сира Uva Vallis,Сира,Красное сухое,uva-vallis-sira,uva-vallis-sira.webp
Uva Vallis Сира,красное сухое Uva Vallis Сира Uva Vallis,Сира,Красное сухое,uva-vallis-sira,uva-vallis-sira_bottom.webp
Uva Vallis Шардоне,белое сухое Uva Vallis Шардоне Uva Vallis,Шардоне,Белое сухое,uva-vallis-shardone,uva-vallis-shardone.webp
Uva Vallis Шардоне,белое сухое Uva Vallis Шардоне Uva Vallis,Шардоне,Белое сухое,uva-vallis-shardone,uva-vallis-shardone_bottom.webp
Абрау-Дюрсо Victor Dravigny брют,белое брют Абрау-Дюрсо Victor Dravigny брют Абрау-Дюрсо,,Белое брют,abrau-dyurso-victor-dravigny-bryut,abrau-dyurso-victor-dravigny-bryut.webp
Абрау-Дюрсо Victor Dravigny брют,белое брют Абрау-Дюрсо Victor Dravigny брют Абрау-Дюрсо,,Белое брют,abrau-dyurso-victor-dravigny-bryut,abrau-dyurso-victor-dravigny-bryut_bottom.webp
Абрау Дюрсо Удельное Ведомство Императорское белое полусладкое,белое полусладкое Абрау Дюрсо Удельное Ведомство Императорское белое полусладкое Абрау-Дюрсо,,Белое полусладкое,abrau-dyurso-udelnoe-vedomstvo-imperatorskoe-beloe-polusladkoe,abrau-dyurso-udelnoe-vedomstvo-imperatorskoe-beloe-polusladkoe.webp
Абрау Дюрсо Удельное Ведомство Императорское белое полусладкое,белое полусладкое Абрау Дюрсо Удельное Ведомство Императорское белое полусладкое Абрау-Дюрсо,,Белое полусладкое,abrau-dyurso-udelnoe-vedomstvo-imperatorskoe-beloe-polusladkoe,abrau-dyurso-udelnoe-vedomstvo-imperatorskoe-beloe-polusladkoe_bottom.webp
Эндемы Саперави,розовое брют Эндемы Саперави Дербент Вино,Саперави,Розовое брют,endemy-saperavi,endemy-saperavi.webp
Эндемы Саперави,розовое брют Эндемы Саперави Дербент Вино,Саперави,Розовое брют,endemy-saperavi,endemy-saperavi_bottom.webp
Ди Каспико (Di Caspico Fiori di Mare Verde),белое сухое Ди Каспико (Di Caspico Fiori di Mare Verde) Дербент Вино,,Белое сухое,di-kaspiko-di-caspico-fiori-di-mare-verde,di-kaspiko-di-caspico-fiori-di-mare-verde.webp
Ди Каспико (Di Caspico Fiori di Mare Verde),белое сухое Ди Каспико (Di Caspico Fiori di Mare Verde) Дербент Вино,,Белое сухое,di-kaspiko-di-caspico-fiori-di-mare-verde,di-kaspiko-di-caspico-fiori-di-mare-verde_bottom.webp
"Поздний сбор, Красное","красное сладкое Поздний сбор, Красное Литавщук. Litavshchuk vineyards & winery",,Красное сладкое,pozdnij-sbor-krasnoe,pozdnij-sbor-krasnoe.webp
"Поздний сбор, Красное","красное сладкое Поздний сбор, Красное Литавщук. Litavshchuk vineyards & winery",,Красное сладкое,pozdnij-sbor-krasnoe,pozdnij-sbor-krasnoe_bottom.webp
Розе. Премиум,розовое сухое Розе. Премиум Литавщук. Litavshchuk vineyards & winery,Каберне Совиньон,Розовое сухое,roze-premium,roze-premium.webp
Розе. Премиум,розовое сухое Розе. Премиум Литавщук. Litavshchuk vineyards & winery,Каберне Совиньон,Розовое сухое,roze-premium,roze-premium_bottom.webp
Шардоне. Премиум,белое сухое Шардоне. Премиум Литавщук. Litavshchuk vineyards & winery,Шардоне,Белое сухое,shardone-premium,shardone-premium.webp
Шардоне. Премиум,белое сухое Шардоне. Премиум Литавщук. Litavshchuk vineyards & winery,Шардоне,Белое сухое,shardone-premium,shardone-premium_bottom.webp
Пино Нуар. Премиум,красное сухое Пино Нуар. Премиум Литавщук. Litavshchuk vineyards & winery,Пино черный,Красное сухое,pino-nuar-premium,pino-nuar-premium.webp
Пино Нуар. Премиум,красное сухое Пино Нуар. Премиум Литавщук. Litavshchuk vineyards & winery,Пино черный,Красное сухое,pino-nuar-premium,pino-nuar-premium_bottom.webp
Рубин. Премиум,красное сухое Рубин. Премиум Литавщук. Litavshchuk vineyards & winery,Рубин Голодриги,Красное сухое,rubin-premium,rubin-premium.webp
Рубин. Премиум,красное сухое Рубин. Премиум Литавщук. Litavshchuk vineyards & winery,Рубин Голодриги,Красное сухое,rubin-premium,rubin-premium_bottom.webp
Саперави. Премиум,красное полусухое Саперави. Премиум Литавщук. Litavshchuk vineyards & winery,Саперави,Красное полусухое,saperavi-premium,saperavi-premium.webp
Саперави. Премиум,красное полусухое Саперави. Премиум Литавщук. Litavshchuk vineyards & winery,Саперави,Красное полусухое,saperavi-premium,saperavi-premium_bottom.webp
Винтаж. Премиум,красное сладкое Винтаж. Премиум Литавщук. Litavshchuk vineyards & winery,,Красное сладкое,vintazh-premium,vintazh-premium.webp
Винтаж. Премиум,красное сладкое Винтаж. Премиум Литавщук. Litavshchuk vineyards & winery,,Красное сладкое,vintazh-premium,vintazh-premium_bottom.webp
Мускат Премиум,белое полусухое Мускат Премиум Литавщук. Litavshchuk vineyards & winery,Мускат Белый,Белое полусухое,muskat-premium,muskat-premium.webp
Мускат Премиум,белое полусухое Мускат Премиум Литавщук. Litavshchuk vineyards & winery,Мускат Белый,Белое полусухое,muskat-premium,muskat-premium_bottom.webp
Поздний сбор  Белое,белое сладкое Поздний сбор  Белое Литавщук. Litavshchuk vineyards & winery,,Белое сладкое,pozdnij-sbor-beloe,pozdnij-sbor-beloe.webp
Поздний сбор  Белое,белое сладкое Поздний сбор  Белое Литавщук. Litavshchuk vineyards & winery,,Белое сладкое,pozdnij-sbor-beloe,pozdnij-sbor-beloe_bottom.webp
Riesling Два Петра 2022,белое сухое Riesling Два Петра 2022 Два Петра,Рислинг,Белое сухое,riesling-dva-petra-2022,riesling-dva-petra-2022.webp
Riesling Два Петра 2022,белое сухое Riesling Два Петра 2022 Два Петра,Рислинг,Белое сухое,riesling-dva-petra-2022,riesling-dva-petra-2022_bottom.webp
Рубин Голодриги,красное сухое Рубин Голодриги  Табия,Рубин Голодриги,Красное сухое,rubin-golodrigi,rubin-golodrigi.webp
Рубин Голодриги,красное сухое Рубин Голодриги  Табия,Рубин Голодриги,Красное сухое,rubin-golodrigi,rubin-golodrigi_bottom.webp
Каберне Совиньон,красное сухое Каберне Совиньон Табия,Каберне Совиньон,Красное сухое,kaberne-sovinon-2,kaberne-sovinon-2.webp
Каберне Совиньон,красное сухое Каберне Совиньон Табия,Каберне Совиньон,Красное сухое,kaberne-sovinon-2,kaberne-sovinon-2_bottom.webp
Розовое золото,розовое полусухое Розовое золото Табия,Каберне Совиньон,Розовое полусухое,rozovoe-zoloto,rozovoe-zoloto.webp
Розовое золото,розовое полусухое Розовое золото Табия,Каберне Совиньон,Розовое полусухое,rozovoe-zoloto,rozovoe-zoloto_bottom.webp
Розе,розовое сухое Розе Табия,Каберне Совиньон,Розовое сухое,roze-2,roze-2.webp
Розе,розовое сухое Розе Табия,Каберне Совиньон,Розовое сухое,roze-2,roze-2_bottom.webp
Победа,красное сухое Победа Табия,,Красное сухое,pobeda,pobeda.webp
Победа,красное сухое Победа Табия,,Красное сухое,pobeda,pobeda_bottom.webp
Олег,белое сухое Олег Табия,Олег,Белое сухое,oleg,oleg.webp
Олег,белое сухое Олег Табия,Олег,Белое сухое,oleg,oleg_bottom.webp
Буковинка,белое полусухое Буковинка Табия,Буковинка,Белое полусухое,bukovinka,bukovinka.webp
Буковинка,белое полусухое Буковинка Табия,Буковинка,Белое полусухое,bukovinka,bukovinka_bottom.webp
Рислинг,белое полусухое Рислинг Табия,Рислинг Рейнский,Белое полусухое,risling-1,risling-1.webp
Рислинг,белое полусухое Рислинг Табия,Рислинг Рейнский,Белое полусухое,risling-1,risling-1_bottom.webp
Цитрон,белое сухое Цитрон Табия,Цитронный Магарача,Белое сухое,czitronnyj-magaracha,czitronnyj-magaracha.webp
Цитрон,белое сухое Цитрон Табия,Цитронный Магарача,Белое сухое,czitronnyj-magaracha,czitronnyj-magaracha_bottom.webp
ЛОРИО. Совиньон Блан 2025,белое сухое ЛОРИО. Совиньон Блан 2025 ЛОРИО -  семейная винодельня Логуновых,Совиньон Блан,Белое сухое,lorio-sovinon-blan-2025,lorio-sovinon-blan-2025.webp
ЛОРИО. Совиньон Блан 2025,белое сухое ЛОРИО. Совиньон Блан 2025 ЛОРИО -  семейная винодельня Логуновых,Совиньон Блан,Белое сухое,lorio-sovinon-blan-2025,lorio-sovinon-blan-2025_bottom.webp
ЛОРИО. Розовое,розовое сухое ЛОРИО. Розовое ЛОРИО -  семейная винодельня Логуновых,,Розовое сухое,lorio-rozovoe,lorio-rozovoe.webp
ЛОРИО. Розовое,розовое сухое ЛОРИО. Розовое ЛОРИО -  семейная винодельня Логуновых,,Розовое сухое,lorio-rozovoe,lorio-rozovoe_bottom.webp
ЛОРИО. Пино Нуар,красное сухое ЛОРИО. Пино Нуар ЛОРИО -  семейная винодельня Логуновых,Пино Нуар,Красное сухое,lorio-pino-nuar,lorio-pino-nuar.webp
ЛОРИО. Пино Нуар,красное сухое ЛОРИО. Пино Нуар ЛОРИО -  семейная винодельня Логуновых,Пино Нуар,Красное сухое,lorio-pino-nuar,lorio-pino-nuar_bottom.webp
Гранд Кюве,белое экстра брют Гранд Кюве Скалистый берег,,Белое экстра брют,grand-kyuve,grand-kyuve.webp
Гранд Кюве,белое экстра брют Гранд Кюве Скалистый берег,,Белое экстра брют,grand-kyuve,grand-kyuve_bottom.webp
Блан де Блан,белое экстра брют Блан де Блан Скалистый берег,Шардоне,Белое экстра брют,blan-de-blan,blan-de-blan.webp
Блан де Блан,белое экстра брют Блан де Блан Скалистый берег,Шардоне,Белое экстра брют,blan-de-blan,blan-de-blan_bottom.webp
Locantita Море,красное сухое Locantita Море Скалистый берег,,Красное сухое,locantita-more,locantita-more.webp
Locantita Море,красное сухое Locantita Море Скалистый берег,,Красное сухое,locantita-more,locantita-more_bottom.webp
Magnatum Cuvee M Blanc de Blancs,белое брют Magnatum Cuvee M Blanc de Blancs Mantra Estate,Шардоне,Белое брют,magnatum-cuvee-m-blanc-de-blancs,magnatum-cuvee-m-blanc-de-blancs.webp
Magnatum Cuvee M Blanc de Blancs,белое брют Magnatum Cuvee M Blanc de Blancs Mantra Estate,Шардоне,Белое брют,magnatum-cuvee-m-blanc-de-blancs,magnatum-cuvee-m-blanc-de-blancs_bottom.webp
Magnatum Rose,розовое экстра брют Magnatum Rose Mantra Estate,,Розовое экстра брют,magnatum-rose,magnatum-rose.webp
Magnatum Rose,розовое экстра брют Magnatum Rose Mantra Estate,,Розовое экстра брют,magnatum-rose,magnatum-rose_bottom.webp
Magnatum Blanc de Blancs,белое брют Magnatum Blanc de Blancs Mantra Estate,Шардоне,Белое брют,magnatum-blanc-de-blancs,magnatum-blanc-de-blancs.webp
Magnatum Blanc de Blancs,белое брют Magnatum Blanc de Blancs Mantra Estate,Шардоне,Белое брют,magnatum-blanc-de-blancs,magnatum-blanc-de-blancs_bottom.webp
Mantra Blanc de Blancs,белое брют Mantra Blanc de Blancs Mantra Estate,Шардоне,Белое брют,mantra-blanc-de-blancs,mantra-blanc-de-blancs.webp
Mantra Blanc de Blancs,белое брют Mantra Blanc de Blancs Mantra Estate,Шардоне,Белое брют,mantra-blanc-de-blancs,mantra-blanc-de-blancs_bottom.webp
Сира,красное сухое Сира Mantra Estate,Сира,Красное сухое,sira,sira.webp
Сира,красное сухое Сира Mantra Estate,Сира,Красное сухое,sira,sira_bottom.webp
Мерло,красное сухое Мерло Mantra Estate,Мерло,Красное сухое,merlo-1,merlo-1.webp
Мерло,красное сухое Мерло Mantra Estate,Мерло,Красное сухое,merlo-1,merlo-1_bottom.webp
Каберне Фран,красное сухое Каберне Фран Mantra Estate,Каберне Фран,Красное сухое,kaberne-fran,kaberne-fran.webp
Каберне Фран,красное сухое Каберне Фран Mantra Estate,Каберне Фран,Красное сухое,kaberne-fran,kaberne-fran_bottom.webp
Nebbiolo,красное сухое Nebbiolo Галицкий и Галицкий,Неббиоло,Красное сухое,nebbiolo,nebbiolo.webp
Nebbiolo,красное сухое Nebbiolo Галицкий и Галицкий,Неббиоло,Красное сухое,nebbiolo,nebbiolo_bottom.webp
Каберне Совиньон Appassimento,красное сухое Каберне Совиньон Appassimento Галицкий и Галицкий,Каберне Совиньон,Красное сухое,kaberne-sovinon-appasimento,kaberne-sovinon-appasimento.webp
Каберне Совиньон Appassimento,красное сухое Каберне Совиньон Appassimento Галицкий и Галицкий,Каберне Совиньон,Красное сухое,kaberne-sovinon-appasimento,kaberne-sovinon-appasimento_bottom.webp
Petrouchka,белое сухое Petrouchka Галицкий и Галицкий,Совиньон Блан,Белое сухое,petrouchka,petrouchka.webp
Petrouchka,белое сухое Petrouchka Галицкий и Галицкий,Совиньон Блан,Белое сухое,petrouchka,petrouchka_bottom.webp
Le General Hiver,белое сладкое Le General Hiver Галицкий и Галицкий,Рислинг,Белое сладкое,le-general-hiver,le-general-hiver.webp
Le General Hiver,белое сладкое Le General Hiver Галицкий и Галицкий,Рислинг,Белое сладкое,le-general-hiver,le-general-hiver_bottom.webp
Красностоп Золотовский,красное сухое Красностоп Золотовский Галицкий и Галицкий,Красностоп Золотовский,Красное сухое,krasnostop-zolotovskij,krasnostop-zolotovskij.webp
Красностоп Золотовский,красное сухое Красностоп Золотовский Галицкий и Галицкий,Красностоп Золотовский,Красное сухое,krasnostop-zolotovskij,krasnostop-zolotovskij_bottom.webp
Рислинг,белое сухое Рислинг Галицкий и Галицкий,Рислинг,Белое сухое,risling,risling.webp
Рислинг,белое сухое Рислинг Галицкий и Галицкий,Рислинг,Белое сухое,risling,risling_bottom.webp
Пино Нуар Джавага,красное сухое Пино Нуар Джавага Галицкий и Галицкий,Пино Нуар,Красное сухое,pino-nuar-dzhavaga,pino-nuar-dzhavaga.webp
Пино Нуар Джавага,красное сухое Пино Нуар Джавага Галицкий и Галицкий,Пино Нуар,Красное сухое,pino-nuar-dzhavaga,pino-nuar-dzhavaga_bottom.webp
Пино Нуар,красное сухое Пино Нуар Галицкий и Галицкий,Пино Нуар,Красное сухое,pino-nuar,pino-nuar.webp
Пино Нуар,красное сухое Пино Нуар Галицкий и Галицкий,Пино Нуар,Красное сухое,pino-nuar,pino-nuar_bottom.webp
Каберне Совиньон,красное сухое Каберне Совиньон Галицкий и Галицкий,Каберне Совиньон,Красное сухое,kaberne-sovinon-1,kaberne-sovinon-1.webp
Каберне Совиньон,красное сухое Каберне Совиньон Галицкий и Галицкий,Каберне Совиньон,Красное сухое,kaberne-sovinon-1,kaberne-sovinon-1_bottom.webp
Мерло,красное сухое Мерло Галицкий и Галицкий,Мерло,Красное сухое,merlo,merlo.webp
Мерло,красное сухое Мерло Галицкий и Галицкий,Мерло,Красное сухое,merlo,merlo_bottom.webp
Розе,розовое сухое Розе Галицкий и Галицкий,,Розовое сухое,roze-1,roze-1.webp
Розе,розовое сухое Розе Галицкий и Галицкий,,Розовое сухое,roze-1,roze-1_bottom.webp
Шардоне Акация,белое сухое Шардоне Акация Галицкий и Галицкий,Шардоне,Белое сухое,shardone-akacziya,shardone-akacziya.webp
Шардоне Акация,белое сухое Шардоне Акация Галицкий и Галицкий,Шардоне,Белое сухое,shardone-akacziya,shardone-akacziya_bottom.webp
Ballet Blanc,белое сухое Ballet Blanc Галицкий и Галицкий,,Белое сухое,ballet-blanc,ballet-blanc.webp
Ballet Blanc,белое сухое Ballet Blanc Галицкий и Галицкий,,Белое сухое,ballet-blanc,ballet-blanc_bottom.webp
Шардоне,белое сухое Шардоне Галицкий и Галицкий,Шардоне,Белое сухое,shardone-2,shardone-2.webp
Шардоне,белое сухое Шардоне Галицкий и Галицкий,Шардоне,Белое сухое,shardone-2,shardone-2_bottom.webp
Совиньон Блан,белое сухое Совиньон Блан Галицкий и Галицкий,Совиньон Блан,Белое сухое,sovinon-blan-krasnaya-gorka,sovinon-blan-krasnaya-gorka.webp
Совиньон Блан,белое сухое Совиньон Блан Галицкий и Галицкий,Совиньон Блан,Белое сухое,sovinon-blan-krasnaya-gorka,sovinon-blan-krasnaya-gorka_bottom.webp
Grand Jete Rose,розовое экстра брют Grand Jete Rose Галицкий и Галицкий,,Розовое экстра брют,grand-jete-rose,grand-jete-rose.webp
Grand Jete Rose,розовое экстра брют Grand Jete Rose Галицкий и Галицкий,,Розовое экстра брют,grand-jete-rose,grand-jete-rose_bottom.webp
Cosaque,красное сухое Cosaque Галицкий и Галицкий,,Красное сухое,cosaque-krasnaya-gorka,cosaque-krasnaya-gorka.webp
Cosaque,красное сухое Cosaque Галицкий и Галицкий,,Красное сухое,cosaque-krasnaya-gorka,cosaque-krasnaya-gorka_bottom.webp
Grand Jete Cuvee,белое брют Grand Jete Cuvee Галицкий и Галицкий,,Белое брют,grand-jete-cuvee,grand-jete-cuvee.webp
Grand Jete Cuvee,белое брют Grand Jete Cuvee Галицкий и Галицкий,,Белое брют,grand-jete-cuvee,grand-jete-cuvee_bottom.webp
Grand Jete Blanc de Noirs,белое экстра брют Grand Jete Blanc de Noirs Галицкий и Галицкий,Пино Нуар,Белое экстра брют,grand-jete-blanc-de-noirs,grand-jete-blanc-de-noirs.webp
Grand Jete Blanc de Noirs,белое экстра брют Grand Jete Blanc de Noirs Галицкий и Галицкий,Пино Нуар,Белое экстра брют,grand-jete-blanc-de-noirs,grand-jete-blanc-de-noirs_bottom.webp
Grand Jete Blanc de Blancs,белое экстра брют Grand Jete Blanc de Blancs Галицкий и Галицкий,Шардоне,Белое экстра брют,grand-jete-blanc-de-blancs,grand-jete-blanc-de-blancs.webp
Grand Jete Blanc de Blancs,белое экстра брют Grand Jete Blanc de Blancs Галицкий и Галицкий,Шардоне,Белое экстра брют,grand-jete-blanc-de-blancs,grand-jete-blanc-de-blancs_bottom.webp
АРАТТИ Времена Года Саперави выдержанный Зима,красное сухое АРАТТИ Времена Года Саперави выдержанный Зима АРАТТИ,Саперави,Красное сухое,aratti-vremena-goda-saperavi-vyderzhannyj-zima,aratti-vremena-goda-saperavi-vyderzhannyj-zima.webp
АРАТТИ Времена Года Саперави выдержанный Зима,красное сухое АРАТТИ Времена Года Саперави выдержанный Зима АРАТТИ,Саперави,Красное сухое,aratti-vremena-goda-saperavi-vyderzhannyj-zima,aratti-vremena-goda-saperavi-vyderzhannyj-zima_bottom.webp
"Жемчужная 9 Пино Нуар, Мускат розовый","розовое полусухое Жемчужная 9 Пино Нуар, Мускат розовый АРАТТИ",,Розовое полусухое,zhemchuzhnaya-9-pino-nuar-muskat-rozovyj-1,zhemchuzhnaya-9-pino-nuar-muskat-rozovyj-1.webp
"Жемчужная 9 Пино Нуар, Мускат розовый","розовое полусухое Жемчужная 9 Пино Нуар, Мускат розовый АРАТТИ",,Розовое полусухое,zhemchuzhnaya-9-pino-nuar-muskat-rozovyj-1,zhemchuzhnaya-9-pino-nuar-muskat-rozovyj-1_bottom.webp
"Жемчужная 9 Цитрон, Совиньон блан","белое полусухое Жемчужная 9 Цитрон, Совиньон блан АРАТТИ",,Белое полусухое,czitronnyj-magaracha-sovinon-blan,czitronnyj-magaracha-sovinon-blan.webp
"Жемчужная 9 Цитрон, Совиньон блан","белое полусухое Жемчужная 9 Цитрон, Совиньон блан АРАТТИ",,Белое полусухое,czitronnyj-magaracha-sovinon-blan,czitronnyj-magaracha-sovinon-blan_bottom.webp
"Жемчужная 9 Рислинг,Совиньон блан","белое полусухое Жемчужная 9 Рислинг,Совиньон блан АРАТТИ",,Белое полусухое,zhemchuzhnaya-9-risling-sovinon-blan,zhemchuzhnaya-9-risling-sovinon-blan.webp
"Жемчужная 9 Рислинг,Совиньон блан","белое полусухое Жемчужная 9 Рислинг,Совиньон блан АРАТТИ",,Белое полусухое,zhemchuzhnaya-9-risling-sovinon-blan,zhemchuzhnaya-9-risling-sovinon-blan_bottom.webp
"Жемчужная 9 Каберне Совиньон, Пино Нуар","розовое полусладкое Жемчужная 9 Каберне Совиньон, Пино Нуар АРАТТИ",,Розовое полусладкое,zhemchuzhnaya-9-kaberne-sovinon-pino-nuar-1,zhemchuzhnaya-9-kaberne-sovinon-pino-nuar-1.webp
"Жемчужная 9 Каберне Совиньон, Пино Нуар","розовое полусладкое Жемчужная 9 Каберне Совиньон, Пино Нуар АРАТТИ",,Розовое полусладкое,zhemchuzhnaya-9-kaberne-sovinon-pino-nuar-1,zhemchuzhnaya-9-kaberne-sovinon-pino-nuar-1_bottom.webp
"Жемчужная 9 Пино нуар, Мускат Розовый","розовое полусладкое Жемчужная 9 Пино нуар, Мускат Розовый АРАТТИ",,Розовое полусладкое,zhemchuzhnaya-9-pino-nuar-muskat-rozovyj-2,zhemchuzhnaya-9-pino-nuar-muskat-rozovyj-2.webp
"Жемчужная 9 Пино нуар, Мускат Розовый","розовое полусладкое Жемчужная 9 Пино нуар, Мускат Розовый АРАТТИ",,Розовое полусладкое,zhemchuzhnaya-9-pino-nuar-muskat-rozovyj-2,zhemchuzhnaya-9-pino-nuar-muskat-rozovyj-2_bottom.webp
"Жемчужная 9 Цитрон, Шардоне","белое полусладкое Жемчужная 9 Цитрон, Шардоне АРАТТИ",,Белое полусладкое,zhemchuzhnaya-9-czitron-shardone-1,zhemchuzhnaya-9-czitron-shardone-1.webp
"Жемчужная 9 Цитрон, Шардоне","белое полусладкое Жемчужная 9 Цитрон, Шардоне АРАТТИ",,Белое полусладкое,zhemchuzhnaya-9-czitron-shardone-1,zhemchuzhnaya-9-czitron-shardone-1_bottom.webp
АРАТТИ Времена Года Саперави Лето,красное сухое АРАТТИ Времена Года Саперави Лето АРАТТИ,Саперави,Красное сухое,aratti-vremena-goda-saperavi-leto,aratti-vremena-goda-saperavi-leto.webp
АРАТТИ Времена Года Саперави Лето,красное сухое АРАТТИ Времена Года Саперави Лето АРАТТИ,Саперави,Красное сухое,aratti-vremena-goda-saperavi-leto,aratti-vremena-goda-saperavi-leto_bottom.webp
"АРАТТИ Времена Года Саперави, Мерло Весна","красное сухое АРАТТИ Времена Года Саперави, Мерло Весна АРАТТИ",,Красное сухое,aratti-vremena-goda-saperavi-merlo-vesna,aratti-vremena-goda-saperavi-merlo-vesna.webp
"АРАТТИ Времена Года Саперави, Мерло Весна","красное сухое АРАТТИ Времена Года Саперави, Мерло Весна АРАТТИ",,Красное сухое,aratti-vremena-goda-saperavi-merlo-vesna,aratti-vremena-goda-saperavi-merlo-vesna_bottom.webp
"Жемчужная 9 Мускат Розовый, Пино гри","розовое сухое Жемчужная 9 Мускат Розовый, Пино гри АРАТТИ",,Розовое сухое,zhemchuzhnaya-9-muskat-rozovyj-pino-gri,zhemchuzhnaya-9-muskat-rozovyj-pino-gri.webp
"Жемчужная 9 Мускат Розовый, Пино гри","розовое сухое Жемчужная 9 Мускат Розовый, Пино гри АРАТТИ",,Розовое сухое,zhemchuzhnaya-9-muskat-rozovyj-pino-gri,zhemchuzhnaya-9-muskat-rozovyj-pino-gri_bottom.webp
АРАТТИ Рислинг сухое,белое сухое АРАТТИ Рислинг сухое АРАТТИ,Рислинг Рейнский,Белое сухое,aratti-risling-suhoe,aratti-risling-suhoe.webp
АРАТТИ Рислинг сухое,белое сухое АРАТТИ Рислинг сухое АРАТТИ,Рислинг Рейнский,Белое сухое,aratti-risling-suhoe,aratti-risling-suhoe_bottom.webp
АРАТТИ Мускат белый сухое,белое сухое АРАТТИ Мускат белый сухое АРАТТИ,Мускат Белый,Белое сухое,aratti-muskat-belyj-suhoe,aratti-muskat-belyj-suhoe.webp
АРАТТИ Мускат белый сухое,белое сухое АРАТТИ Мускат белый сухое АРАТТИ,Мускат Белый,Белое сухое,aratti-muskat-belyj-suhoe,aratti-muskat-belyj-suhoe_bottom.webp
АРАТТИ Шардоне белое сухое,белое сухое АРАТТИ Шардоне белое сухое АРАТТИ,Шардоне,Белое сухое,aratti-shardone-beloe-suhoe,aratti-shardone-beloe-suhoe.webp
АРАТТИ Шардоне белое сухое,белое сухое АРАТТИ Шардоне белое сухое АРАТТИ,Шардоне,Белое сухое,aratti-shardone-beloe-suhoe,aratti-shardone-beloe-suhoe_bottom.webp
АРАТТИ Каберне Совиньон 2021 красное сухое,красное сухое АРАТТИ Каберне Совиньон 2021 красное сухое АРАТТИ,Каберне Совиньон,Красное сухое,aratti-kaberne-sovinon-2021-krasnoe-suhoe,aratti-kaberne-sovinon-2021-krasnoe-suhoe.webp
АРАТТИ Каберне Совиньон 2021 красное сухое,красное сухое АРАТТИ Каберне Совиньон 2021 красное сухое АРАТТИ,Каберне Совиньон,Красное сухое,aratti-kaberne-sovinon-2021-krasnoe-suhoe,aratti-kaberne-sovinon-2021-krasnoe-suhoe_bottom.webp
АРАТТИ Каберне Совиньон 2020 красное сухое,красное сухое АРАТТИ Каберне Совиньон 2020 красное сухое АРАТТИ,Каберне Совиньон,Красное сухое,aratti-kaberne-sovinon-2020-krasnoe-suhoe,aratti-kaberne-sovinon-2020-krasnoe-suhoe.webp
АРАТТИ Каберне Совиньон 2020 красное сухое,красное сухое АРАТТИ Каберне Совиньон 2020 красное сухое АРАТТИ,Каберне Совиньон,Красное сухое,aratti-kaberne-sovinon-2020-krasnoe-suhoe,aratti-kaberne-sovinon-2020-krasnoe-suhoe_bottom.webp
АРАТТИ Каберне по-белому,красное сухое АРАТТИ Каберне по-белому АРАТТИ,Каберне Совиньон,Красное сухое,aratti-kaberne-po-belomu,aratti-kaberne-po-belomu.webp
АРАТТИ Каберне по-белому,красное сухое АРАТТИ Каберне по-белому АРАТТИ,Каберне Совиньон,Красное сухое,aratti-kaberne-po-belomu,aratti-kaberne-po-belomu_bottom.webp
АРАТТИ Рислинг белое полусухое,белое сухое АРАТТИ Рислинг белое полусухое АРАТТИ,Рислинг Рейнский,Белое сухое,aratti-risling-beloe-polusuhoe,aratti-risling-beloe-polusuhoe.webp
АРАТТИ Рислинг белое полусухое,белое сухое АРАТТИ Рислинг белое полусухое АРАТТИ,Рислинг Рейнский,Белое сухое,aratti-risling-beloe-polusuhoe,aratti-risling-beloe-polusuhoe_bottom.webp
АРАТТИ Совиньон блан белое полусухое,белое полусухое АРАТТИ Совиньон блан белое полусухое АРАТТИ,Совиньон Блан,Белое полусухое,aratti-sovinon-blan-beloe-polusuhoe,aratti-sovinon-blan-beloe-polusuhoe.webp
АРАТТИ Совиньон блан белое полусухое,белое полусухое АРАТТИ Совиньон блан белое полусухое АРАТТИ,Совиньон Блан,Белое полусухое,aratti-sovinon-blan-beloe-polusuhoe,aratti-sovinon-blan-beloe-polusuhoe_bottom.webp
АРАТТИ Мускат белый полусухое,белое полусухое АРАТТИ Мускат белый полусухое АРАТТИ,Мускат Белый,Белое полусухое,aratti-muskat-belyj-polusuhoe,aratti-muskat-belyj-polusuhoe.webp
АРАТТИ Мускат белый полусухое,белое полусухое АРАТТИ Мускат белый полусухое АРАТТИ,Мускат Белый,Белое полусухое,aratti-muskat-belyj-polusuhoe,aratti-muskat-belyj-polusuhoe_bottom.webp
Белая Львица белое полусладкое,белое полусладкое Белая Львица белое полусладкое АРАТТИ,,Белое полусладкое,belaya-lvicza,belaya-lvicza.webp
Белая Львица белое полусладкое,белое полусладкое Белая Львица белое полусладкое АРАТТИ,,Белое полусладкое,belaya-lvicza,belaya-lvicza_bottom.webp
Розовая Пантера полусладкое розовое,розовое полусладкое Розовая Пантера полусладкое розовое АРАТТИ,,Розовое полусладкое,rozovaya-pantera,rozovaya-pantera.webp
Розовая Пантера полусладкое розовое,розовое полусладкое Розовая Пантера полусладкое розовое АРАТТИ,,Розовое полусладкое,rozovaya-pantera,rozovaya-pantera_bottom.webp
Черная Львица полусладкое красное,красное полусладкое Черная Львица полусладкое красное АРАТТИ,Каберне Совиньон,Красное полусладкое,chernaya-lvicza-polusladkoe-krasnoe,chernaya-lvicza-polusladkoe-krasnoe.webp
Черная Львица полусладкое красное,красное полусладкое Черная Львица полусладкое красное АРАТТИ,Каберне Совиньон,Красное полусладкое,chernaya-lvicza-polusladkoe-krasnoe,chernaya-lvicza-polusladkoe-krasnoe_bottom.webp
АРАТТИ Каберне по-белому,розовое полусухое АРАТТИ Каберне по-белому АРАТТИ,Каберне Совиньон,Розовое полусухое,aratti-kaberne-po-belomu-1,aratti-kaberne-po-belomu-1.webp
АРАТТИ Каберне по-белому,розовое полусухое АРАТТИ Каберне по-белому АРАТТИ,Каберне Совиньон,Розовое полусухое,aratti-kaberne-po-belomu-1,aratti-kaberne-po-belomu-1_bottom.webp
"Жемчужная 9 Совиньон блан, Алиготе","белое сухое Жемчужная 9 Совиньон блан, Алиготе АРАТТИ",,Белое сухое,zhemchuzhnaya-9-sovinon-blan-aligote,zhemchuzhnaya-9-sovinon-blan-aligote.webp
"Жемчужная 9 Совиньон блан, Алиготе","белое сухое Жемчужная 9 Совиньон блан, Алиготе АРАТТИ",,Белое сухое,zhemchuzhnaya-9-sovinon-blan-aligote,zhemchuzhnaya-9-sovinon-blan-aligote_bottom.webp
"Жемчужная 9 Цитрон, Шардоне","белое сухое Жемчужная 9 Цитрон, Шардоне АРАТТИ",,Белое сухое,zhemchuzhnaya-9-czitron-shardone,zhemchuzhnaya-9-czitron-shardone.webp
"Жемчужная 9 Цитрон, Шардоне","белое сухое Жемчужная 9 Цитрон, Шардоне АРАТТИ",,Белое сухое,zhemchuzhnaya-9-czitron-shardone,zhemchuzhnaya-9-czitron-shardone_bottom.webp
"Жемчужная 9 Алиготе, Цитрон","белое сухое Жемчужная 9 Алиготе, Цитрон АРАТТИ",,Белое сухое,zhemchuzhnaya-9-aligote-czitron,zhemchuzhnaya-9-aligote-czitron.webp
"Жемчужная 9 Алиготе, Цитрон","белое сухое Жемчужная 9 Алиготе, Цитрон АРАТТИ",,Белое сухое,zhemchuzhnaya-9-aligote-czitron,zhemchuzhnaya-9-aligote-czitron_bottom.webp
"Жемчужная 9 Пино Гри, Пино Нуар","розовое сухое Жемчужная 9 Пино Гри, Пино Нуар АРАТТИ",,Розовое сухое,zhemchuzhnaya-9-pino-gri-pino-nuar,zhemchuzhnaya-9-pino-gri-pino-nuar.webp
"Жемчужная 9 Пино Гри, Пино Нуар","розовое сухое Жемчужная 9 Пино Гри, Пино Нуар АРАТТИ",,Розовое сухое,zhemchuzhnaya-9-pino-gri-pino-nuar,zhemchuzhnaya-9-pino-gri-pino-nuar_bottom.webp
"Жемчужная 9 Пино Нуар, Мускат Розовый","розовое сухое Жемчужная 9 Пино Нуар, Мускат Розовый АРАТТИ",,Розовое сухое,zhemchuzhnaya-9-pino-nuar-muskat-rozovyj,zhemchuzhnaya-9-pino-nuar-muskat-rozovyj.webp
"Жемчужная 9 Пино Нуар, Мускат Розовый","розовое сухое Жемчужная 9 Пино Нуар, Мускат Розовый АРАТТИ",,Розовое сухое,zhemchuzhnaya-9-pino-nuar-muskat-rozovyj,zhemchuzhnaya-9-pino-nuar-muskat-rozovyj_bottom.webp
"Жемчужная 9 Каберне Совиньон, Пино Нуар","розовое полусухое Жемчужная 9 Каберне Совиньон, Пино Нуар АРАТТИ",,Розовое полусухое,zhemchuzhnaya-9-kaberne-sovinon-pino-nuar,zhemchuzhnaya-9-kaberne-sovinon-pino-nuar.webp
"Жемчужная 9 Каберне Совиньон, Пино Нуар","розовое полусухое Жемчужная 9 Каберне Совиньон, Пино Нуар АРАТТИ",,Розовое полусухое,zhemchuzhnaya-9-kaberne-sovinon-pino-nuar,zhemchuzhnaya-9-kaberne-sovinon-pino-nuar_bottom.webp
"Жемчужная 9 Мускат Розовый, Каберне Совиньон","розовое полусладкое Жемчужная 9 Мускат Розовый, Каберне Совиньон АРАТТИ",,Розовое полусладкое,zhemchuzhnaya-9-muskat-rozovyj-kaberne-sovinon,zhemchuzhnaya-9-muskat-rozovyj-kaberne-sovinon.webp
"Жемчужная 9 Мускат Розовый, Каберне Совиньон","розовое полусладкое Жемчужная 9 Мускат Розовый, Каберне Совиньон АРАТТИ",,Розовое полусладкое,zhemchuzhnaya-9-muskat-rozovyj-kaberne-sovinon,zhemchuzhnaya-9-muskat-rozovyj-kaberne-sovinon_bottom.webp
LETO Каберне Фран Резерв 2020 сухое красное,красное сухое LETO Каберне Фран Резерв 2020 сухое красное LETO,Каберне Фран,Красное сухое,leto-kaberne-fran-rezerv-2020-suhoe-krasnoe,leto-kaberne-fran-rezerv-2020-suhoe-krasnoe.webp
LETO Каберне Фран Резерв 2020 сухое красное,красное сухое LETO Каберне Фран Резерв 2020 сухое красное LETO,Каберне Фран,Красное сухое,leto-kaberne-fran-rezerv-2020-suhoe-krasnoe,leto-kaberne-fran-rezerv-2020-suhoe-krasnoe_bottom.webp
LETO Коллекция Лета 2020 сухое белое,белое сухое LETO Коллекция Лета 2020 сухое белое LETO,Совиньон Блан,Белое сухое,leto-kollekcziya-leta-2020-suhoe-beloe,leto-kollekcziya-leta-2020-suhoe-beloe.webp
LETO Коллекция Лета 2020 сухое белое,белое сухое LETO Коллекция Лета 2020 сухое белое LETO,Совиньон Блан,Белое сухое,leto-kollekcziya-leta-2020-suhoe-beloe,leto-kollekcziya-leta-2020-suhoe-beloe_bottom.webp
LETO Мускат Оранж 2024 сухое белое,белое сухое LETO Мускат Оранж 2024 сухое белое LETO,Мускат,Белое сухое,leto-muskat-oranzh-2024-suhoe-vino,leto-muskat-oranzh-2024-suhoe-vino.webp
LETO Мускат Оранж 2024 сухое белое,белое сухое LETO Мускат Оранж 2024 сухое белое LETO,Мускат,Белое сухое,leto-muskat-oranzh-2024-suhoe-vino,leto-muskat-oranzh-2024-suhoe-vino_bottom.webp
LETO Мускат 2024 сухое белое,белое сухое LETO Мускат 2024 сухое белое LETO,Мускат,Белое сухое,leto-vecrfn-2024-suhoe-vino,leto-vecrfn-2024-suhoe-vino.webp
LETO Мускат 2024 сухое белое,белое сухое LETO Мускат 2024 сухое белое LETO,Мускат,Белое сухое,leto-vecrfn-2024-suhoe-vino,leto-vecrfn-2024-suhoe-vino_bottom.webp
LETO Рислинг 2024 полусухое белое,белое полусухое LETO Рислинг 2024 полусухое белое LETO,Рислинг,Белое полусухое,leto-risling-2024-polusuhoe-vino,leto-risling-2024-polusuhoe-vino.webp
LETO Рислинг 2024 полусухое белое,белое полусухое LETO Рислинг 2024 полусухое белое LETO,Рислинг,Белое полусухое,leto-risling-2024-polusuhoe-vino,leto-risling-2024-polusuhoe-vino_bottom.webp
LETO Рислинг 2024 сухое белое,белое сухое LETO Рислинг 2024 сухое белое LETO,Рислинг,Белое сухое,leto-risling-2024,leto-risling-2024.webp
LETO Рислинг 2024 сухое белое,белое сухое LETO Рислинг 2024 сухое белое LETO,Рислинг,Белое сухое,leto-risling-2024,leto-risling-2024_bottom.webp
LETO Рислинг 2020 сухое белое,белое сухое LETO Рислинг 2020 сухое белое LETO,Рислинг,Белое сухое,leto-risling-2020,leto-risling-2020.webp
LETO Рислинг 2020 сухое белое,белое сухое LETO Рислинг 2020 сухое белое LETO,Рислинг,Белое сухое,leto-risling-2020,leto-risling-2020_bottom.webp
LETO Шардоне 2023 сухое белое,белое сухое LETO Шардоне 2023 сухое белое LETO,Шардоне,Белое сухое,leto-shardone-2023-suhoe-beloe,leto-shardone-2023-suhoe-beloe.webp
LETO Шардоне 2023 сухое белое,белое сухое LETO Шардоне 2023 сухое белое LETO,Шардоне,Белое сухое,leto-shardone-2023-suhoe-beloe,leto-shardone-2023-suhoe-beloe_bottom.webp
LETO Коллекция Лета Купаж 2021 сухое белое,белое сухое LETO Коллекция Лета Купаж 2021 сухое белое LETO,,Белое сухое,leto-kollekcziya-leta-kupazh-2021-suhoe-beloe,leto-kollekcziya-leta-kupazh-2021-suhoe-beloe.webp
LETO Коллекция Лета Купаж 2021 сухое белое,белое сухое LETO Коллекция Лета Купаж 2021 сухое белое LETO,,Белое сухое,leto-kollekcziya-leta-kupazh-2021-suhoe-beloe,leto-kollekcziya-leta-kupazh-2021-suhoe-beloe_bottom.webp
LETO Коллекция Лета 2020 сухое розовое,розовое сухое LETO Коллекция Лета 2020 сухое розовое LETO,Каберне Совиньон,Розовое сухое,leto-kollekcziya-leta-2020-suhoe-beloe-1,leto-kollekcziya-leta-2020-suhoe-beloe-1.webp
LETO Коллекция Лета 2020 сухое розовое,розовое сухое LETO Коллекция Лета 2020 сухое розовое LETO,Каберне Совиньон,Розовое сухое,leto-kollekcziya-leta-2020-suhoe-beloe-1,leto-kollekcziya-leta-2020-suhoe-beloe-1_bottom.webp
LETO Коллекция Лета Купаж 2023 сухое красное,красное сухое LETO Коллекция Лета Купаж 2023 сухое красное LETO,,Красное сухое,leto-kollekcziya-leta-kupazh-2023-suhoe-krasnoe,leto-kollekcziya-leta-kupazh-2023-suhoe-krasnoe.webp
LETO Коллекция Лета Купаж 2023 сухое красное,красное сухое LETO Коллекция Лета Купаж 2023 сухое красное LETO,,Красное сухое,leto-kollekcziya-leta-kupazh-2023-suhoe-krasnoe,leto-kollekcziya-leta-kupazh-2023-suhoe-krasnoe_bottom.webp
LETO Коллекция винодела 2020 сухое красное,красное сухое LETO Коллекция винодела 2020 сухое красное LETO,Мерло,Красное сухое,leto-kollekcziya-vinodela-2020-suhoe-krasnoe,leto-kollekcziya-vinodela-2020-suhoe-krasnoe.webp
LETO Коллекция винодела 2020 сухое красное,красное сухое LETO Коллекция винодела 2020 сухое красное LETO,Мерло,Красное сухое,leto-kollekcziya-vinodela-2020-suhoe-krasnoe,leto-kollekcziya-vinodela-2020-suhoe-krasnoe_bottom.webp
LETO Каберне Фран 2021 сухое красное,красное сухое LETO Каберне Фран 2021 сухое красное LETO,Каберне Фран,Красное сухое,leto-kaberne-fran-2021-suhoe-krasnoe,leto-kaberne-fran-2021-suhoe-krasnoe.webp
LETO Каберне Фран 2021 сухое красное,красное сухое LETO Каберне Фран 2021 сухое красное LETO,Каберне Фран,Красное сухое,leto-kaberne-fran-2021-suhoe-krasnoe,leto-kaberne-fran-2021-suhoe-krasnoe_bottom.webp
LETO Каберне Фран 2024 полусладкое красное,красное полусладкое LETO Каберне Фран 2024 полусладкое красное LETO,Каберне Фран,Красное полусладкое,leto-kaberne-fran-2024-polusladkoe-krasnoe,leto-kaberne-fran-2024-polusladkoe-krasnoe.webp
LETO Каберне Фран 2024 полусладкое красное,красное полусладкое LETO Каберне Фран 2024 полусладкое красное LETO,Каберне Фран,Красное полусладкое,leto-kaberne-fran-2024-polusladkoe-krasnoe,leto-kaberne-fran-2024-polusladkoe-krasnoe_bottom.webp
LETO Каберне Совиньон 2023 полусухое красное,красное полусухое LETO Каберне Совиньон 2023 полусухое красное LETO,Каберне Совиньон,Красное полусухое,leto-kaberne-sovinon-2023-polusuhoe-krasnoe,leto-kaberne-sovinon-2023-polusuhoe-krasnoe.webp
LETO Каберне Совиньон 2023 полусухое красное,красное полусухое LETO Каберне Совиньон 2023 полусухое красное LETO,Каберне Совиньон,Красное полусухое,leto-kaberne-sovinon-2023-polusuhoe-krasnoe,leto-kaberne-sovinon-2023-polusuhoe-krasnoe_bottom.webp
LETO Каберне Фран Резерв 2021 сухое красное,красное сухое LETO Каберне Фран Резерв 2021 сухое красное LETO,Каберне Фран,Красное сухое,leto-kaberne-fran-rezerv-2021-suhoe-krasnoe,leto-kaberne-fran-rezerv-2021-suhoe-krasnoe.webp
LETO Каберне Фран Резерв 2021 сухое красное,красное сухое LETO Каберне Фран Резерв 2021 сухое красное LETO,Каберне Фран,Красное сухое,leto-kaberne-fran-rezerv-2021-suhoe-krasnoe,leto-kaberne-fran-rezerv-2021-suhoe-krasnoe_bottom.webp
Aya Khrustaleva 76 merlot Органик,розовое полусухое Aya Khrustaleva 76 merlot Органик AYA Organic Wine & Vineyards,Мерло,Розовое полусухое,aya-khrustaleva-76-merlot-organik,aya-khrustaleva-76-merlot-organik.webp
Aya Khrustaleva 76 merlot Органик,розовое полусухое Aya Khrustaleva 76 merlot Органик AYA Organic Wine & Vineyards,Мерло,Розовое полусухое,aya-khrustaleva-76-merlot-organik,aya-khrustaleva-76-merlot-organik_bottom.webp
Аристов Anima Millesimato,розовое брют Аристов Anima Millesimato Кубань-Вино,,Розовое брют,aristov-anima-millesimato,aristov-anima-millesimato.webp
Аристов Anima Millesimato,розовое брют Аристов Anima Millesimato Кубань-Вино,,Розовое брют,aristov-anima-millesimato,aristov-anima-millesimato_bottom.webp
Аристов Anima Pinot Grigio Blush,розовое брют Аристов Anima Pinot Grigio Blush Кубань-Вино,Пино Гриджио,Розовое брют,aristov-anima-pinot-grigio-blush,aristov-anima-pinot-grigio-blush.webp
Аристов Anima Pinot Grigio Blush,розовое брют Аристов Anima Pinot Grigio Blush Кубань-Вино,Пино Гриджио,Розовое брют,aristov-anima-pinot-grigio-blush,aristov-anima-pinot-grigio-blush_bottom.webp
Розовое брют Спуманте,розовое брют Розовое брют Спуманте Золотая Балка,,Розовое брют,rozovoe-bryut-spumante,rozovoe-bryut-spumante.webp
Розовое брют Спуманте,розовое брют Розовое брют Спуманте Золотая Балка,,Розовое брют,rozovoe-bryut-spumante,rozovoe-bryut-spumante_bottom.webp
Розовое полусладкое,розовое полусладкое Розовое полусладкое Золотая Балка,,Розовое полусладкое,rozovoe-polusladkoe-1,rozovoe-polusladkoe-1.webp
Розовое полусладкое,розовое полусладкое Розовое полусладкое Золотая Балка,,Розовое полусладкое,rozovoe-polusladkoe-1,rozovoe-polusladkoe-1_bottom.webp
Розовое брют,розовое брют Розовое брют Золотая Балка,,Розовое брют,rozovoe-bryut-1,rozovoe-bryut-1.webp
Розовое брют,розовое брют Розовое брют Золотая Балка,,Розовое брют,rozovoe-bryut-1,rozovoe-bryut-1_bottom.webp
Розовое брют Monte Garu,розовое брют Розовое брют Monte Garu Дербент Вино,,Розовое брют,rozovoe-bryut,rozovoe-bryut.webp
Розовое брют Monte Garu,розовое брют Розовое брют Monte Garu Дербент Вино,,Розовое брют,rozovoe-bryut,rozovoe-bryut_bottom.webp
Di Caspico розовое брют,розовое брют Di Caspico розовое брют Дербент Вино,,Розовое брют,di-caspico-rozovoe-bryut,di-caspico-rozovoe-bryut.webp
Di Caspico розовое брют,розовое брют Di Caspico розовое брют Дербент Вино,,Розовое брют,di-caspico-rozovoe-bryut,di-caspico-rozovoe-bryut_bottom.webp
Winemaker selection,белое полусухое Winemaker selection Инкерманский ЗМВ,Рислинг,Белое полусухое,winemaker-selection,winemaker-selection.webp
Winemaker selection,белое полусухое Winemaker selection Инкерманский ЗМВ,Рислинг,Белое полусухое,winemaker-selection,winemaker-selection_bottom.webp
Белое сухое,белое сухое Белое сухое Солнечная долина,Ркацители,Белое сухое,beloe-suhoe,beloe-suhoe.webp
Белое сухое,белое сухое Белое сухое Солнечная долина,Ркацители,Белое сухое,beloe-suhoe,beloe-suhoe_bottom.webp
Cru Lermont Рислинг,белое сухое Cru Lermont Рислинг  Фанагория,Рислинг Рейнский,Белое сухое,cru-lermont-risling,cru-lermont-risling.webp
Cru Lermont Рислинг,белое сухое Cru Lermont Рислинг  Фанагория,Рислинг Рейнский,Белое сухое,cru-lermont-risling,cru-lermont-risling_bottom.webp
Шардоне,белое сухое Шардоне Усадьба Перовских,Шардоне,Белое сухое,shardone-1,shardone-1.webp
Шардоне,белое сухое Шардоне Усадьба Перовских,Шардоне,Белое сухое,shardone-1,shardone-1_bottom.webp
Кокур сухое,белое сухое Кокур сухое Массандра,Кокур,Белое сухое,kokur-suhoe,kokur-suhoe.webp
Кокур сухое,белое сухое Кокур сухое Массандра,Кокур,Белое сухое,kokur-suhoe,kokur-suhoe_bottom.webp
Ркацители белое сухое,белое сухое Ркацители белое сухое Ведерниковъ,Ркацители,Белое сухое,rkacziteli-beloe-suhoe,rkacziteli-beloe-suhoe.webp
Ркацители белое сухое,белое сухое Ркацители белое сухое Ведерниковъ,Ркацители,Белое сухое,rkacziteli-beloe-suhoe,rkacziteli-beloe-suhoe_bottom.webp
Автохтонное Вино Крыма белое сухое,белое сухое  Автохтонное Вино Крыма белое сухое Валерий Захарьин,,Белое сухое,avtohtonnoe-vino-kryma-beloe-suhoe,avtohtonnoe-vino-kryma-beloe-suhoe.webp
Автохтонное Вино Крыма белое сухое,белое сухое  Автохтонное Вино Крыма белое сухое Валерий Захарьин,,Белое сухое,avtohtonnoe-vino-kryma-beloe-suhoe,avtohtonnoe-vino-kryma-beloe-suhoe_bottom.webp
Шардоне Резерв,белое сухое Шардоне Резерв Усадьба Перовских,Шардоне,Белое сухое,shardone-rezerv,shardone-rezerv.webp
Шардоне Резерв,белое сухое Шардоне Резерв Усадьба Перовских,Шардоне,Белое сухое,shardone-rezerv,shardone-rezerv_bottom.webp
Розовое полусладкое,розовое полусладкое Розовое полусладкое Фанагория,,Розовое полусладкое,rozovoe-polusladkoe,rozovoe-polusladkoe.webp
Розовое полусладкое,розовое полусладкое Розовое полусладкое Фанагория,,Розовое полусладкое,rozovoe-polusladkoe,rozovoe-polusladkoe_bottom.webp
БЮРНЬЕ.ВИНИСАЖ сухое белое,белое сухое БЮРНЬЕ.ВИНИСАЖ сухое белое Винодельня Бюрнье,,Белое сухое,b-yu-rne-vinisa-zh-suhoe-beloe,b-yu-rne-vinisa-zh-suhoe-beloe.webp
БЮРНЬЕ.ВИНИСАЖ сухое белое,белое сухое БЮРНЬЕ.ВИНИСАЖ сухое белое Винодельня Бюрнье,,Белое сухое,b-yu-rne-vinisa-zh-suhoe-beloe,b-yu-rne-vinisa-zh-suhoe-beloe_bottom.webp
БЮРНЬЕ.ВИНИСАЖ сухое розовое,розовое сухое БЮРНЬЕ.ВИНИСАЖ сухое розовое Винодельня Бюрнье,Каберне Фран,Розовое сухое,b-yu-rne-vinisa-zh-suhoe-rozovoe,b-yu-rne-vinisa-zh-suhoe-rozovoe.webp
БЮРНЬЕ.ВИНИСАЖ сухое розовое,розовое сухое БЮРНЬЕ.ВИНИСАЖ сухое розовое Винодельня Бюрнье,Каберне Фран,Розовое сухое,b-yu-rne-vinisa-zh-suhoe-rozovoe,b-yu-rne-vinisa-zh-suhoe-rozovoe_bottom.webp
БЮРНЬЕ.ВИНИСАЖ сухое красное,красное сухое БЮРНЬЕ.ВИНИСАЖ сухое красное Винодельня Бюрнье,,Красное сухое,b-yu-rne-vinisa-zh-suhoe-krasnoe,b-yu-rne-vinisa-zh-suhoe-krasnoe.webp
БЮРНЬЕ.ВИНИСАЖ сухое красное,красное сухое БЮРНЬЕ.ВИНИСАЖ сухое красное Винодельня Бюрнье,,Красное сухое,b-yu-rne-vinisa-zh-suhoe-krasnoe,b-yu-rne-vinisa-zh-suhoe-krasnoe_bottom.webp
Katharon: Brut (blanc de blan),белое брют Katharon: Brut (blanc de blan)  KATHARON,Шардоне,Белое брют,katharon-katharon-brut-blanc-de-blan,katharon-katharon-brut-blanc-de-blan.webp
Katharon: Brut (blanc de blan),белое брют Katharon: Brut (blanc de blan)  KATHARON,Шардоне,Белое брют,katharon-katharon-brut-blanc-de-blan,katharon-katharon-brut-blanc-de-blan_bottom.webp
Katharon: Мерло,красное сухое Katharon: Мерло KATHARON,Мерло,Красное сухое,katharon-katharon-merlo,katharon-katharon-merlo.webp
Katharon: Мерло,красное сухое Katharon: Мерло KATHARON,Мерло,Красное сухое,katharon-katharon-merlo,katharon-katharon-merlo_bottom.webp
Katharon: Каберне Фран,красное сухое Katharon: Каберне Фран KATHARON,Каберне Фран,Красное сухое,katharon-katharon-kaberne-fran,katharon-katharon-kaberne-fran.webp
Katharon: Каберне Фран,красное сухое Katharon: Каберне Фран KATHARON,Каберне Фран,Красное сухое,katharon-katharon-kaberne-fran,katharon-katharon-kaberne-fran_bottom.webp
Katharon: Шардоне,белое сухое Katharon: Шардоне KATHARON,Шардоне,Белое сухое,katharon-katharon-shardone,katharon-katharon-shardone.webp
Katharon: Шардоне,белое сухое Katharon: Шардоне KATHARON,Шардоне,Белое сухое,katharon-katharon-shardone,katharon-katharon-shardone_bottom.webp
Katharon: Совиньон Блан,белое сухое Katharon: Совиньон Блан KATHARON,Совиньон Блан,Белое сухое,katharon-katharon-sovinon-blan,katharon-katharon-sovinon-blan.webp
Katharon: Совиньон Блан,белое сухое Katharon: Совиньон Блан KATHARON,Совиньон Блан,Белое сухое,katharon-katharon-sovinon-blan,katharon-katharon-sovinon-blan_bottom.webp
Katharon: Рислинг сухое,белое сухое Katharon: Рислинг сухое KATHARON,Рислинг Рейнский,Белое сухое,katharon-katharon-risling-suhoe,katharon-katharon-risling-suhoe.webp
Katharon: Рислинг сухое,белое сухое Katharon: Рислинг сухое KATHARON,Рислинг Рейнский,Белое сухое,katharon-katharon-risling-suhoe,katharon-katharon-risling-suhoe_bottom.webp
Мезенка: Совиньон Блан,белое сухое Мезенка: Совиньон Блан KATHARON,Совиньон Блан,Белое сухое,katharon-mezenka-sovinon-blan,katharon-mezenka-sovinon-blan.webp
Мезенка: Совиньон Блан,белое сухое Мезенка: Совиньон Блан KATHARON,Совиньон Блан,Белое сухое,katharon-mezenka-sovinon-blan,katharon-mezenka-sovinon-blan_bottom.webp
Мезенка: Каберне Фран,красное сухое Мезенка: Каберне Фран KATHARON,Каберне Фран,Красное сухое,katharon-mezenka-kaberne-fran,katharon-mezenka-kaberne-fran.webp
Мезенка: Каберне Фран,красное сухое Мезенка: Каберне Фран KATHARON,Каберне Фран,Красное сухое,katharon-mezenka-kaberne-fran,katharon-mezenka-kaberne-fran_bottom.webp
Мезенка: Каберне Фран - Мерло,розовое сухое Мезенка: Каберне Фран - Мерло KATHARON,,Розовое сухое,katharon-mezenka-kaberne-fran-merlo,katharon-mezenka-kaberne-fran-merlo.webp
Мезенка: Каберне Фран - Мерло,розовое сухое Мезенка: Каберне Фран - Мерло KATHARON,,Розовое сухое,katharon-mezenka-kaberne-fran-merlo,katharon-mezenka-kaberne-fran-merlo_bottom.webp
Мезенка: Мерло,красное сухое Мезенка: Мерло KATHARON,Мерло,Красное сухое,katharon-mezenka-merlo,katharon-mezenka-merlo.webp
Мезенка: Мерло,красное сухое Мезенка: Мерло KATHARON,Мерло,Красное сухое,katharon-mezenka-merlo,katharon-mezenka-merlo_bottom.webp
Мезенка: Сира,красное сухое Мезенка: Сира KATHARON,Сира,Красное сухое,katharon-mezenka-sira,katharon-mezenka-sira.webp
Мезенка: Сира,красное сухое Мезенка: Сира KATHARON,Сира,Красное сухое,katharon-mezenka-sira,katharon-mezenka-sira_bottom.webp
Мезенка: Рислинг сухое,белое сухое Мезенка: Рислинг сухое KATHARON,Рислинг Рейнский,Белое сухое,katharon-mezenka-risling-suhoe,katharon-mezenka-risling-suhoe.webp
Мезенка: Рислинг сухое,белое сухое Мезенка: Рислинг сухое KATHARON,Рислинг Рейнский,Белое сухое,katharon-mezenka-risling-suhoe,katharon-mezenka-risling-suhoe_bottom.webp
Мезенка: Рислинг полусухое,белое полусухое Мезенка: Рислинг полусухое KATHARON,Рислинг Рейнский,Белое полусухое,katharon-mezenka-risling-polusuhoe,katharon-mezenka-risling-polusuhoe.webp
Мезенка: Рислинг полусухое,белое полусухое Мезенка: Рислинг полусухое KATHARON,Рислинг Рейнский,Белое полусухое,katharon-mezenka-risling-polusuhoe,katharon-mezenka-risling-polusuhoe_bottom.webp
БЮРНЬЕ.ЛЮБЛЮ сухое розовое,розовое сухое БЮРНЬЕ.ЛЮБЛЮ сухое розовое Винодельня Бюрнье,,Розовое сухое,b-yu-rne-l-yu-bl-yu-suhoe-rozovoe,b-yu-rne-l-yu-bl-yu-suhoe-rozovoe.webp
БЮРНЬЕ.ЛЮБЛЮ сухое розовое,розовое сухое БЮРНЬЕ.ЛЮБЛЮ сухое розовое Винодельня Бюрнье,,Розовое сухое,b-yu-rne-l-yu-bl-yu-suhoe-rozovoe,b-yu-rne-l-yu-bl-yu-suhoe-rozovoe_bottom.webp
БЮРНЬЕ.ПИНО ГРИ белое сухое,белое сухое БЮРНЬЕ.ПИНО ГРИ белое сухое Винодельня Бюрнье,Пино Гри,Белое сухое,b-yu-rne-pino-gri-beloe-suhoe,b-yu-rne-pino-gri-beloe-suhoe.webp
БЮРНЬЕ.ПИНО ГРИ белое сухое,белое сухое БЮРНЬЕ.ПИНО ГРИ белое сухое Винодельня Бюрнье,Пино Гри,Белое сухое,b-yu-rne-pino-gri-beloe-suhoe,b-yu-rne-pino-gri-beloe-suhoe_bottom.webp
БЮРНЬЕ.ПИНО ГРИ Поздний сбор сладкое белое,белое сладкое БЮРНЬЕ.ПИНО ГРИ Поздний сбор сладкое белое Винодельня Бюрнье,Пино Гри,Белое сладкое,b-yu-rne-pino-gri-pozdnij-sbor-sladkoe-beloe,b-yu-rne-pino-gri-pozdnij-sbor-sladkoe-beloe.webp
БЮРНЬЕ.ПИНО ГРИ Поздний сбор сладкое белое,белое сладкое БЮРНЬЕ.ПИНО ГРИ Поздний сбор сладкое белое Винодельня Бюрнье,Пино Гри,Белое сладкое,b-yu-rne-pino-gri-pozdnij-sbor-sladkoe-beloe,b-yu-rne-pino-gri-pozdnij-sbor-sladkoe-beloe_bottom.webp
БЮРНЬЕ.КРАСНОСТОП сухое красное Classic,красное сухое БЮРНЬЕ.КРАСНОСТОП сухое красное Classic Винодельня Бюрнье,Красностоп,Красное сухое,b-yu-rne-krasnostop-suhoe-krasnoe-classic,b-yu-rne-krasnostop-suhoe-krasnoe-classic.webp
БЮРНЬЕ.КРАСНОСТОП сухое красное Classic,красное сухое БЮРНЬЕ.КРАСНОСТОП сухое красное Classic Винодельня Бюрнье,Красностоп,Красное сухое,b-yu-rne-krasnostop-suhoe-krasnoe-classic,b-yu-rne-krasnostop-suhoe-krasnoe-classic_bottom.webp
БЮРНЬЕ.СИРА красное сухое Classic,красное сухое БЮРНЬЕ.СИРА красное сухое Classic Винодельня Бюрнье,Сира,Красное сухое,b-yu-rne-sira-krasnoe-suhoe-classic,b-yu-rne-sira-krasnoe-suhoe-classic.webp
БЮРНЬЕ.СИРА красное сухое Classic,красное сухое БЮРНЬЕ.СИРА красное сухое Classic Винодельня Бюрнье,Сира,Красное сухое,b-yu-rne-sira-krasnoe-suhoe-classic,b-yu-rne-sira-krasnoe-suhoe-classic_bottom.webp
БЮРНЬЕ.МАЛЬБЕК красное сухое,красное сухое БЮРНЬЕ.МАЛЬБЕК красное сухое Винодельня Бюрнье,Мальбек,Красное сухое,b-yu-rne-malbek-krasnoe-suhoe,b-yu-rne-malbek-krasnoe-suhoe.webp
БЮРНЬЕ.МАЛЬБЕК красное сухое,красное сухое БЮРНЬЕ.МАЛЬБЕК красное сухое Винодельня Бюрнье,Мальбек,Красное сухое,b-yu-rne-malbek-krasnoe-suhoe,b-yu-rne-malbek-krasnoe-suhoe_bottom.webp
Совиньон Блан,белое сухое Совиньон Блан Винодельня Орлова,Совиньон Блан,Белое сухое,orlov_sauvignon_blan,orlov_sauvignon_blan.webp
Совиньон Блан,белое сухое Совиньон Блан Винодельня Орлова,Совиньон Блан,Белое сухое,orlov_sauvignon_blan,orlov_sauvignon_blan_bottom.webp
Пет-Нат Рубин,розовое экстра брют Пет-Нат Рубин Denisov Winery,Рубин Голодриги,Розовое экстра брют,denisov_pet_nat_rubin,denisov_pet_nat_rubin.webp
Пет-Нат Рубин,розовое экстра брют Пет-Нат Рубин Denisov Winery,Рубин Голодриги,Розовое экстра брют,denisov_pet_nat_rubin,denisov_pet_nat_rubin_bottom.webp
Пет-Нат Цитрон-Ркацители,белое брют Пет-Нат Цитрон-Ркацители Denisov Winery,,Белое брют,denisov_pet_nat_citron_rkaciteli,denisov_pet_nat_citron_rkaciteli.webp
Пет-Нат Цитрон-Ркацители,белое брют Пет-Нат Цитрон-Ркацители Denisov Winery,,Белое брют,denisov_pet_nat_citron_rkaciteli,denisov_pet_nat_citron_rkaciteli_bottom.webp
Пазори Рислинг,белое брют Пазори Рислинг Denisov Winery,Рислинг,Белое брют,denisov_pazori_risling,denisov_pazori_risling.webp
Пазори Рислинг,белое брют Пазори Рислинг Denisov Winery,Рислинг,Белое брют,denisov_pazori_risling,denisov_pazori_risling_bottom.webp
Рубин кларет . Красная стрелка,розовое сухое Рубин кларет . Красная стрелка Denisov Winery,Рубин Голодриги,Розовое сухое,denisov_rubin_klaret_krasnaya_strelka,denisov_rubin_klaret_krasnaya_strelka.webp
Рубин кларет . Красная стрелка,розовое сухое Рубин кларет . Красная стрелка Denisov Winery,Рубин Голодриги,Розовое сухое,denisov_rubin_klaret_krasnaya_strelka,denisov_rubin_klaret_krasnaya_strelka_bottom.webp
Пино Нуар кларет. Красная стрелка,розовое сухое Пино Нуар кларет. Красная стрелка Denisov Winery,Пино Нуар,Розовое сухое,denisov_pino_noir_klaret,denisov_pino_noir_klaret.webp
Пино Нуар кларет. Красная стрелка,розовое сухое Пино Нуар кларет. Красная стрелка Denisov Winery,Пино Нуар,Розовое сухое,denisov_pino_noir_klaret,denisov_pino_noir_klaret_bottom.webp
Перепляс. Курмыши,розовое сухое Перепляс. Курмыши Denisov Winery,,Розовое сухое,denisov_pereplyas_kurmyshi,denisov_pereplyas_kurmyshi.webp
Перепляс. Курмыши,розовое сухое Перепляс. Курмыши Denisov Winery,,Розовое сухое,denisov_pereplyas_kurmyshi,denisov_pereplyas_kurmyshi_bottom.webp
Барыня. Курмыши,розовое сухое Барыня. Курмыши Denisov Winery,,Розовое сухое,denisov_barynya_kurmyshi,denisov_barynya_kurmyshi.webp
Барыня. Курмыши,розовое сухое Барыня. Курмыши Denisov Winery,,Розовое сухое,denisov_barynya_kurmyshi,denisov_barynya_kurmyshi_bottom.webp
Рислинг тихое,белое сухое Рислинг тихое JD winery,Рислинг,Белое сухое,jd_winery_risling,jd_winery_risling.webp
Рислинг тихое,белое сухое Рислинг тихое JD winery,Рислинг,Белое сухое,jd_winery_risling,jd_winery_risling_bottom.webp
Рислинг Оранж тихое,белое сухое Рислинг Оранж тихое JD winery,Рислинг,Белое сухое,jd_winery_risling_orange,jd_winery_risling_orange.webp
Рислинг Оранж тихое,белое сухое Рислинг Оранж тихое JD winery,Рислинг,Белое сухое,jd_winery_risling_orange,jd_winery_risling_orange_bottom.webp
Мускат Оттонель тихое,белое сухое Мускат Оттонель тихое JD winery,Мускат Оттонель,Белое сухое,jd_winery_muskat_ottonel,jd_winery_muskat_ottonel.webp
Мускат Оттонель тихое,белое сухое Мускат Оттонель тихое JD winery,Мускат Оттонель,Белое сухое,jd_winery_muskat_ottonel,jd_winery_muskat_ottonel_bottom.webp
Шардоне тихое,белое сухое Шардоне тихое JD winery,Шардоне,Белое сухое,jd_winery_shardone,jd_winery_shardone.webp
Шардоне тихое,белое сухое Шардоне тихое JD winery,Шардоне,Белое сухое,jd_winery_shardone,jd_winery_shardone_bottom.webp
Каберне Совиньон тихое,красное сухое Каберне Совиньон тихое JD winery,Каберне Совиньон,Красное сухое,jd_winery_kaberne_souvignon,jd_winery_kaberne_souvignon.webp
Каберне Совиньон тихое,красное сухое Каберне Совиньон тихое JD winery,Каберне Совиньон,Красное сухое,jd_winery_kaberne_souvignon,jd_winery_kaberne_souvignon_bottom.webp
Блан де Нуар. Брют Натюр,белое экстра брют Блан де Нуар. Брют Натюр Усадьба Перовских,Пино Нуар,Белое экстра брют,perovskih_blan_de_noir,perovskih_blan_de_noir.webp
Блан де Нуар. Брют Натюр,белое экстра брют Блан де Нуар. Брют Натюр Усадьба Перовских,Пино Нуар,Белое экстра брют,perovskih_blan_de_noir,perovskih_blan_de_noir_bottom.webp
Розе,розовое экстра брют Розе Усадьба Перовских,Пино Нуар,Розовое экстра брют,perovskih_rose,perovskih_rose.webp
Розе,розовое экстра брют Розе Усадьба Перовских,Пино Нуар,Розовое экстра брют,perovskih_rose,perovskih_rose_bottom.webp
Мускат,белое сухое Мускат Усадьба Перовских,,Белое сухое,perovskih_muskat,perovskih_muskat.webp
Мускат,белое сухое Мускат Усадьба Перовских,,Белое сухое,perovskih_muskat,perovskih_muskat_bottom.webp
Мерло,розовое полусухое Мерло Усадьба Перовских,Мерло,Розовое полусухое,perovskih_merlo,perovskih_merlo.webp
Мерло,розовое полусухое Мерло Усадьба Перовских,Мерло,Розовое полусухое,perovskih_merlo,perovskih_merlo_bottom.webp
Полусладкое розовое,розовое полусладкое Полусладкое розовое Усадьба Перовских,,Розовое полусладкое,perovskih_polusladkoe_rosovoe,perovskih_polusladkoe_rosovoe.webp
Полусладкое розовое,розовое полусладкое Полусладкое розовое Усадьба Перовских,,Розовое полусладкое,perovskih_polusladkoe_rosovoe,perovskih_polusladkoe_rosovoe_bottom.webp
Семильон Резерв,белое сухое Семильон Резерв Усадьба Перовских,Семильон,Белое сухое,perovskih_semilion_reserv,perovskih_semilion_reserv.webp
Семильон Резерв,белое сухое Семильон Резерв Усадьба Перовских,Семильон,Белое сухое,perovskih_semilion_reserv,perovskih_semilion_reserv_bottom.webp
Каберне Фран Резерв,красное сухое Каберне Фран Резерв Усадьба Перовских,Каберне Фран,Красное сухое,perovskih_kaberne_fran_reserve,perovskih_kaberne_fran_reserve.webp
Каберне Фран Резерв,красное сухое Каберне Фран Резерв Усадьба Перовских,Каберне Фран,Красное сухое,perovskih_kaberne_fran_reserve,perovskih_kaberne_fran_reserve_bottom.webp
Полусладкое Белое,белое полусладкое Полусладкое Белое  Усадьба Перовских,,Белое полусладкое,perovskih_polusladkoe_beloe,perovskih_polusladkoe_beloe.webp
Полусладкое Белое,белое полусладкое Полусладкое Белое  Усадьба Перовских,,Белое полусладкое,perovskih_polusladkoe_beloe,perovskih_polusladkoe_beloe_bottom.webp
Полусладкое Красное,красное полусладкое Полусладкое Красное Усадьба Перовских,,Красное полусладкое,perovskih_polusladkoe_krasnoe,perovskih_polusladkoe_krasnoe.webp
Полусладкое Красное,красное полусладкое Полусладкое Красное Усадьба Перовских,,Красное полусладкое,perovskih_polusladkoe_krasnoe,perovskih_polusladkoe_krasnoe_bottom.webp
Полусухое Красное,красное полусухое Полусухое Красное Усадьба Перовских,,Красное полусухое,perovskih_polusuhoe_krasnoe,perovskih_polusuhoe_krasnoe.webp
Полусухое Красное,красное полусухое Полусухое Красное Усадьба Перовских,,Красное полусухое,perovskih_polusuhoe_krasnoe,perovskih_polusuhoe_krasnoe_bottom.webp
Алиготе. Лимитированная серия,красное сухое Алиготе. Лимитированная серия Усадьба Перовских,Алиготе,Красное сухое,perovskih_aligote,perovskih_aligote.webp
Алиготе. Лимитированная серия,красное сухое Алиготе. Лимитированная серия Усадьба Перовских,Алиготе,Красное сухое,perovskih_aligote,perovskih_aligote_bottom.webp
Одесский черный. Лимитированная серия,красное сухое Одесский черный. Лимитированная серия Усадьба Перовских,Одесский черный,Красное сухое,perovskih_odesskiy_chernyi,perovskih_odesskiy_chernyi.webp
Одесский черный. Лимитированная серия,красное сухое Одесский черный. Лимитированная серия Усадьба Перовских,Одесский черный,Красное сухое,perovskih_odesskiy_chernyi,perovskih_odesskiy_chernyi_bottom.webp
Ркацители Оранж,белое сухое Ркацители Оранж Усадьба Перовских,Ркацители,Белое сухое,perovskih_rkaciteli_orange,perovskih_rkaciteli_orange.webp
Ркацители Оранж,белое сухое Ркацители Оранж Усадьба Перовских,Ркацители,Белое сухое,perovskih_rkaciteli_orange,perovskih_rkaciteli_orange_bottom.webp
Мускат Оранж,белое сухое Мускат Оранж Усадьба Перовских,Мускат Оттонель,Белое сухое,perovskih_muskat_orange,perovskih_muskat_orange.webp
Мускат Оранж,белое сухое Мускат Оранж Усадьба Перовских,Мускат Оттонель,Белое сухое,perovskih_muskat_orange,perovskih_muskat_orange_bottom.webp
Кокур Оранж,белое сухое Кокур Оранж Усадьба Перовских,Кокур,Белое сухое,perovskih_kokur_orange,perovskih_kokur_orange.webp
Кокур Оранж,белое сухое Кокур Оранж Усадьба Перовских,Кокур,Белое сухое,perovskih_kokur_orange,perovskih_kokur_orange_bottom.webp
Мерло,красное сухое Мерло Винодельня Орлова,Совиньон Блан,Красное сухое,orlov_merlo,orlov_merlo.webp
Мерло,красное сухое Мерло Винодельня Орлова,Совиньон Блан,Красное сухое,orlov_merlo,orlov_merlo_bottom.webp
Шардоне,красное сухое Шардоне Два Петра,Саперави,Красное сухое,twopeters_shardone,twopeters_shardone.webp
Шардоне,красное сухое Шардоне Два Петра,Саперави,Красное сухое,twopeters_shardone,twopeters_shardone_bottom.webp
Каберне Совиньон,красное сухое Каберне Совиньон Два Петра,Саперави,Красное сухое,twopeters_kaberne_sovinion,twopeters_kaberne_sovinion.webp
Каберне Совиньон,красное сухое Каберне Совиньон Два Петра,Саперави,Красное сухое,twopeters_kaberne_sovinion,twopeters_kaberne_sovinion_bottom.webp
Саперави,красное сухое Саперави Два Петра,Саперави,Красное сухое,twopeters_saperavi,twopeters_saperavi.webp
Саперави,красное сухое Саперави Два Петра,Саперави,Красное сухое,twopeters_saperavi,twopeters_saperavi_bottom.webp
Рислинг,красное сухое Рислинг Два Петра,Саперави,Красное сухое,twopeters_risling,twopeters_risling.webp
Рислинг,красное сухое Рислинг Два Петра,Саперави,Красное сухое,twopeters_risling,twopeters_risling_bottom.webp
Совиньон,красное сухое Совиньон Два Петра,Саперави,Красное сухое,twopeters_sauvignon,twopeters_sauvignon.webp
Совиньон,красное сухое Совиньон Два Петра,Саперави,Красное сухое,twopeters_sauvignon,twopeters_sauvignon_bottom.webp
Кокур,красное сухое Кокур Два Петра,Саперави,Красное сухое,twopeters_kokur,twopeters_kokur.webp
Кокур,красное сухое Кокур Два Петра,Саперави,Красное сухое,twopeters_kokur,twopeters_kokur_bottom.webp
Тандем,красное сухое Тандем Два Петра,Саперави,Красное сухое,twopeters_tandem,twopeters_tandem.webp
Тандем,красное сухое Тандем Два Петра,Саперави,Красное сухое,twopeters_tandem,twopeters_tandem_bottom.webp
Мосавали Саперави Полусладкое,красное полусладкое Мосавали Саперави Полусладкое Союз-Вино,Саперави,Красное полусладкое,soyuz-vino-mosavali-saperavi-polusladkoe-krasnoe-11,soyuz-vino-mosavali-saperavi-polusladkoe-krasnoe-11.webp
Мосавали Саперави Полусладкое,красное полусладкое Мосавали Саперави Полусладкое Союз-Вино,Саперави,Красное полусладкое,soyuz-vino-mosavali-saperavi-polusladkoe-krasnoe-11,soyuz-vino-mosavali-saperavi-polusladkoe-krasnoe-11_bottom.webp
Шато де Монгольфьер Рислинг Полусухое,белое полусухое Шато де Монгольфьер Рислинг Полусухое Союз-Вино,Рислинг,Белое полусухое,soyuz-vino-shato-de-mongolfer-risling-polusuhoe-beloe-11,soyuz-vino-shato-de-mongolfer-risling-polusuhoe-beloe-11.webp
Шато де Монгольфьер Рислинг Полусухое,белое полусухое Шато де Монгольфьер Рислинг Полусухое Союз-Вино,Рислинг,Белое полусухое,soyuz-vino-shato-de-mongolfer-risling-polusuhoe-beloe-11,soyuz-vino-shato-de-mongolfer-risling-polusuhoe-beloe-11_bottom.webp
Лаветти Красное Сухое,красное сухое Лаветти Красное Сухое Союз-Вино,Красные сорта винограда,Красное сухое,soyuz-vino-lavetti-krasnoe-suhoe-krasnye-sorta-vinograda-11,soyuz-vino-lavetti-krasnoe-suhoe-krasnye-sorta-vinograda-11.webp
Лаветти Красное Сухое,красное сухое Лаветти Красное Сухое Союз-Вино,Красные сорта винограда,Красное сухое,soyuz-vino-lavetti-krasnoe-suhoe-krasnye-sorta-vinograda-11,soyuz-vino-lavetti-krasnoe-suhoe-krasnye-sorta-vinograda-11_bottom.webp
Шато Тамань Шардоне,белое сухое Шато Тамань Шардоне Кубань-Вино,Шардоне,Белое сухое,kuban-vino-shato-tamane-shardone-beloe-suhoe-12,kuban-vino-shato-tamane-shardone-beloe-suhoe-12.webp
Шато Тамань Шардоне,белое сухое Шато Тамань Шардоне Кубань-Вино,Шардоне,Белое сухое,kuban-vino-shato-tamane-shardone-beloe-suhoe-12,kuban-vino-shato-tamane-shardone-beloe-suhoe-12_bottom.webp
Шато Тамань Резерв Красностоп,красное сухое Шато Тамань Резерв Красностоп Кубань-Вино,Красностоп Анапский,Красное сухое,kuban-vino-shato-tamane-rezerv-krasnostop-krasnostop-anapskiy-krasnoe-suhoe-135,kuban-vino-shato-tamane-rezerv-krasnostop-krasnostop-anapskiy-krasnoe-suhoe-135.webp
Шато Тамань Резерв Красностоп,красное сухое Шато Тамань Резерв Красностоп Кубань-Вино,Красностоп Анапский,Красное сухое,kuban-vino-shato-tamane-rezerv-krasnostop-krasnostop-anapskiy-krasnoe-suhoe-135,kuban-vino-shato-tamane-rezerv-krasnostop-krasnostop-anapskiy-krasnoe-suhoe-135_bottom.webp
Шато Тамань Резерв Премьер Руж,красное сухое Шато Тамань Резерв Премьер Руж Кубань-Вино,,Красное сухое,kuban-vino-shato-tamane-rezerv-premer-ruzh-kaberne-sovinon-krasnoe-suhoe-13,kuban-vino-shato-tamane-rezerv-premer-ruzh-kaberne-sovinon-krasnoe-suhoe-13.webp
Шато Тамань Резерв Премьер Руж,красное сухое Шато Тамань Резерв Премьер Руж Кубань-Вино,,Красное сухое,kuban-vino-shato-tamane-rezerv-premer-ruzh-kaberne-sovinon-krasnoe-suhoe-13,kuban-vino-shato-tamane-rezerv-premer-ruzh-kaberne-sovinon-krasnoe-suhoe-13_bottom.webp
Зелёная Долина Шардоне,белое сухое Зелёная Долина Шардоне Союз-Вино,Шардоне,Белое сухое,soyuz-vino-zelyonaya-dolina-shardone-beloe-suhoe-12,soyuz-vino-zelyonaya-dolina-shardone-beloe-suhoe-12.webp
Зелёная Долина Шардоне,белое сухое Зелёная Долина Шардоне Союз-Вино,Шардоне,Белое сухое,soyuz-vino-zelyonaya-dolina-shardone-beloe-suhoe-12,soyuz-vino-zelyonaya-dolina-shardone-beloe-suhoe-12_bottom.webp
Шато де Монгольфьер Шираз Моэллё,красное полусладкое Шато де Монгольфьер Шираз Моэллё Союз-Вино,Шираз,Красное полусладкое,soyuz-vino-shato-de-mongolfer-shiraz-moellyo-krasnoe-polusladkoe-11,soyuz-vino-shato-de-mongolfer-shiraz-moellyo-krasnoe-polusladkoe-11.webp
Шато де Монгольфьер Шираз Моэллё,красное полусладкое Шато де Монгольфьер Шираз Моэллё Союз-Вино,Шираз,Красное полусладкое,soyuz-vino-shato-de-mongolfer-shiraz-moellyo-krasnoe-polusladkoe-11,soyuz-vino-shato-de-mongolfer-shiraz-moellyo-krasnoe-polusladkoe-11_bottom.webp
Зелёная Долина Каберне-Мерло,красное полусладкое Зелёная Долина Каберне-Мерло Союз-Вино,,Красное полусладкое,soyuz-vino-zelyonaya-dolina-kaberne-merlo-kaberne-sovinon-krasnoe-polusladkoe-12,soyuz-vino-zelyonaya-dolina-kaberne-merlo-kaberne-sovinon-krasnoe-polusladkoe-12.webp
Зелёная Долина Каберне-Мерло,красное полусладкое Зелёная Долина Каберне-Мерло Союз-Вино,,Красное полусладкое,soyuz-vino-zelyonaya-dolina-kaberne-merlo-kaberne-sovinon-krasnoe-polusladkoe-12,soyuz-vino-zelyonaya-dolina-kaberne-merlo-kaberne-sovinon-krasnoe-polusladkoe-12_bottom.webp
Зелёная Долина Каберне Совиньон,красное сухое Зелёная Долина Каберне Совиньон Союз-Вино,Каберне Совиньон,Красное сухое,soyuz-vino-zelyonaya-dolina-kaberne-sovinon-krasnoe-suhoe-12,soyuz-vino-zelyonaya-dolina-kaberne-sovinon-krasnoe-suhoe-12.webp
Зелёная Долина Каберне Совиньон,красное сухое Зелёная Долина Каберне Совиньон Союз-Вино,Каберне Совиньон,Красное сухое,soyuz-vino-zelyonaya-dolina-kaberne-sovinon-krasnoe-suhoe-12,soyuz-vino-zelyonaya-dolina-kaberne-sovinon-krasnoe-suhoe-12_bottom.webp
Зелёная Долина Совиньон Блан Сухое,белое сухое Зелёная Долина Совиньон Блан Сухое Союз-Вино,Совиньон Блан,Белое сухое,soyuz-vino-zelyonaya-dolina-sovinon-blan-suhoe-beloe-12,soyuz-vino-zelyonaya-dolina-sovinon-blan-suhoe-beloe-12.webp
Зелёная Долина Совиньон Блан Сухое,белое сухое Зелёная Долина Совиньон Блан Сухое Союз-Вино,Совиньон Блан,Белое сухое,soyuz-vino-zelyonaya-dolina-sovinon-blan-suhoe-beloe-12,soyuz-vino-zelyonaya-dolina-sovinon-blan-suhoe-beloe-12_bottom.webp
Зелёная Долина Пино Нуар,красное сухое Зелёная Долина Пино Нуар Союз-Вино,Пино Нуар,Красное сухое,soyuz-vino-zelyonaya-dolina-pino-nuar-krasnoe-suhoe-12,soyuz-vino-zelyonaya-dolina-pino-nuar-krasnoe-suhoe-12.webp
Зелёная Долина Пино Нуар,красное сухое Зелёная Долина Пино Нуар Союз-Вино,Пино Нуар,Красное сухое,soyuz-vino-zelyonaya-dolina-pino-nuar-krasnoe-suhoe-12,soyuz-vino-zelyonaya-dolina-pino-nuar-krasnoe-suhoe-12_bottom.webp
Шато Тамань Терруар Красностоп-Саперави 2022,красное сухое Шато Тамань Терруар Красностоп-Саперави 2022 Кубань-Вино,,Красное сухое,kuban-vino-shato-tamane-terruar-krasnostop-saperavi-2022-krasnoe-suhoe-125,kuban-vino-shato-tamane-terruar-krasnostop-saperavi-2022-krasnoe-suhoe-125.webp
Шато Тамань Терруар Красностоп-Саперави 2022,красное сухое Шато Тамань Терруар Красностоп-Саперави 2022 Кубань-Вино,,Красное сухое,kuban-vino-shato-tamane-terruar-krasnostop-saperavi-2022-krasnoe-suhoe-125,kuban-vino-shato-tamane-terruar-krasnostop-saperavi-2022-krasnoe-suhoe-125_bottom.webp
Шато Тамань Алиготе,белое сухое Шато Тамань Алиготе Кубань-Вино,Алиготе,Белое сухое,kuban-vino-shato-tamane-aligote-beloe-suhoe-13,kuban-vino-shato-tamane-aligote-beloe-suhoe-13.webp
Шато Тамань Алиготе,белое сухое Шато Тамань Алиготе Кубань-Вино,Алиготе,Белое сухое,kuban-vino-shato-tamane-aligote-beloe-suhoe-13,kuban-vino-shato-tamane-aligote-beloe-suhoe-13_bottom.webp
Шато Тамань Резерв Коллекшн Шардоне,белое сухое Шато Тамань Резерв Коллекшн Шардоне Кубань-Вино,Шардоне,Белое сухое,kuban-vino-shato-tamane-rezerv-kollekshn-shardone-beloe-suhoe-125,kuban-vino-shato-tamane-rezerv-kollekshn-shardone-beloe-suhoe-125.webp
Шато Тамань Резерв Коллекшн Шардоне,белое сухое Шато Тамань Резерв Коллекшн Шардоне Кубань-Вино,Шардоне,Белое сухое,kuban-vino-shato-tamane-rezerv-kollekshn-shardone-beloe-suhoe-125,kuban-vino-shato-tamane-rezerv-kollekshn-shardone-beloe-suhoe-125_bottom.webp
Шато Тамань Резерв Мюллер-Тургау Лимитед Эдишн 2021,белое сухое Шато Тамань Резерв Мюллер-Тургау Лимитед Эдишн 2021 Кубань-Вино,Мюллер-Тургау,Белое сухое,kuban-vino-shato-tamane-rezerv-myuller-turgau-limited-edishn-2021-beloe-suhoe-12,kuban-vino-shato-tamane-rezerv-myuller-turgau-limited-edishn-2021-beloe-suhoe-12.webp
Шато Тамань Резерв Мюллер-Тургау Лимитед Эдишн 2021,белое сухое Шато Тамань Резерв Мюллер-Тургау Лимитед Эдишн 2021 Кубань-Вино,Мюллер-Тургау,Белое сухое,kuban-vino-shato-tamane-rezerv-myuller-turgau-limited-edishn-2021-beloe-suhoe-12,kuban-vino-shato-tamane-rezerv-myuller-turgau-limited-edishn-2021-beloe-suhoe-12_bottom.webp
Каберне де Тамань,красное сухое Каберне де Тамань Кубань-Вино,Каберне Совиньон,Красное сухое,kuban-vino-kaberne-de-tamane-kaberne-sovinon-krasnoe-suhoe-125,kuban-vino-kaberne-de-tamane-kaberne-sovinon-krasnoe-suhoe-125.webp
Каберне де Тамань,красное сухое Каберне де Тамань Кубань-Вино,Каберне Совиньон,Красное сухое,kuban-vino-kaberne-de-tamane-kaberne-sovinon-krasnoe-suhoe-125,kuban-vino-kaberne-de-tamane-kaberne-sovinon-krasnoe-suhoe-125_bottom.webp
Шато Тамань Руж 2023,красное сухое Шато Тамань Руж 2023 Кубань-Вино,,Красное сухое,kuban-vino-shato-tamane-ruzh-2023-tsvaygelt-krasnoe-suhoe-12,kuban-vino-shato-tamane-ruzh-2023-tsvaygelt-krasnoe-suhoe-12.webp
Шато Тамань Руж 2023,красное сухое Шато Тамань Руж 2023 Кубань-Вино,,Красное сухое,kuban-vino-shato-tamane-ruzh-2023-tsvaygelt-krasnoe-suhoe-12,kuban-vino-shato-tamane-ruzh-2023-tsvaygelt-krasnoe-suhoe-12_bottom.webp
Саперави де Тамань,красное сухое Саперави де Тамань Кубань-Вино,Саперави,Красное сухое,kuban-vino-saperavi-de-tamane-krasnoe-suhoe-125,kuban-vino-saperavi-de-tamane-krasnoe-suhoe-125.webp
Саперави де Тамань,красное сухое Саперави де Тамань Кубань-Вино,Саперави,Красное сухое,kuban-vino-saperavi-de-tamane-krasnoe-suhoe-125,kuban-vino-saperavi-de-tamane-krasnoe-suhoe-125_bottom.webp
Шато Тамань Резерв Мерло Лимитед Эдишн 2018,красное сухое Шато Тамань Резерв Мерло Лимитед Эдишн 2018 Кубань-Вино,Мерло,Красное сухое,kuban-vino-shato-tamane-rezerv-merlo-limited-edishn-2018-krasnoe-suhoe-125,kuban-vino-shato-tamane-rezerv-merlo-limited-edishn-2018-krasnoe-suhoe-125.webp
Шато Тамань Резерв Мерло Лимитед Эдишн 2018,красное сухое Шато Тамань Резерв Мерло Лимитед Эдишн 2018 Кубань-Вино,Мерло,Красное сухое,kuban-vino-shato-tamane-rezerv-merlo-limited-edishn-2018-krasnoe-suhoe-125,kuban-vino-shato-tamane-rezerv-merlo-limited-edishn-2018-krasnoe-suhoe-125_bottom.webp
Шато Тамань Резерв Коллекшн Саперави 2015,красное сухое Шато Тамань Резерв Коллекшн Саперави 2015 Кубань-Вино,Саперави,Красное сухое,kuban-vino-shato-tamane-rezerv-kollekshn-saperavi-2015-krasnoe-suhoe-13,kuban-vino-shato-tamane-rezerv-kollekshn-saperavi-2015-krasnoe-suhoe-13.webp
Шато Тамань Резерв Коллекшн Саперави 2015,красное сухое Шато Тамань Резерв Коллекшн Саперави 2015 Кубань-Вино,Саперави,Красное сухое,kuban-vino-shato-tamane-rezerv-kollekshn-saperavi-2015-krasnoe-suhoe-13,kuban-vino-shato-tamane-rezerv-kollekshn-saperavi-2015-krasnoe-suhoe-13_bottom.webp
Шато Тамань Ркацители-Мюллер Тургау-Шардоне 2025,белое сухое Шато Тамань Ркацители-Мюллер Тургау-Шардоне 2025 Кубань-Вино,,Белое сухое,kuban-vino-shato-tamane-rkatsiteli-myuller-turgau-shardone-2025-beloe-suhoe-12,kuban-vino-shato-tamane-rkatsiteli-myuller-turgau-shardone-2025-beloe-suhoe-12.webp
Шато Тамань Ркацители-Мюллер Тургау-Шардоне 2025,белое сухое Шато Тамань Ркацители-Мюллер Тургау-Шардоне 2025 Кубань-Вино,,Белое сухое,kuban-vino-shato-tamane-rkatsiteli-myuller-turgau-shardone-2025-beloe-suhoe-12,kuban-vino-shato-tamane-rkatsiteli-myuller-turgau-shardone-2025-beloe-suhoe-12_bottom.webp
Шато Тамань Резерв Мюллер-Тургау Лимитед Эдишн,белое сухое Шато Тамань Резерв Мюллер-Тургау Лимитед Эдишн Кубань-Вино,Мюллер-Тургау,Белое сухое,kuban-vino-shato-tamane-rezerv-myuller-turgau-limited-edishn-beloe-suhoe-13,kuban-vino-shato-tamane-rezerv-myuller-turgau-limited-edishn-beloe-suhoe-13.webp
Шато Тамань Резерв Мюллер-Тургау Лимитед Эдишн,белое сухое Шато Тамань Резерв Мюллер-Тургау Лимитед Эдишн Кубань-Вино,Мюллер-Тургау,Белое сухое,kuban-vino-shato-tamane-rezerv-myuller-turgau-limited-edishn-beloe-suhoe-13,kuban-vino-shato-tamane-rezerv-myuller-turgau-limited-edishn-beloe-suhoe-13_bottom.webp
Шато Тамань Резерв Каберне Лимитед Эдишн 2015,красное сухое Шато Тамань Резерв Каберне Лимитед Эдишн 2015 Кубань-Вино,Каберне Совиньон,Красное сухое,kuban-vino-shato-tamane-rezerv-kaberne-limited-edishn-2015-kaberne-sovinon-krasnoe-suhoe-13,kuban-vino-shato-tamane-rezerv-kaberne-limited-edishn-2015-kaberne-sovinon-krasnoe-suhoe-13.webp
Шато Тамань Резерв Каберне Лимитед Эдишн 2015,красное сухое Шато Тамань Резерв Каберне Лимитед Эдишн 2015 Кубань-Вино,Каберне Совиньон,Красное сухое,kuban-vino-shato-tamane-rezerv-kaberne-limited-edishn-2015-kaberne-sovinon-krasnoe-suhoe-13,kuban-vino-shato-tamane-rezerv-kaberne-limited-edishn-2015-kaberne-sovinon-krasnoe-suhoe-13_bottom.webp
Шато Тамань Резерв Каберне Лимитед Эдишн 2022,красное сухое Шато Тамань Резерв Каберне Лимитед Эдишн 2022 Кубань-Вино,Каберне Совиньон,Красное сухое,kuban-vino-shato-tamane-rezerv-kaberne-limited-edishn-2022-kaberne-sovinon-krasnoe-suhoe-14,kuban-vino-shato-tamane-rezerv-kaberne-limited-edishn-2022-kaberne-sovinon-krasnoe-suhoe-14.webp
Шато Тамань Резерв Каберне Лимитед Эдишн 2022,красное сухое Шато Тамань Резерв Каберне Лимитед Эдишн 2022 Кубань-Вино,Каберне Совиньон,Красное сухое,kuban-vino-shato-tamane-rezerv-kaberne-limited-edishn-2022-kaberne-sovinon-krasnoe-suhoe-14,kuban-vino-shato-tamane-rezerv-kaberne-limited-edishn-2022-kaberne-sovinon-krasnoe-suhoe-14_bottom.webp
Шато Тамань Резерв Ред Бленд,красное сухое Шато Тамань Резерв Ред Бленд Кубань-Вино,,Красное сухое,kuban-vino-shato-tamane-rezerv-red-blend-kaberne-sovinon-krasnoe-suhoe-125,kuban-vino-shato-tamane-rezerv-red-blend-kaberne-sovinon-krasnoe-suhoe-125.webp
Шато Тамань Резерв Ред Бленд,красное сухое Шато Тамань Резерв Ред Бленд Кубань-Вино,,Красное сухое,kuban-vino-shato-tamane-rezerv-red-blend-kaberne-sovinon-krasnoe-suhoe-125,kuban-vino-shato-tamane-rezerv-red-blend-kaberne-sovinon-krasnoe-suhoe-125_bottom.webp
Аристов Бьянко Полусладкое,белое полусладкое Аристов Бьянко Полусладкое Кубань-Вино,Шардоне,Белое полусладкое,kuban-vino-aristov-byanko-polusladkoe-shardone-beloe-13,kuban-vino-aristov-byanko-polusladkoe-shardone-beloe-13.webp
Аристов Бьянко Полусладкое,белое полусладкое Аристов Бьянко Полусладкое Кубань-Вино,Шардоне,Белое полусладкое,kuban-vino-aristov-byanko-polusladkoe-shardone-beloe-13,kuban-vino-aristov-byanko-polusladkoe-shardone-beloe-13_bottom.webp
Аристов Анима Пино Гриджио Блаш,розовое сухое Аристов Анима Пино Гриджио Блаш Кубань-Вино,Пино Гриджио,Розовое сухое,kuban-vino-aristov-anima-pino-gridzhio-blash-rozovoe-suhoe-125,kuban-vino-aristov-anima-pino-gridzhio-blash-rozovoe-suhoe-125.webp
Аристов Анима Пино Гриджио Блаш,розовое сухое Аристов Анима Пино Гриджио Блаш Кубань-Вино,Пино Гриджио,Розовое сухое,kuban-vino-aristov-anima-pino-gridzhio-blash-rozovoe-suhoe-125,kuban-vino-aristov-anima-pino-gridzhio-blash-rozovoe-suhoe-125_bottom.webp
Аристов 8 Розе 0.7,розовое сухое Аристов 8 Розе 0.7 Кубань-Вино,Мерло,Розовое сухое,kuban-vino-aristov-8-roze-07-merlo-rozovoe-suhoe-8,kuban-vino-aristov-8-roze-07-merlo-rozovoe-suhoe-8.webp
Аристов 8 Розе 0.7,розовое сухое Аристов 8 Розе 0.7 Кубань-Вино,Мерло,Розовое сухое,kuban-vino-aristov-8-roze-07-merlo-rozovoe-suhoe-8,kuban-vino-aristov-8-roze-07-merlo-rozovoe-suhoe-8_bottom.webp
Аристов 8 Бьянко 0.7,белое сухое Аристов 8 Бьянко 0.7 Кубань-Вино,Шардоне,Белое сухое,kuban-vino-aristov-8-byanko-07-shardone-beloe-suhoe-8,kuban-vino-aristov-8-byanko-07-shardone-beloe-suhoe-8.webp
Аристов 8 Бьянко 0.7,белое сухое Аристов 8 Бьянко 0.7 Кубань-Вино,Шардоне,Белое сухое,kuban-vino-aristov-8-byanko-07-shardone-beloe-suhoe-8,kuban-vino-aristov-8-byanko-07-shardone-beloe-suhoe-8_bottom.webp
Аристов Россо Полусладкое,красное полусладкое Аристов Россо Полусладкое Кубань-Вино,Саперави,Красное полусладкое,kuban-vino-aristov-rosso-polusladkoe-saperavi-krasnoe-13,kuban-vino-aristov-rosso-polusladkoe-saperavi-krasnoe-13.webp
Аристов Россо Полусладкое,красное полусладкое Аристов Россо Полусладкое Кубань-Вино,Саперави,Красное полусладкое,kuban-vino-aristov-rosso-polusladkoe-saperavi-krasnoe-13,kuban-vino-aristov-rosso-polusladkoe-saperavi-krasnoe-13_bottom.webp
Аристов 8 Розе,розовое сухое Аристов 8 Розе Кубань-Вино,Мерло,Розовое сухое,kuban-vino-aristov-8-roze-merlo-rozovoe-suhoe-8,kuban-vino-aristov-8-roze-merlo-rozovoe-suhoe-8.webp
Аристов 8 Розе,розовое сухое Аристов 8 Розе Кубань-Вино,Мерло,Розовое сухое,kuban-vino-aristov-8-roze-merlo-rozovoe-suhoe-8,kuban-vino-aristov-8-roze-merlo-rozovoe-suhoe-8_bottom.webp
Аристов Анима Пино Неро Санджовезе,красное сухое Аристов Анима Пино Неро Санджовезе Кубань-Вино,,Красное сухое,kuban-vino-aristov-anima-pino-nero-sandzhoveze-pino-nuar-krasnoe-suhoe-125,kuban-vino-aristov-anima-pino-nero-sandzhoveze-pino-nuar-krasnoe-suhoe-125.webp
Аристов Анима Пино Неро Санджовезе,красное сухое Аристов Анима Пино Неро Санджовезе Кубань-Вино,,Красное сухое,kuban-vino-aristov-anima-pino-nero-sandzhoveze-pino-nuar-krasnoe-suhoe-125,kuban-vino-aristov-anima-pino-nero-sandzhoveze-pino-nuar-krasnoe-suhoe-125_bottom.webp
Аристов Каберне Совиньон Розе,розовое сухое Аристов Каберне Совиньон Розе Кубань-Вино,Каберне Совиньон,Розовое сухое,kuban-vino-aristov-kaberne-sovinon-roze-rozovoe-suhoe-12,kuban-vino-aristov-kaberne-sovinon-roze-rozovoe-suhoe-12.webp
Аристов Каберне Совиньон Розе,розовое сухое Аристов Каберне Совиньон Розе Кубань-Вино,Каберне Совиньон,Розовое сухое,kuban-vino-aristov-kaberne-sovinon-roze-rozovoe-suhoe-12,kuban-vino-aristov-kaberne-sovinon-roze-rozovoe-suhoe-12_bottom.webp
Аристов Цвайгельт 320,розовое сухое Аристов Цвайгельт 320 Кубань-Вино,Цвайгельт,Розовое сухое,kuban-vino-aristov-tsvaygelt-320-rozovoe-suhoe-125,kuban-vino-aristov-tsvaygelt-320-rozovoe-suhoe-125.webp
Аристов Цвайгельт 320,розовое сухое Аристов Цвайгельт 320 Кубань-Вино,Цвайгельт,Розовое сухое,kuban-vino-aristov-tsvaygelt-320-rozovoe-suhoe-125,kuban-vino-aristov-tsvaygelt-320-rozovoe-suhoe-125_bottom.webp
Аристов Каберне Совиньон Розе 2020,розовое сухое Аристов Каберне Совиньон Розе 2020 Кубань-Вино,Каберне Совиньон,Розовое сухое,kuban-vino-aristov-kaberne-sovinon-roze-2020-rozovoe-suhoe-12,kuban-vino-aristov-kaberne-sovinon-roze-2020-rozovoe-suhoe-12.webp
Аристов Каберне Совиньон Розе 2020,розовое сухое Аристов Каберне Совиньон Розе 2020 Кубань-Вино,Каберне Совиньон,Розовое сухое,kuban-vino-aristov-kaberne-sovinon-roze-2020-rozovoe-suhoe-12,kuban-vino-aristov-kaberne-sovinon-roze-2020-rozovoe-suhoe-12_bottom.webp
Аристов 8 Бьянко,белое сухое Аристов 8 Бьянко Кубань-Вино,Шардоне,Белое сухое,kuban-vino-aristov-8-byanko-shardone-beloe-suhoe-8,kuban-vino-aristov-8-byanko-shardone-beloe-suhoe-8.webp
Аристов 8 Бьянко,белое сухое Аристов 8 Бьянко Кубань-Вино,Шардоне,Белое сухое,kuban-vino-aristov-8-byanko-shardone-beloe-suhoe-8,kuban-vino-aristov-8-byanko-shardone-beloe-suhoe-8_bottom.webp
Аристов Шардоне 318,белое сухое Аристов Шардоне 318 Кубань-Вино,Шардоне,Белое сухое,kuban-vino-aristov-shardone-318-beloe-suhoe-115,kuban-vino-aristov-shardone-318-beloe-suhoe-115.webp
Аристов Шардоне 318,белое сухое Аристов Шардоне 318 Кубань-Вино,Шардоне,Белое сухое,kuban-vino-aristov-shardone-318-beloe-suhoe-115,kuban-vino-aristov-shardone-318-beloe-suhoe-115_bottom.webp
Аристов Каберне Совиньон,красное сухое Аристов Каберне Совиньон Кубань-Вино,Каберне Совиньон,Красное сухое,kuban-vino-aristov-kaberne-sovinon-krasnoe-suhoe-13,kuban-vino-aristov-kaberne-sovinon-krasnoe-suhoe-13.webp
Аристов Каберне Совиньон,красное сухое Аристов Каберне Совиньон Кубань-Вино,Каберне Совиньон,Красное сухое,kuban-vino-aristov-kaberne-sovinon-krasnoe-suhoe-13,kuban-vino-aristov-kaberne-sovinon-krasnoe-suhoe-13_bottom.webp
Аристов Анима Пино Гриджио,белое сухое Аристов Анима Пино Гриджио Кубань-Вино,Пино Гриджио,Белое сухое,kuban-vino-aristov-anima-pino-gridzhio-beloe-suhoe-12,kuban-vino-aristov-anima-pino-gridzhio-beloe-suhoe-12.webp
Аристов Анима Пино Гриджио,белое сухое Аристов Анима Пино Гриджио Кубань-Вино,Пино Гриджио,Белое сухое,kuban-vino-aristov-anima-pino-gridzhio-beloe-suhoe-12,kuban-vino-aristov-anima-pino-gridzhio-beloe-suhoe-12_bottom.webp
Аристов Амата Бьянко,белое сухое Аристов Амата Бьянко Кубань-Вино,Шардоне,Белое сухое,kuban-vino-aristov-amata-byanko-shardone-beloe-suhoe-125,kuban-vino-aristov-amata-byanko-shardone-beloe-suhoe-125.webp
Аристов Амата Бьянко,белое сухое Аристов Амата Бьянко Кубань-Вино,Шардоне,Белое сухое,kuban-vino-aristov-amata-byanko-shardone-beloe-suhoe-125,kuban-vino-aristov-amata-byanko-shardone-beloe-suhoe-125_bottom.webp
Аристов Амата Розе,розовое сухое Аристов Амата Розе Кубань-Вино,Каберне Совиньон,Розовое сухое,kuban-vino-aristov-amata-roze-kaberne-sovinon-rozovoe-suhoe-13,kuban-vino-aristov-amata-roze-kaberne-sovinon-rozovoe-suhoe-13.webp
Аристов Амата Розе,розовое сухое Аристов Амата Розе Кубань-Вино,Каберне Совиньон,Розовое сухое,kuban-vino-aristov-amata-roze-kaberne-sovinon-rozovoe-suhoe-13,kuban-vino-aristov-amata-roze-kaberne-sovinon-rozovoe-suhoe-13_bottom.webp
Аристов Амата Россо,красное сухое Аристов Амата Россо Кубань-Вино,Каберне Совиньон,Красное сухое,kuban-vino-aristov-amata-rosso-kaberne-sovinon-krasnoe-suhoe-145,kuban-vino-aristov-amata-rosso-kaberne-sovinon-krasnoe-suhoe-145.webp
Аристов Амата Россо,красное сухое Аристов Амата Россо Кубань-Вино,Каберне Совиньон,Красное сухое,kuban-vino-aristov-amata-rosso-kaberne-sovinon-krasnoe-suhoe-145,kuban-vino-aristov-amata-rosso-kaberne-sovinon-krasnoe-suhoe-145_bottom.webp
Аристов Рислинг,белое сухое Аристов Рислинг Кубань-Вино,Рислинг,Белое сухое,kuban-vino-aristov-risling-beloe-suhoe-115,kuban-vino-aristov-risling-beloe-suhoe-115.webp
Аристов Рислинг,белое сухое Аристов Рислинг Кубань-Вино,Рислинг,Белое сухое,kuban-vino-aristov-risling-beloe-suhoe-115,kuban-vino-aristov-risling-beloe-suhoe-115_bottom.webp
Аристов Бьянко,белое сухое Аристов Бьянко Кубань-Вино,Шардоне,Белое сухое,kuban-vino-aristov-byanko-shardone-beloe-suhoe-13,kuban-vino-aristov-byanko-shardone-beloe-suhoe-13.webp
Аристов Бьянко,белое сухое Аристов Бьянко Кубань-Вино,Шардоне,Белое сухое,kuban-vino-aristov-byanko-shardone-beloe-suhoe-13,kuban-vino-aristov-byanko-shardone-beloe-suhoe-13_bottom.webp
Аристов Санджовезе,красное сухое Аристов Санджовезе Кубань-Вино,Санджовезе,Красное сухое,kuban-vino-aristov-sandzhoveze-krasnoe-suhoe-13,kuban-vino-aristov-sandzhoveze-krasnoe-suhoe-13.webp
Аристов Санджовезе,красное сухое Аристов Санджовезе Кубань-Вино,Санджовезе,Красное сухое,kuban-vino-aristov-sandzhoveze-krasnoe-suhoe-13,kuban-vino-aristov-sandzhoveze-krasnoe-suhoe-13_bottom.webp
Аристов Анима Мичела 2023,красное сухое Аристов Анима Мичела 2023 Кубань-Вино,,Красное сухое,kuban-vino-aristov-anima-michela-2023-sandzhoveze-krasnoe-suhoe-115,kuban-vino-aristov-anima-michela-2023-sandzhoveze-krasnoe-suhoe-115.webp
Аристов Анима Мичела 2023,красное сухое Аристов Анима Мичела 2023 Кубань-Вино,,Красное сухое,kuban-vino-aristov-anima-michela-2023-sandzhoveze-krasnoe-suhoe-115,kuban-vino-aristov-anima-michela-2023-sandzhoveze-krasnoe-suhoe-115_bottom.webp
Шато Тамань Терруар Красностоп-Саперави 2023,красное сухое Шато Тамань Терруар Красностоп-Саперави 2023 Кубань-Вино,,Красное сухое,kuban-vino-shato-tamane-terruar-krasnostop-saperavi-2023-krasnoe-suhoe-125,kuban-vino-shato-tamane-terruar-krasnostop-saperavi-2023-krasnoe-suhoe-125.webp
Шато Тамань Терруар Красностоп-Саперави 2023,красное сухое Шато Тамань Терруар Красностоп-Саперави 2023 Кубань-Вино,,Красное сухое,kuban-vino-shato-tamane-terruar-krasnostop-saperavi-2023-krasnoe-suhoe-125,kuban-vino-shato-tamane-terruar-krasnostop-saperavi-2023-krasnoe-suhoe-125_bottom.webp
Шато Тамань Деликейт Розе 2024,розовое сухое Шато Тамань Деликейт Розе 2024 Кубань-Вино,,Розовое сухое,kuban-vino-shato-tamane-delikeyt-roze-2024-bianka-rozovoe-suhoe-95,kuban-vino-shato-tamane-delikeyt-roze-2024-bianka-rozovoe-suhoe-95.webp
Шато Тамань Деликейт Розе 2024,розовое сухое Шато Тамань Деликейт Розе 2024 Кубань-Вино,,Розовое сухое,kuban-vino-shato-tamane-delikeyt-roze-2024-bianka-rozovoe-suhoe-95,kuban-vino-shato-tamane-delikeyt-roze-2024-bianka-rozovoe-suhoe-95_bottom.webp
Высокий Берег Мюллер-Тургау,белое сухое Высокий Берег Мюллер-Тургау Кубань-Вино,Мюллер-Тургау,Белое сухое,kuban-vino-vysokiy-bereg-myuller-turgau-beloe-suhoe-13,kuban-vino-vysokiy-bereg-myuller-turgau-beloe-suhoe-13.webp
Высокий Берег Мюллер-Тургау,белое сухое Высокий Берег Мюллер-Тургау Кубань-Вино,Мюллер-Тургау,Белое сухое,kuban-vino-vysokiy-bereg-myuller-turgau-beloe-suhoe-13,kuban-vino-vysokiy-bereg-myuller-turgau-beloe-suhoe-13_bottom.webp
Аристов Верде,белое полусухое Аристов Верде Кубань-Вино,Мускат,Белое полусухое,kuban-vino-aristov-verde-muskat-beloe-polusuhoe-11,kuban-vino-aristov-verde-muskat-beloe-polusuhoe-11.webp
Аристов Верде,белое полусухое Аристов Верде Кубань-Вино,Мускат,Белое полусухое,kuban-vino-aristov-verde-muskat-beloe-polusuhoe-11,kuban-vino-aristov-verde-muskat-beloe-polusuhoe-11_bottom.webp
Флёр дю Сюд Руж де Тамань,красное сухое Флёр дю Сюд Руж де Тамань Кубань-Вино,,Красное сухое,kuban-vino-flyor-dyu-syud-ruzh-de-tamane-rubin-golodrigi-krasnoe-suhoe-12,kuban-vino-flyor-dyu-syud-ruzh-de-tamane-rubin-golodrigi-krasnoe-suhoe-12.webp
Флёр дю Сюд Руж де Тамань,красное сухое Флёр дю Сюд Руж де Тамань Кубань-Вино,,Красное сухое,kuban-vino-flyor-dyu-syud-ruzh-de-tamane-rubin-golodrigi-krasnoe-suhoe-12,kuban-vino-flyor-dyu-syud-ruzh-de-tamane-rubin-golodrigi-krasnoe-suhoe-12_bottom.webp
Шато Тамань Селект Оранж,оранжевое сухое Шато Тамань Селект Оранж Кубань-Вино,Цитронный Магарача,Оранжевое сухое,kuban-vino-shato-tamane-selekt-oranzh-tsitronnyy-magaracha-oranzhevoe-suhoe-135,kuban-vino-shato-tamane-selekt-oranzh-tsitronnyy-magaracha-oranzhevoe-suhoe-135.webp
Шато Тамань Селект Оранж,оранжевое сухое Шато Тамань Селект Оранж Кубань-Вино,Цитронный Магарача,Оранжевое сухое,kuban-vino-shato-tamane-selekt-oranzh-tsitronnyy-magaracha-oranzhevoe-suhoe-135,kuban-vino-shato-tamane-selekt-oranzh-tsitronnyy-magaracha-oranzhevoe-suhoe-135_bottom.webp
Флёр дю Сюд Розе де Тамань,розовое сухое Флёр дю Сюд Розе де Тамань Кубань-Вино,,Розовое сухое,kuban-vino-flyor-dyu-syud-roze-de-tamane-traminer-rozovyy-rozovoe-suhoe-125,kuban-vino-flyor-dyu-syud-roze-de-tamane-traminer-rozovyy-rozovoe-suhoe-125.webp
Флёр дю Сюд Розе де Тамань,розовое сухое Флёр дю Сюд Розе де Тамань Кубань-Вино,,Розовое сухое,kuban-vino-flyor-dyu-syud-roze-de-tamane-traminer-rozovyy-rozovoe-suhoe-125,kuban-vino-flyor-dyu-syud-roze-de-tamane-traminer-rozovyy-rozovoe-suhoe-125_bottom.webp
Красностоп де Тамань,красное сухое Красностоп де Тамань Кубань-Вино,Красностоп Анапский,Красное сухое,kuban-vino-krasnostop-de-tamane-krasnostop-anapskiy-krasnoe-suhoe-13,kuban-vino-krasnostop-de-tamane-krasnostop-anapskiy-krasnoe-suhoe-13.webp
Красностоп де Тамань,красное сухое Красностоп де Тамань Кубань-Вино,Красностоп Анапский,Красное сухое,kuban-vino-krasnostop-de-tamane-krasnostop-anapskiy-krasnoe-suhoe-13,kuban-vino-krasnostop-de-tamane-krasnostop-anapskiy-krasnoe-suhoe-13_bottom.webp
Шато Тамань Селект Руж,красное сухое Шато Тамань Селект Руж Кубань-Вино,,Красное сухое,kuban-vino-shato-tamane-selekt-ruzh-saperavi-krasnoe-suhoe-125,kuban-vino-shato-tamane-selekt-ruzh-saperavi-krasnoe-suhoe-125.webp
Шато Тамань Селект Руж,красное сухое Шато Тамань Селект Руж Кубань-Вино,,Красное сухое,kuban-vino-shato-tamane-selekt-ruzh-saperavi-krasnoe-suhoe-125,kuban-vino-shato-tamane-selekt-ruzh-saperavi-krasnoe-suhoe-125_bottom.webp
Флёр дю Сюд Блан де Тамань,белое сухое Флёр дю Сюд Блан де Тамань Кубань-Вино,,Белое сухое,kuban-vino-flyor-dyu-syud-blan-de-tamane-tsvetochnyy-beloe-suhoe-115,kuban-vino-flyor-dyu-syud-blan-de-tamane-tsvetochnyy-beloe-suhoe-115.webp
Флёр дю Сюд Блан де Тамань,белое сухое Флёр дю Сюд Блан де Тамань Кубань-Вино,,Белое сухое,kuban-vino-flyor-dyu-syud-blan-de-tamane-tsvetochnyy-beloe-suhoe-115,kuban-vino-flyor-dyu-syud-blan-de-tamane-tsvetochnyy-beloe-suhoe-115_bottom.webp
Высокий Берег Мерло,красное сухое Высокий Берег Мерло Кубань-Вино,Мерло,Красное сухое,kuban-vino-vysokiy-bereg-merlo-krasnoe-suhoe-135,kuban-vino-vysokiy-bereg-merlo-krasnoe-suhoe-135.webp
Высокий Берег Мерло,красное сухое Высокий Берег Мерло Кубань-Вино,Мерло,Красное сухое,kuban-vino-vysokiy-bereg-merlo-krasnoe-suhoe-135,kuban-vino-vysokiy-bereg-merlo-krasnoe-suhoe-135_bottom.webp
Терра Пиа Кальдера Бленд,белое сухое Терра Пиа Кальдера Бленд Союз-Вино,,Белое сухое,soyuz-vino-terra-pia-kaldera-blend-risling-reynskiy-beloe-suhoe-11,soyuz-vino-terra-pia-kaldera-blend-risling-reynskiy-beloe-suhoe-11.webp
Терра Пиа Кальдера Бленд,белое сухое Терра Пиа Кальдера Бленд Союз-Вино,,Белое сухое,soyuz-vino-terra-pia-kaldera-blend-risling-reynskiy-beloe-suhoe-11,soyuz-vino-terra-pia-kaldera-blend-risling-reynskiy-beloe-suhoe-11_bottom.webp
Терра Пиа Лава Бленд,красное сухое Терра Пиа Лава Бленд Союз-Вино,,Красное сухое,soyuz-vino-terra-pia-lava-blend-merlo-krasnoe-suhoe-12,soyuz-vino-terra-pia-lava-blend-merlo-krasnoe-suhoe-12.webp
Терра Пиа Лава Бленд,красное сухое Терра Пиа Лава Бленд Союз-Вино,,Красное сухое,soyuz-vino-terra-pia-lava-blend-merlo-krasnoe-suhoe-12,soyuz-vino-terra-pia-lava-blend-merlo-krasnoe-suhoe-12_bottom.webp
Зелёная Долина Совиньон Блан Полусладкое,белое полусладкое Зелёная Долина Совиньон Блан Полусладкое Союз-Вино,Совиньон Блан,Белое полусладкое,soyuz-vino-zelyonaya-dolina-sovinon-blan-polusladkoe-beloe-12,soyuz-vino-zelyonaya-dolina-sovinon-blan-polusladkoe-beloe-12.webp
Зелёная Долина Совиньон Блан Полусладкое,белое полусладкое Зелёная Долина Совиньон Блан Полусладкое Союз-Вино,Совиньон Блан,Белое полусладкое,soyuz-vino-zelyonaya-dolina-sovinon-blan-polusladkoe-beloe-12,soyuz-vino-zelyonaya-dolina-sovinon-blan-polusladkoe-beloe-12_bottom.webp
Мосавали Саперави Сухое,красное сухое Мосавали Саперави Сухое Союз-Вино,Саперави,Красное сухое,soyuz-vino-mosavali-saperavi-suhoe-krasnoe-11,soyuz-vino-mosavali-saperavi-suhoe-krasnoe-11.webp
Мосавали Саперави Сухое,красное сухое Мосавали Саперави Сухое Союз-Вино,Саперави,Красное сухое,soyuz-vino-mosavali-saperavi-suhoe-krasnoe-11,soyuz-vino-mosavali-saperavi-suhoe-krasnoe-11_bottom.webp
Конфесса Санджовезе,красное сухое Конфесса Санджовезе Союз-Вино,Санджовезе,Красное сухое,soyuz-vino-konfessa-sandzhoveze-krasnoe-suhoe-11,soyuz-vino-konfessa-sandzhoveze-krasnoe-suhoe-11.webp
Конфесса Санджовезе,красное сухое Конфесса Санджовезе Союз-Вино,Санджовезе,Красное сухое,soyuz-vino-konfessa-sandzhoveze-krasnoe-suhoe-11,soyuz-vino-konfessa-sandzhoveze-krasnoe-suhoe-11_bottom.webp
Мосавали Ркацители,белое полусладкое Мосавали Ркацители Союз-Вино,Ркацители,Белое полусладкое,soyuz-vino-mosavali-rkatsiteli-beloe-polusladkoe-11,soyuz-vino-mosavali-rkatsiteli-beloe-polusladkoe-11.webp
Мосавали Ркацители,белое полусладкое Мосавали Ркацители Союз-Вино,Ркацители,Белое полусладкое,soyuz-vino-mosavali-rkatsiteli-beloe-polusladkoe-11,soyuz-vino-mosavali-rkatsiteli-beloe-polusladkoe-11_bottom.webp
Канонические Традиции Красное Сладкое,красное сладкое Канонические Традиции Красное Сладкое Союз-Вино,,Красное сладкое,soyuz-vino-kanonicheskie-traditsii-krasnoe-sladkoe-kaberne-sovinon-115,soyuz-vino-kanonicheskie-traditsii-krasnoe-sladkoe-kaberne-sovinon-115.webp
Канонические Традиции Красное Сладкое,красное сладкое Канонические Традиции Красное Сладкое Союз-Вино,,Красное сладкое,soyuz-vino-kanonicheskie-traditsii-krasnoe-sladkoe-kaberne-sovinon-115,soyuz-vino-kanonicheskie-traditsii-krasnoe-sladkoe-kaberne-sovinon-115_bottom.webp
Канонические Традиции Красное Полусладкое,красное полусладкое Канонические Традиции Красное Полусладкое Союз-Вино,,Красное полусладкое,soyuz-vino-kanonicheskie-traditsii-krasnoe-polusladkoe-kaberne-sovinon-115,soyuz-vino-kanonicheskie-traditsii-krasnoe-polusladkoe-kaberne-sovinon-115.webp
Канонические Традиции Красное Полусладкое,красное полусладкое Канонические Традиции Красное Полусладкое Союз-Вино,,Красное полусладкое,soyuz-vino-kanonicheskie-traditsii-krasnoe-polusladkoe-kaberne-sovinon-115,soyuz-vino-kanonicheskie-traditsii-krasnoe-polusladkoe-kaberne-sovinon-115_bottom.webp
Союз-Вино Шардоне Сухое,белое сухое Союз-Вино Шардоне Сухое Союз-Вино,Шардоне,Белое сухое,soyuz-vino-soyuz-vino-shardone-suhoe-beloe-11,soyuz-vino-soyuz-vino-shardone-suhoe-beloe-11.webp
Союз-Вино Шардоне Сухое,белое сухое Союз-Вино Шардоне Сухое Союз-Вино,Шардоне,Белое сухое,soyuz-vino-soyuz-vino-shardone-suhoe-beloe-11,soyuz-vino-soyuz-vino-shardone-suhoe-beloe-11_bottom.webp
Союз-Вино Мускат,белое полусладкое Союз-Вино Мускат Союз-Вино,Мускат,Белое полусладкое,soyuz-vino-soyuz-vino-muskat-beloe-polusladkoe-11,soyuz-vino-soyuz-vino-muskat-beloe-polusladkoe-11.webp
Союз-Вино Мускат,белое полусладкое Союз-Вино Мускат Союз-Вино,Мускат,Белое полусладкое,soyuz-vino-soyuz-vino-muskat-beloe-polusladkoe-11,soyuz-vino-soyuz-vino-muskat-beloe-polusladkoe-11_bottom.webp
Союз-Вино Каберне Совиньон,красное сухое Союз-Вино Каберне Совиньон Союз-Вино,Каберне Совиньон,Красное сухое,soyuz-vino-soyuz-vino-kaberne-sovinon-krasnoe-suhoe-12,soyuz-vino-soyuz-vino-kaberne-sovinon-krasnoe-suhoe-12.webp
Союз-Вино Каберне Совиньон,красное сухое Союз-Вино Каберне Совиньон Союз-Вино,Каберне Совиньон,Красное сухое,soyuz-vino-soyuz-vino-kaberne-sovinon-krasnoe-suhoe-12,soyuz-vino-soyuz-vino-kaberne-sovinon-krasnoe-suhoe-12_bottom.webp
Союз-Вино Изабелла,красное полусладкое Союз-Вино Изабелла Союз-Вино,Изабелла,Красное полусладкое,soyuz-vino-soyuz-vino-izabella-krasnoe-polusladkoe-11,soyuz-vino-soyuz-vino-izabella-krasnoe-polusladkoe-11.webp
Союз-Вино Изабелла,красное полусладкое Союз-Вино Изабелла Союз-Вино,Изабелла,Красное полусладкое,soyuz-vino-soyuz-vino-izabella-krasnoe-polusladkoe-11,soyuz-vino-soyuz-vino-izabella-krasnoe-polusladkoe-11_bottom.webp
Шато де Монгольфьер Шираз Полусухое,красное полусухое Шато де Монгольфьер Шираз Полусухое Союз-Вино,Шираз,Красное полусухое,soyuz-vino-shato-de-mongolfer-shiraz-polusuhoe-krasnoe-11,soyuz-vino-shato-de-mongolfer-shiraz-polusuhoe-krasnoe-11.webp
Шато де Монгольфьер Шираз Полусухое,красное полусухое Шато де Монгольфьер Шираз Полусухое Союз-Вино,Шираз,Красное полусухое,soyuz-vino-shato-de-mongolfer-shiraz-polusuhoe-krasnoe-11,soyuz-vino-shato-de-mongolfer-shiraz-polusuhoe-krasnoe-11_bottom.webp
Конфесса Санджовезе Полусладкое,красное полусладкое Конфесса Санджовезе Полусладкое Союз-Вино,Санджовезе,Красное полусладкое,soyuz-vino-konfessa-sandzhoveze-polusladkoe-krasnoe-11,soyuz-vino-konfessa-sandzhoveze-polusladkoe-krasnoe-11.webp
Конфесса Санджовезе Полусладкое,красное полусладкое Конфесса Санджовезе Полусладкое Союз-Вино,Санджовезе,Красное полусладкое,soyuz-vino-konfessa-sandzhoveze-polusladkoe-krasnoe-11,soyuz-vino-konfessa-sandzhoveze-polusladkoe-krasnoe-11_bottom.webp
Конфесса Пино Гриджио,белое полусладкое Конфесса Пино Гриджио Союз-Вино,Пино Гриджио,Белое полусладкое,soyuz-vino-konfessa-pino-gridzhio-beloe-polusladkoe-11,soyuz-vino-konfessa-pino-gridzhio-beloe-polusladkoe-11.webp
Конфесса Пино Гриджио,белое полусладкое Конфесса Пино Гриджио Союз-Вино,Пино Гриджио,Белое полусладкое,soyuz-vino-konfessa-pino-gridzhio-beloe-polusladkoe-11,soyuz-vino-konfessa-pino-gridzhio-beloe-polusladkoe-11_bottom.webp
Шереметьевские Погреба Шардоне,белое сухое Шереметьевские Погреба Шардоне Союз-Вино,Шардоне,Белое сухое,soyuz-vino-sheremetevskie-pogreba-shardone-beloe-suhoe-11,soyuz-vino-sheremetevskie-pogreba-shardone-beloe-suhoe-11.webp
Шереметьевские Погреба Шардоне,белое сухое Шереметьевские Погреба Шардоне Союз-Вино,Шардоне,Белое сухое,soyuz-vino-sheremetevskie-pogreba-shardone-beloe-suhoe-11,soyuz-vino-sheremetevskie-pogreba-shardone-beloe-suhoe-11_bottom.webp
Шереметьевские Погреба Каберне Совиньон,красное сухое Шереметьевские Погреба Каберне Совиньон Союз-Вино,Каберне Совиньон,Красное сухое,soyuz-vino-sheremetevskie-pogreba-kaberne-sovinon-krasnoe-suhoe-11,soyuz-vino-sheremetevskie-pogreba-kaberne-sovinon-krasnoe-suhoe-11.webp
Шереметьевские Погреба Каберне Совиньон,красное сухое Шереметьевские Погреба Каберне Совиньон Союз-Вино,Каберне Совиньон,Красное сухое,soyuz-vino-sheremetevskie-pogreba-kaberne-sovinon-krasnoe-suhoe-11,soyuz-vino-sheremetevskie-pogreba-kaberne-sovinon-krasnoe-suhoe-11_bottom.webp
Лаветти Белое Сухое,белое сухое Лаветти Белое Сухое Союз-Вино,Белые сорта винограда,Белое сухое,soyuz-vino-lavetti-beloe-suhoe-belye-sorta-vinograda-11,soyuz-vino-lavetti-beloe-suhoe-belye-sorta-vinograda-11.webp
Лаветти Белое Сухое,белое сухое Лаветти Белое Сухое Союз-Вино,Белые сорта винограда,Белое сухое,soyuz-vino-lavetti-beloe-suhoe-belye-sorta-vinograda-11,soyuz-vino-lavetti-beloe-suhoe-belye-sorta-vinograda-11_bottom.webp
Шереметьевские Погреба Красное Полусладкое,красное полусладкое Шереметьевские Погреба Красное Полусладкое Союз-Вино,Красные сорта винограда,Красное полусладкое,soyuz-vino-sheremetevskie-pogreba-krasnoe-polusladkoe-krasnye-sorta-vinograda-11,soyuz-vino-sheremetevskie-pogreba-krasnoe-polusladkoe-krasnye-sorta-vinograda-11.webp
Шереметьевские Погреба Красное Полусладкое,красное полусладкое Шереметьевские Погреба Красное Полусладкое Союз-Вино,Красные сорта винограда,Красное полусладкое,soyuz-vino-sheremetevskie-pogreba-krasnoe-polusladkoe-krasnye-sorta-vinograda-11,soyuz-vino-sheremetevskie-pogreba-krasnoe-polusladkoe-krasnye-sorta-vinograda-11_bottom.webp
Шереметьевские Погреба Белое Полусладкое,белое полусладкое Шереметьевские Погреба Белое Полусладкое Союз-Вино,Белые сорта винограда,Белое полусладкое,soyuz-vino-sheremetevskie-pogreba-beloe-polusladkoe-belye-sorta-vinograda-11,soyuz-vino-sheremetevskie-pogreba-beloe-polusladkoe-belye-sorta-vinograda-11.webp
Шереметьевские Погреба Белое Полусладкое,белое полусладкое Шереметьевские Погреба Белое Полусладкое Союз-Вино,Белые сорта винограда,Белое полусладкое,soyuz-vino-sheremetevskie-pogreba-beloe-polusladkoe-belye-sorta-vinograda-11,soyuz-vino-sheremetevskie-pogreba-beloe-polusladkoe-belye-sorta-vinograda-11_bottom.webp
Союз-Вино ЕвроПак Шираз,красное полусладкое Союз-Вино ЕвроПак Шираз Союз-Вино,Шираз,Красное полусладкое,soyuz-vino-soyuz-vino-evropak-shiraz-krasnoe-polusladkoe-11,soyuz-vino-soyuz-vino-evropak-shiraz-krasnoe-polusladkoe-11.webp
Союз-Вино ЕвроПак Шираз,красное полусладкое Союз-Вино ЕвроПак Шираз Союз-Вино,Шираз,Красное полусладкое,soyuz-vino-soyuz-vino-evropak-shiraz-krasnoe-polusladkoe-11,soyuz-vino-soyuz-vino-evropak-shiraz-krasnoe-polusladkoe-11_bottom.webp
Лаветти Розовое Полусладкое,розовое полусладкое Лаветти Розовое Полусладкое Союз-Вино,,Розовое полусладкое,soyuz-vino-lavetti-rozovoe-polusladkoe-krasnye-sorta-vinograda-11,soyuz-vino-lavetti-rozovoe-polusladkoe-krasnye-sorta-vinograda-11.webp
Лаветти Розовое Полусладкое,розовое полусладкое Лаветти Розовое Полусладкое Союз-Вино,,Розовое полусладкое,soyuz-vino-lavetti-rozovoe-polusladkoe-krasnye-sorta-vinograda-11,soyuz-vino-lavetti-rozovoe-polusladkoe-krasnye-sorta-vinograda-11_bottom.webp
Лаветти Красное Полусладкое,красное полусладкое Лаветти Красное Полусладкое Союз-Вино,Красные сорта винограда,Красное полусладкое,soyuz-vino-lavetti-krasnoe-polusladkoe-krasnye-sorta-vinograda-11,soyuz-vino-lavetti-krasnoe-polusladkoe-krasnye-sorta-vinograda-11.webp
Лаветти Красное Полусладкое,красное полусладкое Лаветти Красное Полусладкое Союз-Вино,Красные сорта винограда,Красное полусладкое,soyuz-vino-lavetti-krasnoe-polusladkoe-krasnye-sorta-vinograda-11,soyuz-vino-lavetti-krasnoe-polusladkoe-krasnye-sorta-vinograda-11_bottom.webp
Лаветти Белое Полусладкое,белое полусладкое Лаветти Белое Полусладкое Союз-Вино,Белые сорта винограда,Белое полусладкое,soyuz-vino-lavetti-beloe-polusladkoe-belye-sorta-vinograda-11,soyuz-vino-lavetti-beloe-polusladkoe-belye-sorta-vinograda-11.webp
Лаветти Белое Полусладкое,белое полусладкое Лаветти Белое Полусладкое Союз-Вино,Белые сорта винограда,Белое полусладкое,soyuz-vino-lavetti-beloe-polusladkoe-belye-sorta-vinograda-11,soyuz-vino-lavetti-beloe-polusladkoe-belye-sorta-vinograda-11_bottom.webp
Портвейн красный Алушта,красное сладкое Портвейн красный Алушта Массандра,Красные сорта винограда,Красное сладкое,massandra-portveyn-krasnyy-alushta-krasnye-sorta-vinograda-krasnoe-sladkoe-17,massandra-portveyn-krasnyy-alushta-krasnye-sorta-vinograda-krasnoe-sladkoe-17.webp
Портвейн красный Алушта,красное сладкое Портвейн красный Алушта Массандра,Красные сорта винограда,Красное сладкое,massandra-portveyn-krasnyy-alushta-krasnye-sorta-vinograda-krasnoe-sladkoe-17,massandra-portveyn-krasnyy-alushta-krasnye-sorta-vinograda-krasnoe-sladkoe-17_bottom.webp
Premium Sangiovese,красное сухое Premium Sangiovese Массандра,Санджовезе,Красное сухое,massandra-premium-sangiovese-sandzhoveze-krasnoe-suhoe-13,massandra-premium-sangiovese-sandzhoveze-krasnoe-suhoe-13.webp
Premium Sangiovese,красное сухое Premium Sangiovese Массандра,Санджовезе,Красное сухое,massandra-premium-sangiovese-sandzhoveze-krasnoe-suhoe-13,massandra-premium-sangiovese-sandzhoveze-krasnoe-suhoe-13_bottom.webp
Мускатель черный,красное сладкое Мускатель черный Массандра,Красные сорта винограда,Красное сладкое,massandra-muskatel-chernyy-krasnye-sorta-vinograda-krasnoe-sladkoe-16,massandra-muskatel-chernyy-krasnye-sorta-vinograda-krasnoe-sladkoe-16.webp
Мускатель черный,красное сладкое Мускатель черный Массандра,Красные сорта винограда,Красное сладкое,massandra-muskatel-chernyy-krasnye-sorta-vinograda-krasnoe-sladkoe-16,massandra-muskatel-chernyy-krasnye-sorta-vinograda-krasnoe-sladkoe-16_bottom.webp
Портвейн белый Алушта,белое сладкое Портвейн белый Алушта Массандра,Белые сорта винограда,Белое сладкое,massandra-portveyn-belyy-alushta-belye-sorta-vinograda-beloe-sladkoe-17,massandra-portveyn-belyy-alushta-belye-sorta-vinograda-beloe-sladkoe-17.webp
Портвейн белый Алушта,белое сладкое Портвейн белый Алушта Массандра,Белые сорта винограда,Белое сладкое,massandra-portveyn-belyy-alushta-belye-sorta-vinograda-beloe-sladkoe-17,massandra-portveyn-belyy-alushta-belye-sorta-vinograda-beloe-sladkoe-17_bottom.webp
Мускатель розовый,розовое сладкое Мускатель розовый Массандра,,Розовое сладкое,massandra-muskatel-rozovyy-belye-sorta-vinograda-rozovoe-sladkoe-16,massandra-muskatel-rozovyy-belye-sorta-vinograda-rozovoe-sladkoe-16.webp
Мускатель розовый,розовое сладкое Мускатель розовый Массандра,,Розовое сладкое,massandra-muskatel-rozovyy-belye-sorta-vinograda-rozovoe-sladkoe-16,massandra-muskatel-rozovyy-belye-sorta-vinograda-rozovoe-sladkoe-16_bottom.webp
Мускатель белый,белое сладкое Мускатель белый Массандра,Белые сорта винограда,Белое сладкое,massandra-muskatel-belyy-belye-sorta-vinograda-beloe-sladkoe-16,massandra-muskatel-belyy-belye-sorta-vinograda-beloe-sladkoe-16.webp
Мускатель белый,белое сладкое Мускатель белый Массандра,Белые сорта винограда,Белое сладкое,massandra-muskatel-belyy-belye-sorta-vinograda-beloe-sladkoe-16,massandra-muskatel-belyy-belye-sorta-vinograda-beloe-sladkoe-16_bottom.webp
Фанагория Хей Бэй Шардоне,белое сухое Фанагория Хей Бэй Шардоне Фанагория,Шардоне,Белое сухое,fanagoriya-fanagoriya-hey-bey-shardone-beloe-suhoe-13,fanagoriya-fanagoriya-hey-bey-shardone-beloe-suhoe-13.webp
Фанагория Хей Бэй Шардоне,белое сухое Фанагория Хей Бэй Шардоне Фанагория,Шардоне,Белое сухое,fanagoriya-fanagoriya-hey-bey-shardone-beloe-suhoe-13,fanagoriya-fanagoriya-hey-bey-shardone-beloe-suhoe-13_bottom.webp
Олимп Авторское Каберне Совиньон,красное сухое Олимп Авторское Каберне Совиньон Olymp Winery,Каберне Совиньон,Красное сухое,olymp-winery-olimp-avtorskoe-kaberne-sovinon-krasnoe-suhoe-11,olymp-winery-olimp-avtorskoe-kaberne-sovinon-krasnoe-suhoe-11.webp
Олимп Авторское Каберне Совиньон,красное сухое Олимп Авторское Каберне Совиньон Olymp Winery,Каберне Совиньон,Красное сухое,olymp-winery-olimp-avtorskoe-kaberne-sovinon-krasnoe-suhoe-11,olymp-winery-olimp-avtorskoe-kaberne-sovinon-krasnoe-suhoe-11_bottom.webp
Высокий Берег Графит Розе,розовое сухое Высокий Берег Графит Розе Кубань-Вино,Каберне Совиньон,Розовое сухое,kuban-vino-vysokiy-bereg-grafit-roze-kaberne-sovinon-rozovoe-suhoe-12,kuban-vino-vysokiy-bereg-grafit-roze-kaberne-sovinon-rozovoe-suhoe-12.webp
Высокий Берег Графит Розе,розовое сухое Высокий Берег Графит Розе Кубань-Вино,Каберне Совиньон,Розовое сухое,kuban-vino-vysokiy-bereg-grafit-roze-kaberne-sovinon-rozovoe-suhoe-12,kuban-vino-vysokiy-bereg-grafit-roze-kaberne-sovinon-rozovoe-suhoe-12_bottom.webp
Вайн Тайм Совиньон Блан Крым,белое сухое Вайн Тайм Совиньон Блан Крым Wein und Wasser,Совиньон Блан,Белое сухое,wein-und-wasser-vayn-taym-sovinon-blan-krym-beloe-suhoe-12,wein-und-wasser-vayn-taym-sovinon-blan-krym-beloe-suhoe-12.webp
Вайн Тайм Совиньон Блан Крым,белое сухое Вайн Тайм Совиньон Блан Крым Wein und Wasser,Совиньон Блан,Белое сухое,wein-und-wasser-vayn-taym-sovinon-blan-krym-beloe-suhoe-12,wein-und-wasser-vayn-taym-sovinon-blan-krym-beloe-suhoe-12_bottom.webp
Шато Бельбек Каберне,красное сухое Шато Бельбек Каберне Olymp Winery,Каберне Совиньон,Красное сухое,olymp-winery-shato-belbek-kaberne-kaberne-sovinon-krasnoe-suhoe-11,olymp-winery-shato-belbek-kaberne-kaberne-sovinon-krasnoe-suhoe-11.webp
Шато Бельбек Каберне,красное сухое Шато Бельбек Каберне Olymp Winery,Каберне Совиньон,Красное сухое,olymp-winery-shato-belbek-kaberne-kaberne-sovinon-krasnoe-suhoe-11,olymp-winery-shato-belbek-kaberne-kaberne-sovinon-krasnoe-suhoe-11_bottom.webp
Шато Пино «Колдун»,красное сухое Шато Пино «Колдун» Шато Пино,,Красное сухое,shato-pino-shato-pino-koldun-merlo-krasnoe-suhoe-137,shato-pino-shato-pino-koldun-merlo-krasnoe-suhoe-137.webp
Шато Пино «Колдун»,красное сухое Шато Пино «Колдун» Шато Пино,,Красное сухое,shato-pino-shato-pino-koldun-merlo-krasnoe-suhoe-137,shato-pino-shato-pino-koldun-merlo-krasnoe-suhoe-137_bottom.webp
Рем Акчурин Пино Нуар Розе,розовое сухое Рем Акчурин Пино Нуар Розе Rem Akchurin,Пино Нуар,Розовое сухое,rem-akchurin-rem-akchurin-pino-nuar-roze-rozovoe-suhoe-14,rem-akchurin-rem-akchurin-pino-nuar-roze-rozovoe-suhoe-14.webp
Рем Акчурин Пино Нуар Розе,розовое сухое Рем Акчурин Пино Нуар Розе Rem Akchurin,Пино Нуар,Розовое сухое,rem-akchurin-rem-akchurin-pino-nuar-roze-rozovoe-suhoe-14,rem-akchurin-rem-akchurin-pino-nuar-roze-rozovoe-suhoe-14_bottom.webp
Вайн Тайм Сира Крым,красное сухое Вайн Тайм Сира Крым Wein und Wasser,Сира,Красное сухое,wein-und-wasser-vayn-taym-sira-krym-krasnoe-suhoe-13,wein-und-wasser-vayn-taym-sira-krym-krasnoe-suhoe-13.webp
Вайн Тайм Сира Крым,красное сухое Вайн Тайм Сира Крым Wein und Wasser,Сира,Красное сухое,wein-und-wasser-vayn-taym-sira-krym-krasnoe-suhoe-13,wein-und-wasser-vayn-taym-sira-krym-krasnoe-suhoe-13_bottom.webp
Сатера Эссе Красный Бленд 15,красное сухое Сатера Эссе Красный Бленд 15 Сатера,,Красное сухое,satera-satera-esse-krasnyy-blend-15-kaberne-sovinon-krasnoe-suhoe-13,satera-satera-esse-krasnyy-blend-15-kaberne-sovinon-krasnoe-suhoe-13.webp
Сатера Эссе Красный Бленд 15,красное сухое Сатера Эссе Красный Бленд 15 Сатера,,Красное сухое,satera-satera-esse-krasnyy-blend-15-kaberne-sovinon-krasnoe-suhoe-13,satera-satera-esse-krasnyy-blend-15-kaberne-sovinon-krasnoe-suhoe-13_bottom.webp
Rose (Розе. Олег Репин),розовое сухое Rose (Розе. Олег Репин) Oleg Repin,Сира,Розовое сухое,rose-roze-oleg-repin,rose-roze-oleg-repin.webp
Rose (Розе. Олег Репин),розовое сухое Rose (Розе. Олег Репин) Oleg Repin,Сира,Розовое сухое,rose-roze-oleg-repin,rose-roze-oleg-repin_bottom.webp
Фанагория Сакра Сенной,красное сухое Фанагория Сакра Сенной Фанагория,,Красное сухое,fanagoriya-fanagoriya-sakra-sennoy-krasnostop-krasnoe-suhoe-135,fanagoriya-fanagoriya-sakra-sennoy-krasnostop-krasnoe-suhoe-135.webp
Фанагория Сакра Сенной,красное сухое Фанагория Сакра Сенной Фанагория,,Красное сухое,fanagoriya-fanagoriya-sakra-sennoy-krasnostop-krasnoe-suhoe-135,fanagoriya-fanagoriya-sakra-sennoy-krasnostop-krasnoe-suhoe-135_bottom.webp
Абрау-Дюрсо Пино Нуар,красное сухое Абрау-Дюрсо Пино Нуар Абрау-Дюрсо,Пино Нуар,Красное сухое,abrau-dyurso-abrau-dyurso-pino-nuar-krasnoe-suhoe-13,abrau-dyurso-abrau-dyurso-pino-nuar-krasnoe-suhoe-13.webp
Абрау-Дюрсо Пино Нуар,красное сухое Абрау-Дюрсо Пино Нуар Абрау-Дюрсо,Пино Нуар,Красное сухое,abrau-dyurso-abrau-dyurso-pino-nuar-krasnoe-suhoe-13,abrau-dyurso-abrau-dyurso-pino-nuar-krasnoe-suhoe-13_bottom.webp
Ведерниковъ Цимлянский Чёрный Брют Розе 2,розовое брют Ведерниковъ Цимлянский Чёрный Брют Розе 2 Ведерниковъ,Цимлянский черный,Розовое брют,vinodelnya-vedernikov-vedernikov-tsimlyanskiy-chyornyy-bryut-roze-2-tsimlyanskiy-chernyy-rozovoe-12,vinodelnya-vedernikov-vedernikov-tsimlyanskiy-chyornyy-bryut-roze-2-tsimlyanskiy-chernyy-rozovoe-12.webp
Ведерниковъ Цимлянский Чёрный Брют Розе 2,розовое брют Ведерниковъ Цимлянский Чёрный Брют Розе 2 Ведерниковъ,Цимлянский черный,Розовое брют,vinodelnya-vedernikov-vedernikov-tsimlyanskiy-chyornyy-bryut-roze-2-tsimlyanskiy-chernyy-rozovoe-12,vinodelnya-vedernikov-vedernikov-tsimlyanskiy-chyornyy-bryut-roze-2-tsimlyanskiy-chernyy-rozovoe-12_bottom.webp
Ведерниковъ Красностоп Золотовский (магнум),красное сухое Ведерниковъ Красностоп Золотовский (магнум) Ведерниковъ,Красностоп Золотовский,Красное сухое,vinodelnya-vedernikov-vedernikov-krasnostop-zolotovskiy-magnum-krasnoe-suhoe-145,vinodelnya-vedernikov-vedernikov-krasnostop-zolotovskiy-magnum-krasnoe-suhoe-145.webp
Ведерниковъ Красностоп Золотовский (магнум),красное сухое Ведерниковъ Красностоп Золотовский (магнум) Ведерниковъ,Красностоп Золотовский,Красное сухое,vinodelnya-vedernikov-vedernikov-krasnostop-zolotovskiy-magnum-krasnoe-suhoe-145,vinodelnya-vedernikov-vedernikov-krasnostop-zolotovskiy-magnum-krasnoe-suhoe-145_bottom.webp
Ведерниковъ Губернаторское «Голубок»,красное сухое Ведерниковъ Губернаторское «Голубок» Ведерниковъ,,Красное сухое,vinodelnya-vedernikov-vedernikov-gubernatorskoe-golubok-krasnoe-suhoe-115,vinodelnya-vedernikov-vedernikov-gubernatorskoe-golubok-krasnoe-suhoe-115.webp
Ведерниковъ Губернаторское «Голубок»,красное сухое Ведерниковъ Губернаторское «Голубок» Ведерниковъ,,Красное сухое,vinodelnya-vedernikov-vedernikov-gubernatorskoe-golubok-krasnoe-suhoe-115,vinodelnya-vedernikov-vedernikov-gubernatorskoe-golubok-krasnoe-suhoe-115_bottom.webp
Ведерниковъ Пухляковский,белое сухое Ведерниковъ Пухляковский Ведерниковъ,,Белое сухое,vinodelnya-vedernikov-vedernikov-puhlyakovskiy-beloe-suhoe-12,vinodelnya-vedernikov-vedernikov-puhlyakovskiy-beloe-suhoe-12.webp
Ведерниковъ Пухляковский,белое сухое Ведерниковъ Пухляковский Ведерниковъ,,Белое сухое,vinodelnya-vedernikov-vedernikov-puhlyakovskiy-beloe-suhoe-12,vinodelnya-vedernikov-vedernikov-puhlyakovskiy-beloe-suhoe-12_bottom.webp
Ведерниковъ Каберне Совиньон,красное сухое Ведерниковъ Каберне Совиньон Ведерниковъ,Каберне Совиньон,Красное сухое,vinodelnya-vedernikov-vedernikov-kaberne-sovinon-krasnoe-suhoe-145,vinodelnya-vedernikov-vedernikov-kaberne-sovinon-krasnoe-suhoe-145.webp
Ведерниковъ Каберне Совиньон,красное сухое Ведерниковъ Каберне Совиньон Ведерниковъ,Каберне Совиньон,Красное сухое,vinodelnya-vedernikov-vedernikov-kaberne-sovinon-krasnoe-suhoe-145,vinodelnya-vedernikov-vedernikov-kaberne-sovinon-krasnoe-suhoe-145_bottom.webp
Ведерниковъ Пет-Нат «Платовский-Алиготе» Брют,белое сухое Ведерниковъ Пет-Нат «Платовский-Алиготе» Брют Ведерниковъ,,Белое сухое,vinodelnya-vedernikov-vedernikov-pet-nat-platovskiy-aligote-bryut-beloe-suhoe-10,vinodelnya-vedernikov-vedernikov-pet-nat-platovskiy-aligote-bryut-beloe-suhoe-10.webp
Ведерниковъ Пет-Нат «Платовский-Алиготе» Брют,белое сухое Ведерниковъ Пет-Нат «Платовский-Алиготе» Брют Ведерниковъ,,Белое сухое,vinodelnya-vedernikov-vedernikov-pet-nat-platovskiy-aligote-bryut-beloe-suhoe-10,vinodelnya-vedernikov-vedernikov-pet-nat-platovskiy-aligote-bryut-beloe-suhoe-10_bottom.webp
Ведерниковъ Пет-Нат «Голубок» Красный Брют,красное сухое Ведерниковъ Пет-Нат «Голубок» Красный Брют Ведерниковъ,Голубок,Красное сухое,vinodelnya-vedernikov-vedernikov-pet-nat-golubok-krasnyy-bryut-krasnoe-suhoe-13,vinodelnya-vedernikov-vedernikov-pet-nat-golubok-krasnyy-bryut-krasnoe-suhoe-13.webp
Ведерниковъ Пет-Нат «Голубок» Красный Брют,красное сухое Ведерниковъ Пет-Нат «Голубок» Красный Брют Ведерниковъ,Голубок,Красное сухое,vinodelnya-vedernikov-vedernikov-pet-nat-golubok-krasnyy-bryut-krasnoe-suhoe-13,vinodelnya-vedernikov-vedernikov-pet-nat-golubok-krasnyy-bryut-krasnoe-suhoe-13_bottom.webp
Ведерниковъ Цимлянский Чёрный Брют Розе,розовое брют Ведерниковъ Цимлянский Чёрный Брют Розе Ведерниковъ,Цимлянский черный,Розовое брют,vinodelnya-vedernikov-vedernikov-tsimlyanskiy-chyornyy-bryut-roze-tsimlyanskiy-chernyy-rozovoe-12,vinodelnya-vedernikov-vedernikov-tsimlyanskiy-chyornyy-bryut-roze-tsimlyanskiy-chernyy-rozovoe-12.webp
Ведерниковъ Цимлянский Чёрный Брют Розе,розовое брют Ведерниковъ Цимлянский Чёрный Брют Розе Ведерниковъ,Цимлянский черный,Розовое брют,vinodelnya-vedernikov-vedernikov-tsimlyanskiy-chyornyy-bryut-roze-tsimlyanskiy-chernyy-rozovoe-12,vinodelnya-vedernikov-vedernikov-tsimlyanskiy-chyornyy-bryut-roze-tsimlyanskiy-chernyy-rozovoe-12_bottom.webp
Ведерниковъ Долина Дона Красное Сухое,красное сухое Ведерниковъ Долина Дона Красное Сухое Ведерниковъ,,Красное сухое,vinodelnya-vedernikov-vedernikov-dolina-dona-krasnoe-suhoe-kaberne-sovinon-125,vinodelnya-vedernikov-vedernikov-dolina-dona-krasnoe-suhoe-kaberne-sovinon-125.webp
Ведерниковъ Долина Дона Красное Сухое,красное сухое Ведерниковъ Долина Дона Красное Сухое Ведерниковъ,,Красное сухое,vinodelnya-vedernikov-vedernikov-dolina-dona-krasnoe-suhoe-kaberne-sovinon-125,vinodelnya-vedernikov-vedernikov-dolina-dona-krasnoe-suhoe-kaberne-sovinon-125_bottom.webp
Ведерниковъ Красностоп Золотовский,красное сухое Ведерниковъ Красностоп Золотовский Ведерниковъ,Красностоп Золотовский,Красное сухое,vinodelnya-vedernikov-vedernikov-krasnostop-zolotovskiy-krasnoe-suhoe-145,vinodelnya-vedernikov-vedernikov-krasnostop-zolotovskiy-krasnoe-suhoe-145.webp
Ведерниковъ Красностоп Золотовский,красное сухое Ведерниковъ Красностоп Золотовский Ведерниковъ,Красностоп Золотовский,Красное сухое,vinodelnya-vedernikov-vedernikov-krasnostop-zolotovskiy-krasnoe-suhoe-145,vinodelnya-vedernikov-vedernikov-krasnostop-zolotovskiy-krasnoe-suhoe-145_bottom.webp
Ведерниковъ Цимлянский Чёрный,красное сухое Ведерниковъ Цимлянский Чёрный Ведерниковъ,Цимлянский черный,Красное сухое,vinodelnya-vedernikov-vedernikov-tsimlyanskiy-chyornyy-tsimlyanskiy-chernyy-krasnoe-suhoe-14,vinodelnya-vedernikov-vedernikov-tsimlyanskiy-chyornyy-tsimlyanskiy-chernyy-krasnoe-suhoe-14.webp
Ведерниковъ Цимлянский Чёрный,красное сухое Ведерниковъ Цимлянский Чёрный Ведерниковъ,Цимлянский черный,Красное сухое,vinodelnya-vedernikov-vedernikov-tsimlyanskiy-chyornyy-tsimlyanskiy-chernyy-krasnoe-suhoe-14,vinodelnya-vedernikov-vedernikov-tsimlyanskiy-chyornyy-tsimlyanskiy-chernyy-krasnoe-suhoe-14_bottom.webp
Ведерниковъ Губернаторское Резерв,красное сухое Ведерниковъ Губернаторское Резерв Ведерниковъ,,Красное сухое,vinodelnya-vedernikov-vedernikov-gubernatorskoe-rezerv-kaberne-sovinon-krasnoe-suhoe-14,vinodelnya-vedernikov-vedernikov-gubernatorskoe-rezerv-kaberne-sovinon-krasnoe-suhoe-14.webp
Ведерниковъ Губернаторское Резерв,красное сухое Ведерниковъ Губернаторское Резерв Ведерниковъ,,Красное сухое,vinodelnya-vedernikov-vedernikov-gubernatorskoe-rezerv-kaberne-sovinon-krasnoe-suhoe-14,vinodelnya-vedernikov-vedernikov-gubernatorskoe-rezerv-kaberne-sovinon-krasnoe-suhoe-14_bottom.webp
Ведерниковъ Цимлянский Чёрный Брют,белое брют Ведерниковъ Цимлянский Чёрный Брют Ведерниковъ,Цимлянский черный,Белое брют,vinodelnya-vedernikov-vedernikov-tsimlyanskiy-chyornyy-bryut-tsimlyanskiy-chernyy-beloe-12,vinodelnya-vedernikov-vedernikov-tsimlyanskiy-chyornyy-bryut-tsimlyanskiy-chernyy-beloe-12.webp
Ведерниковъ Цимлянский Чёрный Брют,белое брют Ведерниковъ Цимлянский Чёрный Брют Ведерниковъ,Цимлянский черный,Белое брют,vinodelnya-vedernikov-vedernikov-tsimlyanskiy-chyornyy-bryut-tsimlyanskiy-chernyy-beloe-12,vinodelnya-vedernikov-vedernikov-tsimlyanskiy-chyornyy-bryut-tsimlyanskiy-chernyy-beloe-12_bottom.webp
Ведерниковъ Долина Дона Белое Сухое,белое сухое Ведерниковъ Долина Дона Белое Сухое Ведерниковъ,,Белое сухое,vinodelnya-vedernikov-vedernikov-dolina-dona-beloe-suhoe-aligote-12,vinodelnya-vedernikov-vedernikov-dolina-dona-beloe-suhoe-aligote-12.webp
Ведерниковъ Долина Дона Белое Сухое,белое сухое Ведерниковъ Долина Дона Белое Сухое Ведерниковъ,,Белое сухое,vinodelnya-vedernikov-vedernikov-dolina-dona-beloe-suhoe-aligote-12,vinodelnya-vedernikov-vedernikov-dolina-dona-beloe-suhoe-aligote-12_bottom.webp
Винодельня Ведерниковъ Цимлянский Черный-Сибирьковый Экстра Брют,белое экстра брют Винодельня Ведерниковъ Цимлянский Черный-Сибирьковый Экстра Брют Ведерниковъ,,Белое экстра брют,vinodelnya-vedernikov-vinodelnya-vedernikov-tsimlyanskiy-chernyy-sibirkovyy-ekstra-bryut-beloe-13,vinodelnya-vedernikov-vinodelnya-vedernikov-tsimlyanskiy-chernyy-sibirkovyy-ekstra-bryut-beloe-13.webp
Винодельня Ведерниковъ Цимлянский Черный-Сибирьковый Экстра Брют,белое экстра брют Винодельня Ведерниковъ Цимлянский Черный-Сибирьковый Экстра Брют Ведерниковъ,,Белое экстра брют,vinodelnya-vedernikov-vinodelnya-vedernikov-tsimlyanskiy-chernyy-sibirkovyy-ekstra-bryut-beloe-13,vinodelnya-vedernikov-vinodelnya-vedernikov-tsimlyanskiy-chernyy-sibirkovyy-ekstra-bryut-beloe-13_bottom.webp
Винодельня Ведерниковъ Пет-Нат Розе,розовое сухое Винодельня Ведерниковъ Пет-Нат Розе Ведерниковъ,Цимлянский черный,Розовое сухое,vinodelnya-vedernikov-vinodelnya-vedernikov-pet-nat-roze-tsimlyanskiy-chernyy-rozovoe-suhoe-12,vinodelnya-vedernikov-vinodelnya-vedernikov-pet-nat-roze-tsimlyanskiy-chernyy-rozovoe-suhoe-12.webp
Винодельня Ведерниковъ Пет-Нат Розе,розовое сухое Винодельня Ведерниковъ Пет-Нат Розе Ведерниковъ,Цимлянский черный,Розовое сухое,vinodelnya-vedernikov-vinodelnya-vedernikov-pet-nat-roze-tsimlyanskiy-chernyy-rozovoe-suhoe-12,vinodelnya-vedernikov-vinodelnya-vedernikov-pet-nat-roze-tsimlyanskiy-chernyy-rozovoe-suhoe-12_bottom.webp
Бельбек Саперави Резерв,красное сухое Бельбек Саперави Резерв Бельбек,Саперави,Красное сухое,belbek-belbek-saperavi-rezerv-krasnoe-suhoe-14,belbek-belbek-saperavi-rezerv-krasnoe-suhoe-14.webp
Бельбек Саперави Резерв,красное сухое Бельбек Саперави Резерв Бельбек,Саперави,Красное сухое,belbek-belbek-saperavi-rezerv-krasnoe-suhoe-14,belbek-belbek-saperavi-rezerv-krasnoe-suhoe-14_bottom.webp
Бельбек Пти Вердо,красное сухое Бельбек Пти Вердо Бельбек,Пти Вердо,Красное сухое,belbek-belbek-pti-verdo-krasnoe-suhoe-121,belbek-belbek-pti-verdo-krasnoe-suhoe-121.webp
Бельбек Пти Вердо,красное сухое Бельбек Пти Вердо Бельбек,Пти Вердо,Красное сухое,belbek-belbek-pti-verdo-krasnoe-suhoe-121,belbek-belbek-pti-verdo-krasnoe-suhoe-121_bottom.webp
Бельбек Каберне Фран,красное сухое Бельбек Каберне Фран Бельбек,Каберне Фран,Красное сухое,belbek-belbek-kaberne-fran-krasnoe-suhoe-13,belbek-belbek-kaberne-fran-krasnoe-suhoe-13.webp
Бельбек Каберне Фран,красное сухое Бельбек Каберне Фран Бельбек,Каберне Фран,Красное сухое,belbek-belbek-kaberne-fran-krasnoe-suhoe-13,belbek-belbek-kaberne-fran-krasnoe-suhoe-13_bottom.webp
Бельбек Пино Нуар,красное сухое Бельбек Пино Нуар Бельбек,Пино Нуар,Красное сухое,belbek-belbek-pino-nuar-krasnoe-suhoe-13,belbek-belbek-pino-nuar-krasnoe-suhoe-13.webp
Бельбек Пино Нуар,красное сухое Бельбек Пино Нуар Бельбек,Пино Нуар,Красное сухое,belbek-belbek-pino-nuar-krasnoe-suhoe-13,belbek-belbek-pino-nuar-krasnoe-suhoe-13_bottom.webp
Бельбек Ркацители Баррик,белое сухое Бельбек Ркацители Баррик Бельбек,Ркацители,Белое сухое,belbek-belbek-rkatsiteli-barrik-beloe-suhoe-13,belbek-belbek-rkatsiteli-barrik-beloe-suhoe-13.webp
Бельбек Ркацители Баррик,белое сухое Бельбек Ркацители Баррик Бельбек,Ркацители,Белое сухое,belbek-belbek-rkatsiteli-barrik-beloe-suhoe-13,belbek-belbek-rkatsiteli-barrik-beloe-suhoe-13_bottom.webp
Бельбек Мерло,красное сухое Бельбек Мерло Бельбек,Мерло,Красное сухое,belbek-belbek-merlo-krasnoe-suhoe-129,belbek-belbek-merlo-krasnoe-suhoe-129.webp
Бельбек Мерло,красное сухое Бельбек Мерло Бельбек,Мерло,Красное сухое,belbek-belbek-merlo-krasnoe-suhoe-129,belbek-belbek-merlo-krasnoe-suhoe-129_bottom.webp
Бельбек Мускат,белое сухое Бельбек Мускат Бельбек,Мускат,Белое сухое,belbek-belbek-muskat-beloe-suhoe-128,belbek-belbek-muskat-beloe-suhoe-128.webp
Бельбек Мускат,белое сухое Бельбек Мускат Бельбек,Мускат,Белое сухое,belbek-belbek-muskat-beloe-suhoe-128,belbek-belbek-muskat-beloe-suhoe-128_bottom.webp
Бельбек Сира,красное сухое Бельбек Сира Бельбек,Сира,Красное сухое,belbek-belbek-sira-krasnoe-suhoe-132,belbek-belbek-sira-krasnoe-suhoe-132.webp
Бельбек Сира,красное сухое Бельбек Сира Бельбек,Сира,Красное сухое,belbek-belbek-sira-krasnoe-suhoe-132,belbek-belbek-sira-krasnoe-suhoe-132_bottom.webp
Бельбек Меритаж,красное сухое Бельбек Меритаж Бельбек,,Красное сухое,belbek-belbek-meritazh-kaberne-sovinon-krasnoe-suhoe-135,belbek-belbek-meritazh-kaberne-sovinon-krasnoe-suhoe-135.webp
Бельбек Меритаж,красное сухое Бельбек Меритаж Бельбек,,Красное сухое,belbek-belbek-meritazh-kaberne-sovinon-krasnoe-suhoe-135,belbek-belbek-meritazh-kaberne-sovinon-krasnoe-suhoe-135_bottom.webp
Бельбек Фиолент Мускат,белое полусладкое Бельбек Фиолент Мускат Бельбек,Мускат,Белое полусладкое,belbek-belbek-fiolent-muskat-beloe-polusladkoe-125,belbek-belbek-fiolent-muskat-beloe-polusladkoe-125.webp
Бельбек Фиолент Мускат,белое полусладкое Бельбек Фиолент Мускат Бельбек,Мускат,Белое полусладкое,belbek-belbek-fiolent-muskat-beloe-polusladkoe-125,belbek-belbek-fiolent-muskat-beloe-polusladkoe-125_bottom.webp
Бельбек Санджовезе,красное сухое Бельбек Санджовезе Бельбек,Санджовезе,Красное сухое,belbek-belbek-sandzhoveze-krasnoe-suhoe-138,belbek-belbek-sandzhoveze-krasnoe-suhoe-138.webp
Бельбек Санджовезе,красное сухое Бельбек Санджовезе Бельбек,Санджовезе,Красное сухое,belbek-belbek-sandzhoveze-krasnoe-suhoe-138,belbek-belbek-sandzhoveze-krasnoe-suhoe-138_bottom.webp
Бельбек Розе,розовое сухое Бельбек Розе Бельбек,,Розовое сухое,belbek-belbek-roze-pino-nuar-rozovoe-suhoe-129,belbek-belbek-roze-pino-nuar-rozovoe-suhoe-129.webp
Бельбек Розе,розовое сухое Бельбек Розе Бельбек,,Розовое сухое,belbek-belbek-roze-pino-nuar-rozovoe-suhoe-129,belbek-belbek-roze-pino-nuar-rozovoe-suhoe-129_bottom.webp
Бельбек Рислинг,белое сухое Бельбек Рислинг Бельбек,Рислинг,Белое сухое,belbek-belbek-risling-beloe-suhoe-128,belbek-belbek-risling-beloe-suhoe-128.webp
Бельбек Рислинг,белое сухое Бельбек Рислинг Бельбек,Рислинг,Белое сухое,belbek-belbek-risling-beloe-suhoe-128,belbek-belbek-risling-beloe-suhoe-128_bottom.webp
Бельбек Рислинг Резерв,белое сухое Бельбек Рислинг Резерв Бельбек,Рислинг,Белое сухое,belbek-belbek-risling-rezerv-beloe-suhoe-13,belbek-belbek-risling-rezerv-beloe-suhoe-13.webp
Бельбек Рислинг Резерв,белое сухое Бельбек Рислинг Резерв Бельбек,Рислинг,Белое сухое,belbek-belbek-risling-rezerv-beloe-suhoe-13,belbek-belbek-risling-rezerv-beloe-suhoe-13_bottom.webp
Инкерман Розовое полусладкое,розовое полусладкое Инкерман Розовое полусладкое Инкерманский ЗМВ,,Розовое полусладкое,inkermanskiy-zmv-inkerman-rozovoe-polusladkoe-rkatsiteli-12,inkermanskiy-zmv-inkerman-rozovoe-polusladkoe-rkatsiteli-12.webp
Инкерман Розовое полусладкое,розовое полусладкое Инкерман Розовое полусладкое Инкерманский ЗМВ,,Розовое полусладкое,inkermanskiy-zmv-inkerman-rozovoe-polusladkoe-rkatsiteli-12,inkermanskiy-zmv-inkerman-rozovoe-polusladkoe-rkatsiteli-12_bottom.webp
Инкерман Мускат полусладкое,белое полусладкое Инкерман Мускат полусладкое Инкерманский ЗМВ,Мускат,Белое полусладкое,inkermanskiy-zmv-inkerman-muskat-polusladkoe-beloe-13,inkermanskiy-zmv-inkerman-muskat-polusladkoe-beloe-13.webp
Инкерман Мускат полусладкое,белое полусладкое Инкерман Мускат полусладкое Инкерманский ЗМВ,Мускат,Белое полусладкое,inkermanskiy-zmv-inkerman-muskat-polusladkoe-beloe-13,inkermanskiy-zmv-inkerman-muskat-polusladkoe-beloe-13_bottom.webp
Инкерман Розе Зеро Дозаж,розовое экстра брют Инкерман Розе Зеро Дозаж Инкерманский ЗМВ,,Розовое экстра брют,inkermanskiy-zmv-inkerman-roze-zero-dozazh-kokur-rozovoe-ekstra-bryut-12,inkermanskiy-zmv-inkerman-roze-zero-dozazh-kokur-rozovoe-ekstra-bryut-12.webp
Инкерман Розе Зеро Дозаж,розовое экстра брют Инкерман Розе Зеро Дозаж Инкерманский ЗМВ,,Розовое экстра брют,inkermanskiy-zmv-inkerman-roze-zero-dozazh-kokur-rozovoe-ekstra-bryut-12,inkermanskiy-zmv-inkerman-roze-zero-dozazh-kokur-rozovoe-ekstra-bryut-12_bottom.webp
Инкерман Пино Блан Зеро Дозаж,белое экстра брют Инкерман Пино Блан Зеро Дозаж Инкерманский ЗМВ,Пино Блан,Белое экстра брют,inkermanskiy-zmv-inkerman-pino-blan-zero-dozazh-beloe-ekstra-bryut-12,inkermanskiy-zmv-inkerman-pino-blan-zero-dozazh-beloe-ekstra-bryut-12.webp
Инкерман Пино Блан Зеро Дозаж,белое экстра брют Инкерман Пино Блан Зеро Дозаж Инкерманский ЗМВ,Пино Блан,Белое экстра брют,inkermanskiy-zmv-inkerman-pino-blan-zero-dozazh-beloe-ekstra-bryut-12,inkermanskiy-zmv-inkerman-pino-blan-zero-dozazh-beloe-ekstra-bryut-12_bottom.webp
Инкерман полусладкое,белое полусладкое Инкерман полусладкое Инкерманский ЗМВ,,Белое полусладкое,inkermanskiy-zmv-inkerman-polusladkoe-rkatsiteli-beloe-13,inkermanskiy-zmv-inkerman-polusladkoe-rkatsiteli-beloe-13.webp
Инкерман полусладкое,белое полусладкое Инкерман полусладкое Инкерманский ЗМВ,,Белое полусладкое,inkermanskiy-zmv-inkerman-polusladkoe-rkatsiteli-beloe-13,inkermanskiy-zmv-inkerman-polusladkoe-rkatsiteli-beloe-13_bottom.webp
Инкерман Брют,белое брют Инкерман Брют Инкерманский ЗМВ,,Белое брют,inkermanskiy-zmv-inkerman-bryut-rkatsiteli-beloe-12,inkermanskiy-zmv-inkerman-bryut-rkatsiteli-beloe-12.webp
Инкерман Брют,белое брют Инкерман Брют Инкерманский ЗМВ,,Белое брют,inkermanskiy-zmv-inkerman-bryut-rkatsiteli-beloe-12,inkermanskiy-zmv-inkerman-bryut-rkatsiteli-beloe-12_bottom.webp
Авторское Мурведр,красное сухое Авторское Мурведр Массандра,Мурведр,Красное сухое,massandra-avtorskoe-murvedr-krasnoe-suhoe-14,massandra-avtorskoe-murvedr-krasnoe-suhoe-14.webp
Авторское Мурведр,красное сухое Авторское Мурведр Массандра,Мурведр,Красное сухое,massandra-avtorskoe-murvedr-krasnoe-suhoe-14,massandra-avtorskoe-murvedr-krasnoe-suhoe-14_bottom.webp
Мускат розовый позднего сбора,розовое сладкое Мускат розовый позднего сбора Массандра,Мускат,Розовое сладкое,massandra-muskat-rozovyy-pozdnego-sbora-rozovoe-sladkoe-10,massandra-muskat-rozovyy-pozdnego-sbora-rozovoe-sladkoe-10.webp
Мускат розовый позднего сбора,розовое сладкое Мускат розовый позднего сбора Массандра,Мускат,Розовое сладкое,massandra-muskat-rozovyy-pozdnego-sbora-rozovoe-sladkoe-10,massandra-muskat-rozovyy-pozdnego-sbora-rozovoe-sladkoe-10_bottom.webp
Вино Авторское Пино Гри,белое сухое Вино Авторское Пино Гри Массандра,Пино Гри,Белое сухое,massandra-vino-avtorskoe-pino-gri-beloe-suhoe-12,massandra-vino-avtorskoe-pino-gri-beloe-suhoe-12.webp
Вино Авторское Пино Гри,белое сухое Вино Авторское Пино Гри Массандра,Пино Гри,Белое сухое,massandra-vino-avtorskoe-pino-gri-beloe-suhoe-12,massandra-vino-avtorskoe-pino-gri-beloe-suhoe-12_bottom.webp
Портвейн красный Ливадия,красное сладкое Портвейн красный Ливадия Массандра,Каберне Совиньон,Красное сладкое,massandra-portveyn-krasnyy-livadiya-kaberne-sovinon-krasnoe-sladkoe-185,massandra-portveyn-krasnyy-livadiya-kaberne-sovinon-krasnoe-sladkoe-185.webp
Портвейн красный Ливадия,красное сладкое Портвейн красный Ливадия Массандра,Каберне Совиньон,Красное сладкое,massandra-portveyn-krasnyy-livadiya-kaberne-sovinon-krasnoe-sladkoe-185,massandra-portveyn-krasnyy-livadiya-kaberne-sovinon-krasnoe-sladkoe-185_bottom.webp
Мускат белый позднего сбора,белое сладкое Мускат белый позднего сбора Массандра,Мускат,Белое сладкое,massandra-muskat-belyy-pozdnego-sbora-beloe-sladkoe-10,massandra-muskat-belyy-pozdnego-sbora-beloe-sladkoe-10.webp
Мускат белый позднего сбора,белое сладкое Мускат белый позднего сбора Массандра,Мускат,Белое сладкое,massandra-muskat-belyy-pozdnego-sbora-beloe-sladkoe-10,massandra-muskat-belyy-pozdnego-sbora-beloe-sladkoe-10_bottom.webp
Лакрима Кристи,красное сладкое Лакрима Кристи Массандра,Алеатико,Красное сладкое,massandra-lakrima-kristi-aleatiko-krasnoe-sladkoe-16,massandra-lakrima-kristi-aleatiko-krasnoe-sladkoe-16.webp
Лакрима Кристи,красное сладкое Лакрима Кристи Массандра,Алеатико,Красное сладкое,massandra-lakrima-kristi-aleatiko-krasnoe-sladkoe-16,massandra-lakrima-kristi-aleatiko-krasnoe-sladkoe-16_bottom.webp
Портвейн белый крымский,белое сладкое Портвейн белый крымский Массандра,,Белое сладкое,massandra-portveyn-belyy-krymskiy-kokur-beloe-sladkoe-18,massandra-portveyn-belyy-krymskiy-kokur-beloe-sladkoe-18.webp
Портвейн белый крымский,белое сладкое Портвейн белый крымский Массандра,,Белое сладкое,massandra-portveyn-belyy-krymskiy-kokur-beloe-sladkoe-18,massandra-portveyn-belyy-krymskiy-kokur-beloe-sladkoe-18_bottom.webp
Кокур десертный Сурож,белое сладкое Кокур десертный Сурож Массандра,Кокур,Белое сладкое,massandra-kokur-desertnyy-surozh-beloe-sladkoe-16,massandra-kokur-desertnyy-surozh-beloe-sladkoe-16.webp
Кокур десертный Сурож,белое сладкое Кокур десертный Сурож Массандра,Кокур,Белое сладкое,massandra-kokur-desertnyy-surozh-beloe-sladkoe-16,massandra-kokur-desertnyy-surozh-beloe-sladkoe-16_bottom.webp
Пино Гри,белое сладкое Пино Гри Массандра,Пино Гри,Белое сладкое,massandra-pino-gri-beloe-sladkoe-16,massandra-pino-gri-beloe-sladkoe-16.webp
Пино Гри,белое сладкое Пино Гри Массандра,Пино Гри,Белое сладкое,massandra-pino-gri-beloe-sladkoe-16,massandra-pino-gri-beloe-sladkoe-16_bottom.webp
Мускат белый красного камня,белое сладкое Мускат белый красного камня Массандра,Мускат,Белое сладкое,massandra-muskat-belyy-krasnogo-kamnya-beloe-sladkoe-13,massandra-muskat-belyy-krasnogo-kamnya-beloe-sladkoe-13.webp
Мускат белый красного камня,белое сладкое Мускат белый красного камня Массандра,Мускат,Белое сладкое,massandra-muskat-belyy-krasnogo-kamnya-beloe-sladkoe-13,massandra-muskat-belyy-krasnogo-kamnya-beloe-sladkoe-13_bottom.webp
Кагор Гурзуф,красное сладкое Кагор Гурзуф Массандра,,Красное сладкое,massandra-kagor-gurzuf-saperavi-krasnoe-sladkoe-16,massandra-kagor-gurzuf-saperavi-krasnoe-sladkoe-16.webp
Кагор Гурзуф,красное сладкое Кагор Гурзуф Массандра,,Красное сладкое,massandra-kagor-gurzuf-saperavi-krasnoe-sladkoe-16,massandra-kagor-gurzuf-saperavi-krasnoe-sladkoe-16_bottom.webp
Бастардо,красное сладкое Бастардо Массандра,Бастардо Магарачский,Красное сладкое,massandra-bastardo-bastardo-magarachskiy-krasnoe-sladkoe-16,massandra-bastardo-bastardo-magarachskiy-krasnoe-sladkoe-16.webp
Бастардо,красное сладкое Бастардо Массандра,Бастардо Магарачский,Красное сладкое,massandra-bastardo-bastardo-magarachskiy-krasnoe-sladkoe-16,massandra-bastardo-bastardo-magarachskiy-krasnoe-sladkoe-16_bottom.webp
Массандра Херес Ореадна,белое сухое Массандра Херес Ореадна Массандра,,Белое сухое,massandra-massandra-heres-oreadna-aligote-beloe-suhoe-16,massandra-massandra-heres-oreadna-aligote-beloe-suhoe-16.webp
Массандра Херес Ореадна,белое сухое Массандра Херес Ореадна Массандра,,Белое сухое,massandra-massandra-heres-oreadna-aligote-beloe-suhoe-16,massandra-massandra-heres-oreadna-aligote-beloe-suhoe-16_bottom.webp
Кагор Южнобережный,красное сладкое Кагор Южнобережный Массандра,Саперави,Красное сладкое,massandra-kagor-yuzhnoberezhnyy-saperavi-krasnoe-sladkoe-16,massandra-kagor-yuzhnoberezhnyy-saperavi-krasnoe-sladkoe-16.webp
Кагор Южнобережный,красное сладкое Кагор Южнобережный Массандра,Саперави,Красное сладкое,massandra-kagor-yuzhnoberezhnyy-saperavi-krasnoe-sladkoe-16,massandra-kagor-yuzhnoberezhnyy-saperavi-krasnoe-sladkoe-16_bottom.webp
Российское шампанское коллекционное экстра брют белое «Новый Свет. Блан де Нуар»,белое экстра брют Российское шампанское коллекционное экстра брют белое «Новый Свет. Блан де Нуар» Новый Свет. Дом шампанских вин,Пино Нуар,Белое экстра брют,novyy-svet-dom-shampanskih-vin-rossiyskoe-shampanskoe-kollektsionnoe-ekstra-bryut-beloe-novyy-svet-blan-de-nuar-pino-nuar-13,novyy-svet-dom-shampanskih-vin-rossiyskoe-shampanskoe-kollektsionnoe-ekstra-bryut-beloe-novyy-svet-blan-de-nuar-pino-nuar-13.webp
Российское шампанское коллекционное экстра брют белое «Новый Свет. Блан де Нуар»,белое экстра брют Российское шампанское коллекционное экстра брют белое «Новый Свет. Блан де Нуар» Новый Свет. Дом шампанских вин,Пино Нуар,Белое экстра брют,novyy-svet-dom-shampanskih-vin-rossiyskoe-shampanskoe-kollektsionnoe-ekstra-bryut-beloe-novyy-svet-blan-de-nuar-pino-nuar-13,novyy-svet-dom-shampanskih-vin-rossiyskoe-shampanskoe-kollektsionnoe-ekstra-bryut-beloe-novyy-svet-blan-de-nuar-pino-nuar-13_bottom.webp
Российское шампанское выдержанное брют белое «Новый Свет»,белое брют Российское шампанское выдержанное брют белое «Новый Свет» Новый Свет. Дом шампанских вин,,Белое брют,novyy-svet-dom-shampanskih-vin-rossiyskoe-shampanskoe-vyderzhannoe-bryut-beloe-novyy-svet-shardone-125,novyy-svet-dom-shampanskih-vin-rossiyskoe-shampanskoe-vyderzhannoe-bryut-beloe-novyy-svet-shardone-125.webp
Российское шампанское выдержанное брют белое «Новый Свет»,белое брют Российское шампанское выдержанное брют белое «Новый Свет» Новый Свет. Дом шампанских вин,,Белое брют,novyy-svet-dom-shampanskih-vin-rossiyskoe-shampanskoe-vyderzhannoe-bryut-beloe-novyy-svet-shardone-125,novyy-svet-dom-shampanskih-vin-rossiyskoe-shampanskoe-vyderzhannoe-bryut-beloe-novyy-svet-shardone-125_bottom.webp
Российское шампанское выдержанное экстра брют белое «Новый Свет. Алиготе»,белое экстра брют Российское шампанское выдержанное экстра брют белое «Новый Свет. Алиготе» Новый Свет. Дом шампанских вин,Алиготе,Белое экстра брют,novyy-svet-dom-shampanskih-vin-rossiyskoe-shampanskoe-vyderzhannoe-ekstra-bryut-beloe-novyy-svet-aligote-13,novyy-svet-dom-shampanskih-vin-rossiyskoe-shampanskoe-vyderzhannoe-ekstra-bryut-beloe-novyy-svet-aligote-13.webp
Российское шампанское выдержанное экстра брют белое «Новый Свет. Алиготе»,белое экстра брют Российское шампанское выдержанное экстра брют белое «Новый Свет. Алиготе» Новый Свет. Дом шампанских вин,Алиготе,Белое экстра брют,novyy-svet-dom-shampanskih-vin-rossiyskoe-shampanskoe-vyderzhannoe-ekstra-bryut-beloe-novyy-svet-aligote-13,novyy-svet-dom-shampanskih-vin-rossiyskoe-shampanskoe-vyderzhannoe-ekstra-bryut-beloe-novyy-svet-aligote-13_bottom.webp
Российское шампанское коллекционное экстра брют белое «Новый Свет»,белое экстра брют Российское шампанское коллекционное экстра брют белое «Новый Свет» Новый Свет. Дом шампанских вин,,Белое экстра брют,novyy-svet-dom-shampanskih-vin-rossiyskoe-shampanskoe-kollektsionnoe-ekstra-bryut-beloe-novyy-svet-shardone-125,novyy-svet-dom-shampanskih-vin-rossiyskoe-shampanskoe-kollektsionnoe-ekstra-bryut-beloe-novyy-svet-shardone-125.webp
Российское шампанское коллекционное экстра брют белое «Новый Свет»,белое экстра брют Российское шампанское коллекционное экстра брют белое «Новый Свет» Новый Свет. Дом шампанских вин,,Белое экстра брют,novyy-svet-dom-shampanskih-vin-rossiyskoe-shampanskoe-kollektsionnoe-ekstra-bryut-beloe-novyy-svet-shardone-125,novyy-svet-dom-shampanskih-vin-rossiyskoe-shampanskoe-kollektsionnoe-ekstra-bryut-beloe-novyy-svet-shardone-125_bottom.webp
Российское шампанское коллекционное экстра брют белое «Новый Свет. Кюве Де Престиж Шардоне»,белое экстра брют Российское шампанское коллекционное экстра брют белое «Новый Свет. Кюве Де Престиж Шардоне» Новый Свет. Дом шампанских вин,Шардоне,Белое экстра брют,novyy-svet-dom-shampanskih-vin-rossiyskoe-shampanskoe-kollektsionnoe-ekstra-bryut-beloe-novyy-svet-kyuve-de-prestizh-shardone-125,novyy-svet-dom-shampanskih-vin-rossiyskoe-shampanskoe-kollektsionnoe-ekstra-bryut-beloe-novyy-svet-kyuve-de-prestizh-shardone-125.webp
Российское шампанское коллекционное экстра брют белое «Новый Свет. Кюве Де Престиж Шардоне»,белое экстра брют Российское шампанское коллекционное экстра брют белое «Новый Свет. Кюве Де Престиж Шардоне» Новый Свет. Дом шампанских вин,Шардоне,Белое экстра брют,novyy-svet-dom-shampanskih-vin-rossiyskoe-shampanskoe-kollektsionnoe-ekstra-bryut-beloe-novyy-svet-kyuve-de-prestizh-shardone-125,novyy-svet-dom-shampanskih-vin-rossiyskoe-shampanskoe-kollektsionnoe-ekstra-bryut-beloe-novyy-svet-kyuve-de-prestizh-shardone-125_bottom.webp
Российское шампанское коллекционное брют белое «Новый Свет. Кюве Де Престиж Пино Гри Миллезим»,розовое брют Российское шампанское коллекционное брют белое «Новый Свет. Кюве Де Престиж Пино Гри Миллезим» Новый Свет. Дом шампанских вин,Пино Гри,Розовое брют,novyy-svet-dom-shampanskih-vin-rossiyskoe-shampanskoe-kollektsionnoe-bryut-beloe-novyy-svet-kyuve-de-prestizh-pino-gri-millezim-rozovoe-125,novyy-svet-dom-shampanskih-vin-rossiyskoe-shampanskoe-kollektsionnoe-bryut-beloe-novyy-svet-kyuve-de-prestizh-pino-gri-millezim-rozovoe-125.webp
Российское шампанское коллекционное брют белое «Новый Свет. Кюве Де Престиж Пино Гри Миллезим»,розовое брют Российское шампанское коллекционное брют белое «Новый Свет. Кюве Де Престиж Пино Гри Миллезим» Новый Свет. Дом шампанских вин,Пино Гри,Розовое брют,novyy-svet-dom-shampanskih-vin-rossiyskoe-shampanskoe-kollektsionnoe-bryut-beloe-novyy-svet-kyuve-de-prestizh-pino-gri-millezim-rozovoe-125,novyy-svet-dom-shampanskih-vin-rossiyskoe-shampanskoe-kollektsionnoe-bryut-beloe-novyy-svet-kyuve-de-prestizh-pino-gri-millezim-rozovoe-125_bottom.webp
Российское шампанское коллекционное полусухое белое «Новый Свет»,белое полусухое Российское шампанское коллекционное полусухое белое «Новый Свет» Новый Свет. Дом шампанских вин,,Белое полусухое,novyy-svet-dom-shampanskih-vin-rossiyskoe-shampanskoe-kollektsionnoe-polusuhoe-beloe-novyy-svet-shardone-13,novyy-svet-dom-shampanskih-vin-rossiyskoe-shampanskoe-kollektsionnoe-polusuhoe-beloe-novyy-svet-shardone-13.webp
Российское шампанское коллекционное полусухое белое «Новый Свет»,белое полусухое Российское шампанское коллекционное полусухое белое «Новый Свет» Новый Свет. Дом шампанских вин,,Белое полусухое,novyy-svet-dom-shampanskih-vin-rossiyskoe-shampanskoe-kollektsionnoe-polusuhoe-beloe-novyy-svet-shardone-13,novyy-svet-dom-shampanskih-vin-rossiyskoe-shampanskoe-kollektsionnoe-polusuhoe-beloe-novyy-svet-shardone-13_bottom.webp
Российское шампанское коллекционное брют белое «Новый Свет. Юбилейное»,белое брют Российское шампанское коллекционное брют белое «Новый Свет. Юбилейное» Новый Свет. Дом шампанских вин,,Белое брют,novyy-svet-dom-shampanskih-vin-rossiyskoe-shampanskoe-kollektsionnoe-bryut-beloe-novyy-svet-yubileynoe-risling-13,novyy-svet-dom-shampanskih-vin-rossiyskoe-shampanskoe-kollektsionnoe-bryut-beloe-novyy-svet-yubileynoe-risling-13.webp
Российское шампанское коллекционное брют белое «Новый Свет. Юбилейное»,белое брют Российское шампанское коллекционное брют белое «Новый Свет. Юбилейное» Новый Свет. Дом шампанских вин,,Белое брют,novyy-svet-dom-shampanskih-vin-rossiyskoe-shampanskoe-kollektsionnoe-bryut-beloe-novyy-svet-yubileynoe-risling-13,novyy-svet-dom-shampanskih-vin-rossiyskoe-shampanskoe-kollektsionnoe-bryut-beloe-novyy-svet-yubileynoe-risling-13_bottom.webp
Российское шампанское выдержанное брют розовое «Новый Свет. Каберне»,розовое брют Российское шампанское выдержанное брют розовое «Новый Свет. Каберне» Новый Свет. Дом шампанских вин,Каберне Совиньон,Розовое брют,novyy-svet-dom-shampanskih-vin-rossiyskoe-shampanskoe-vyderzhannoe-bryut-rozovoe-novyy-svet-kaberne-kaberne-sovinon-11,novyy-svet-dom-shampanskih-vin-rossiyskoe-shampanskoe-vyderzhannoe-bryut-rozovoe-novyy-svet-kaberne-kaberne-sovinon-11.webp
Российское шампанское выдержанное брют розовое «Новый Свет. Каберне»,розовое брют Российское шампанское выдержанное брют розовое «Новый Свет. Каберне» Новый Свет. Дом шампанских вин,Каберне Совиньон,Розовое брют,novyy-svet-dom-shampanskih-vin-rossiyskoe-shampanskoe-vyderzhannoe-bryut-rozovoe-novyy-svet-kaberne-kaberne-sovinon-11,novyy-svet-dom-shampanskih-vin-rossiyskoe-shampanskoe-vyderzhannoe-bryut-rozovoe-novyy-svet-kaberne-kaberne-sovinon-11_bottom.webp
Игристое вино выдержанное полусладкое розовое «Новый Свет. Пино Фран»,розовое полусладкое Игристое вино выдержанное полусладкое розовое «Новый Свет. Пино Фран» Новый Свет. Дом шампанских вин,Пино фран,Розовое полусладкое,novyy-svet-dom-shampanskih-vin-igristoe-vino-vyderzhannoe-polusladkoe-rozovoe-novyy-svet-pino-fran-135,novyy-svet-dom-shampanskih-vin-igristoe-vino-vyderzhannoe-polusladkoe-rozovoe-novyy-svet-pino-fran-135.webp
Игристое вино выдержанное полусладкое розовое «Новый Свет. Пино Фран»,розовое полусладкое Игристое вино выдержанное полусладкое розовое «Новый Свет. Пино Фран» Новый Свет. Дом шампанских вин,Пино фран,Розовое полусладкое,novyy-svet-dom-shampanskih-vin-igristoe-vino-vyderzhannoe-polusladkoe-rozovoe-novyy-svet-pino-fran-135,novyy-svet-dom-shampanskih-vin-igristoe-vino-vyderzhannoe-polusladkoe-rozovoe-novyy-svet-pino-fran-135_bottom.webp
Российское шампанское коллекционное полусухое белое «Новый Свет»,белое полусухое Российское шампанское коллекционное полусухое белое «Новый Свет» Новый Свет. Дом шампанских вин,,Белое полусухое,novyy-svet-dom-shampanskih-vin-rossiyskoe-shampanskoe-kollektsionnoe-polusuhoe-beloe-novyy-svet-risling-125,novyy-svet-dom-shampanskih-vin-rossiyskoe-shampanskoe-kollektsionnoe-polusuhoe-beloe-novyy-svet-risling-125.webp
Российское шампанское коллекционное полусухое белое «Новый Свет»,белое полусухое Российское шампанское коллекционное полусухое белое «Новый Свет» Новый Свет. Дом шампанских вин,,Белое полусухое,novyy-svet-dom-shampanskih-vin-rossiyskoe-shampanskoe-kollektsionnoe-polusuhoe-beloe-novyy-svet-risling-125,novyy-svet-dom-shampanskih-vin-rossiyskoe-shampanskoe-kollektsionnoe-polusuhoe-beloe-novyy-svet-risling-125_bottom.webp
Игристое вино выдержанное брют розовое «Новый Свет. Пино Фран»,розовое брют Игристое вино выдержанное брют розовое «Новый Свет. Пино Фран» Новый Свет. Дом шампанских вин,Пино фран,Розовое брют,novyy-svet-dom-shampanskih-vin-igristoe-vino-vyderzhannoe-bryut-rozovoe-novyy-svet-pino-fran-135,novyy-svet-dom-shampanskih-vin-igristoe-vino-vyderzhannoe-bryut-rozovoe-novyy-svet-pino-fran-135.webp
Игристое вино выдержанное брют розовое «Новый Свет. Пино Фран»,розовое брют Игристое вино выдержанное брют розовое «Новый Свет. Пино Фран» Новый Свет. Дом шампанских вин,Пино фран,Розовое брют,novyy-svet-dom-shampanskih-vin-igristoe-vino-vyderzhannoe-bryut-rozovoe-novyy-svet-pino-fran-135,novyy-svet-dom-shampanskih-vin-igristoe-vino-vyderzhannoe-bryut-rozovoe-novyy-svet-pino-fran-135_bottom.webp
Российское шампанское выдержанное полусладкое розовое «Новый Свет»,розовое полусладкое Российское шампанское выдержанное полусладкое розовое «Новый Свет» Новый Свет. Дом шампанских вин,,Розовое полусладкое,novyy-svet-dom-shampanskih-vin-rossiyskoe-shampanskoe-vyderzhannoe-polusladkoe-rozovoe-novyy-svet-shardone-125,novyy-svet-dom-shampanskih-vin-rossiyskoe-shampanskoe-vyderzhannoe-polusladkoe-rozovoe-novyy-svet-shardone-125.webp
Российское шампанское выдержанное полусладкое розовое «Новый Свет»,розовое полусладкое Российское шампанское выдержанное полусладкое розовое «Новый Свет» Новый Свет. Дом шампанских вин,,Розовое полусладкое,novyy-svet-dom-shampanskih-vin-rossiyskoe-shampanskoe-vyderzhannoe-polusladkoe-rozovoe-novyy-svet-shardone-125,novyy-svet-dom-shampanskih-vin-rossiyskoe-shampanskoe-vyderzhannoe-polusladkoe-rozovoe-novyy-svet-shardone-125_bottom.webp
Российское шампанское коллекционное брют розовое «Новый Свет. Пино Нуар»,розовое брют Российское шампанское коллекционное брют розовое «Новый Свет. Пино Нуар» Новый Свет. Дом шампанских вин,Пино Нуар,Розовое брют,novyy-svet-dom-shampanskih-vin-rossiyskoe-shampanskoe-kollektsionnoe-bryut-rozovoe-novyy-svet-pino-nuar-135,novyy-svet-dom-shampanskih-vin-rossiyskoe-shampanskoe-kollektsionnoe-bryut-rozovoe-novyy-svet-pino-nuar-135.webp
Российское шампанское коллекционное брют розовое «Новый Свет. Пино Нуар»,розовое брют Российское шампанское коллекционное брют розовое «Новый Свет. Пино Нуар» Новый Свет. Дом шампанских вин,Пино Нуар,Розовое брют,novyy-svet-dom-shampanskih-vin-rossiyskoe-shampanskoe-kollektsionnoe-bryut-rozovoe-novyy-svet-pino-nuar-135,novyy-svet-dom-shampanskih-vin-rossiyskoe-shampanskoe-kollektsionnoe-bryut-rozovoe-novyy-svet-pino-nuar-135_bottom.webp
Российское шампанское коллекционное полусухое розовое «Новый Свет. Пино Нуар»,розовое полусухое Российское шампанское коллекционное полусухое розовое «Новый Свет. Пино Нуар» Новый Свет. Дом шампанских вин,Пино Нуар,Розовое полусухое,novyy-svet-dom-shampanskih-vin-rossiyskoe-shampanskoe-kollektsionnoe-polusuhoe-rozovoe-novyy-svet-pino-nuar-125,novyy-svet-dom-shampanskih-vin-rossiyskoe-shampanskoe-kollektsionnoe-polusuhoe-rozovoe-novyy-svet-pino-nuar-125.webp
Российское шампанское коллекционное полусухое розовое «Новый Свет. Пино Нуар»,розовое полусухое Российское шампанское коллекционное полусухое розовое «Новый Свет. Пино Нуар» Новый Свет. Дом шампанских вин,Пино Нуар,Розовое полусухое,novyy-svet-dom-shampanskih-vin-rossiyskoe-shampanskoe-kollektsionnoe-polusuhoe-rozovoe-novyy-svet-pino-nuar-125,novyy-svet-dom-shampanskih-vin-rossiyskoe-shampanskoe-kollektsionnoe-polusuhoe-rozovoe-novyy-svet-pino-nuar-125_bottom.webp
Игристое вино выдержанное брют красное «Новый Свет. Каберне Совиньон»,красное брют Игристое вино выдержанное брют красное «Новый Свет. Каберне Совиньон» Новый Свет. Дом шампанских вин,Каберне Совиньон,Красное брют,novyy-svet-dom-shampanskih-vin-igristoe-vino-vyderzhannoe-bryut-krasnoe-novyy-svet-kaberne-sovinon-135,novyy-svet-dom-shampanskih-vin-igristoe-vino-vyderzhannoe-bryut-krasnoe-novyy-svet-kaberne-sovinon-135.webp
Игристое вино выдержанное брют красное «Новый Свет. Каберне Совиньон»,красное брют Игристое вино выдержанное брют красное «Новый Свет. Каберне Совиньон» Новый Свет. Дом шампанских вин,Каберне Совиньон,Красное брют,novyy-svet-dom-shampanskih-vin-igristoe-vino-vyderzhannoe-bryut-krasnoe-novyy-svet-kaberne-sovinon-135,novyy-svet-dom-shampanskih-vin-igristoe-vino-vyderzhannoe-bryut-krasnoe-novyy-svet-kaberne-sovinon-135_bottom.webp
Российское шампанское выдержанное экстра брют белое «Новый Свет. Кокур»,белое экстра брют Российское шампанское выдержанное экстра брют белое «Новый Свет. Кокур» Новый Свет. Дом шампанских вин,Кокур,Белое экстра брют,novyy-svet-dom-shampanskih-vin-rossiyskoe-shampanskoe-vyderzhannoe-ekstra-bryut-beloe-novyy-svet-kokur-11,novyy-svet-dom-shampanskih-vin-rossiyskoe-shampanskoe-vyderzhannoe-ekstra-bryut-beloe-novyy-svet-kokur-11.webp
Российское шампанское выдержанное экстра брют белое «Новый Свет. Кокур»,белое экстра брют Российское шампанское выдержанное экстра брют белое «Новый Свет. Кокур» Новый Свет. Дом шампанских вин,Кокур,Белое экстра брют,novyy-svet-dom-shampanskih-vin-rossiyskoe-shampanskoe-vyderzhannoe-ekstra-bryut-beloe-novyy-svet-kokur-11,novyy-svet-dom-shampanskih-vin-rossiyskoe-shampanskoe-vyderzhannoe-ekstra-bryut-beloe-novyy-svet-kokur-11_bottom.webp
Российское шампанское коллекционное брют белое «Новый Свет. Парадизио»,белое брют Российское шампанское коллекционное брют белое «Новый Свет. Парадизио» Новый Свет. Дом шампанских вин,Шардоне,Белое брют,novyy-svet-dom-shampanskih-vin-rossiyskoe-shampanskoe-kollektsionnoe-bryut-beloe-novyy-svet-paradizio-shardone-125,novyy-svet-dom-shampanskih-vin-rossiyskoe-shampanskoe-kollektsionnoe-bryut-beloe-novyy-svet-paradizio-shardone-125.webp
Российское шампанское коллекционное брют белое «Новый Свет. Парадизио»,белое брют Российское шампанское коллекционное брют белое «Новый Свет. Парадизио» Новый Свет. Дом шампанских вин,Шардоне,Белое брют,novyy-svet-dom-shampanskih-vin-rossiyskoe-shampanskoe-kollektsionnoe-bryut-beloe-novyy-svet-paradizio-shardone-125,novyy-svet-dom-shampanskih-vin-rossiyskoe-shampanskoe-kollektsionnoe-bryut-beloe-novyy-svet-paradizio-shardone-125_bottom.webp
Игристое вино выдержанное полусладкое красное «Новый Свет. Каберне Совиньон»,красное полусладкое Игристое вино выдержанное полусладкое красное «Новый Свет. Каберне Совиньон» Новый Свет. Дом шампанских вин,Каберне Совиньон,Красное полусладкое,novyy-svet-dom-shampanskih-vin-igristoe-vino-vyderzhannoe-polusladkoe-krasnoe-novyy-svet-kaberne-sovinon-12,novyy-svet-dom-shampanskih-vin-igristoe-vino-vyderzhannoe-polusladkoe-krasnoe-novyy-svet-kaberne-sovinon-12.webp
Игристое вино выдержанное полусладкое красное «Новый Свет. Каберне Совиньон»,красное полусладкое Игристое вино выдержанное полусладкое красное «Новый Свет. Каберне Совиньон» Новый Свет. Дом шампанских вин,Каберне Совиньон,Красное полусладкое,novyy-svet-dom-shampanskih-vin-igristoe-vino-vyderzhannoe-polusladkoe-krasnoe-novyy-svet-kaberne-sovinon-12,novyy-svet-dom-shampanskih-vin-igristoe-vino-vyderzhannoe-polusladkoe-krasnoe-novyy-svet-kaberne-sovinon-12_bottom.webp
Российское шампанское коллекционное брют белое «Новый Свет. Золотой Рислинг»,белое сухое Российское шампанское коллекционное брют белое «Новый Свет. Золотой Рислинг» Новый Свет. Дом шампанских вин,Рислинг,Белое сухое,novyy-svet-dom-shampanskih-vin-rossiyskoe-shampanskoe-kollektsionnoe-bryut-beloe-novyy-svet-zolotoy-risling-suhoe-13,novyy-svet-dom-shampanskih-vin-rossiyskoe-shampanskoe-kollektsionnoe-bryut-beloe-novyy-svet-zolotoy-risling-suhoe-13.webp
Российское шампанское коллекционное брют белое «Новый Свет. Золотой Рислинг»,белое сухое Российское шампанское коллекционное брют белое «Новый Свет. Золотой Рислинг» Новый Свет. Дом шампанских вин,Рислинг,Белое сухое,novyy-svet-dom-shampanskih-vin-rossiyskoe-shampanskoe-kollektsionnoe-bryut-beloe-novyy-svet-zolotoy-risling-suhoe-13,novyy-svet-dom-shampanskih-vin-rossiyskoe-shampanskoe-kollektsionnoe-bryut-beloe-novyy-svet-zolotoy-risling-suhoe-13_bottom.webp
Игристое вино выдержанное брют розовое «Новый Свет. Пино Нуар»,розовое брют Игристое вино выдержанное брют розовое «Новый Свет. Пино Нуар» Новый Свет. Дом шампанских вин,Пино Нуар,Розовое брют,novyy-svet-dom-shampanskih-vin-igristoe-vino-vyderzhannoe-bryut-rozovoe-novyy-svet-pino-nuar-125,novyy-svet-dom-shampanskih-vin-igristoe-vino-vyderzhannoe-bryut-rozovoe-novyy-svet-pino-nuar-125.webp
Игристое вино выдержанное брют розовое «Новый Свет. Пино Нуар»,розовое брют Игристое вино выдержанное брют розовое «Новый Свет. Пино Нуар» Новый Свет. Дом шампанских вин,Пино Нуар,Розовое брют,novyy-svet-dom-shampanskih-vin-igristoe-vino-vyderzhannoe-bryut-rozovoe-novyy-svet-pino-nuar-125,novyy-svet-dom-shampanskih-vin-igristoe-vino-vyderzhannoe-bryut-rozovoe-novyy-svet-pino-nuar-125_bottom.webp
Российское шампанское коллекционное экстра брют белое «Новый Свет. Рислинг Кюве Де Престиж»,белое экстра брют Российское шампанское коллекционное экстра брют белое «Новый Свет. Рислинг Кюве Де Престиж» Новый Свет. Дом шампанских вин,Рислинг,Белое экстра брют,novyy-svet-dom-shampanskih-vin-rossiyskoe-shampanskoe-kollektsionnoe-ekstra-bryut-beloe-novyy-svet-risling-kyuve-de-prestizh-125,novyy-svet-dom-shampanskih-vin-rossiyskoe-shampanskoe-kollektsionnoe-ekstra-bryut-beloe-novyy-svet-risling-kyuve-de-prestizh-125.webp
Российское шампанское коллекционное экстра брют белое «Новый Свет. Рислинг Кюве Де Престиж»,белое экстра брют Российское шампанское коллекционное экстра брют белое «Новый Свет. Рислинг Кюве Де Престиж» Новый Свет. Дом шампанских вин,Рислинг,Белое экстра брют,novyy-svet-dom-shampanskih-vin-rossiyskoe-shampanskoe-kollektsionnoe-ekstra-bryut-beloe-novyy-svet-risling-kyuve-de-prestizh-125,novyy-svet-dom-shampanskih-vin-rossiyskoe-shampanskoe-kollektsionnoe-ekstra-bryut-beloe-novyy-svet-risling-kyuve-de-prestizh-125_bottom.webp
Российское шампанское коллекционное экстра брют белое «Новый Свет. Кюве»,белое экстра брют Российское шампанское коллекционное экстра брют белое «Новый Свет. Кюве» Новый Свет. Дом шампанских вин,,Белое экстра брют,novyy-svet-dom-shampanskih-vin-rossiyskoe-shampanskoe-kollektsionnoe-ekstra-bryut-beloe-novyy-svet-kyuve-risling-125,novyy-svet-dom-shampanskih-vin-rossiyskoe-shampanskoe-kollektsionnoe-ekstra-bryut-beloe-novyy-svet-kyuve-risling-125.webp
Российское шампанское коллекционное экстра брют белое «Новый Свет. Кюве»,белое экстра брют Российское шампанское коллекционное экстра брют белое «Новый Свет. Кюве» Новый Свет. Дом шампанских вин,,Белое экстра брют,novyy-svet-dom-shampanskih-vin-rossiyskoe-shampanskoe-kollektsionnoe-ekstra-bryut-beloe-novyy-svet-kyuve-risling-125,novyy-svet-dom-shampanskih-vin-rossiyskoe-shampanskoe-kollektsionnoe-ekstra-bryut-beloe-novyy-svet-kyuve-risling-125_bottom.webp
Pinot Noir,красное сухое Pinot Noir Усадьба Дивноморское,Пино Нуар,Красное сухое,usadba-divnomorskoe-pinot-noir-pino-nuar-krasnoe-suhoe-12,usadba-divnomorskoe-pinot-noir-pino-nuar-krasnoe-suhoe-12.webp
Pinot Noir,красное сухое Pinot Noir Усадьба Дивноморское,Пино Нуар,Красное сухое,usadba-divnomorskoe-pinot-noir-pino-nuar-krasnoe-suhoe-12,usadba-divnomorskoe-pinot-noir-pino-nuar-krasnoe-suhoe-12_bottom.webp
Merlot,красное сухое Merlot Усадьба Дивноморское,Мерло,Красное сухое,usadba-divnomorskoe-merlot-merlo-krasnoe-suhoe-149,usadba-divnomorskoe-merlot-merlo-krasnoe-suhoe-149.webp
Merlot,красное сухое Merlot Усадьба Дивноморское,Мерло,Красное сухое,usadba-divnomorskoe-merlot-merlo-krasnoe-suhoe-149,usadba-divnomorskoe-merlot-merlo-krasnoe-suhoe-149_bottom.webp
Muscat Ottonel,белое сладкое Muscat Ottonel Усадьба Дивноморское,Мускат Оттонель,Белое сладкое,usadba-divnomorskoe-muscat-ottonel-muskat-ottonel-beloe-sladkoe-135,usadba-divnomorskoe-muscat-ottonel-muskat-ottonel-beloe-sladkoe-135.webp
Muscat Ottonel,белое сладкое Muscat Ottonel Усадьба Дивноморское,Мускат Оттонель,Белое сладкое,usadba-divnomorskoe-muscat-ottonel-muskat-ottonel-beloe-sladkoe-135,usadba-divnomorskoe-muscat-ottonel-muskat-ottonel-beloe-sladkoe-135_bottom.webp
Maris Blanc de Blanc Extra Brut,белое экстра брют Maris Blanc de Blanc Extra Brut Усадьба Дивноморское,Шардоне,Белое экстра брют,usadba-divnomorskoe-maris-blanc-de-blanc-extra-brut-shardone-beloe-ekstra-bryut-105,usadba-divnomorskoe-maris-blanc-de-blanc-extra-brut-shardone-beloe-ekstra-bryut-105.webp
Maris Blanc de Blanc Extra Brut,белое экстра брют Maris Blanc de Blanc Extra Brut Усадьба Дивноморское,Шардоне,Белое экстра брют,usadba-divnomorskoe-maris-blanc-de-blanc-extra-brut-shardone-beloe-ekstra-bryut-105,usadba-divnomorskoe-maris-blanc-de-blanc-extra-brut-shardone-beloe-ekstra-bryut-105_bottom.webp
Maris Blanc de Noirs Extra Brut,белое экстра брют Maris Blanc de Noirs Extra Brut Усадьба Дивноморское,Пино Нуар,Белое экстра брют,usadba-divnomorskoe-maris-blanc-de-noirs-extra-brut-pino-nuar-beloe-ekstra-bryut-105,usadba-divnomorskoe-maris-blanc-de-noirs-extra-brut-pino-nuar-beloe-ekstra-bryut-105.webp
Maris Blanc de Noirs Extra Brut,белое экстра брют Maris Blanc de Noirs Extra Brut Усадьба Дивноморское,Пино Нуар,Белое экстра брют,usadba-divnomorskoe-maris-blanc-de-noirs-extra-brut-pino-nuar-beloe-ekstra-bryut-105,usadba-divnomorskoe-maris-blanc-de-noirs-extra-brut-pino-nuar-beloe-ekstra-bryut-105_bottom.webp
Rose,розовое сухое Rose Усадьба Дивноморское,,Розовое сухое,usadba-divnomorskoe-rose-vione-rozovoe-suhoe-125,usadba-divnomorskoe-rose-vione-rozovoe-suhoe-125.webp
Rose,розовое сухое Rose Усадьба Дивноморское,,Розовое сухое,usadba-divnomorskoe-rose-vione-rozovoe-suhoe-125,usadba-divnomorskoe-rose-vione-rozovoe-suhoe-125_bottom.webp
Rebo,красное сухое Rebo Усадьба Дивноморское,Ребо,Красное сухое,usadba-divnomorskoe-rebo-rebo-krasnoe-suhoe-165,usadba-divnomorskoe-rebo-rebo-krasnoe-suhoe-165.webp
Rebo,красное сухое Rebo Усадьба Дивноморское,Ребо,Красное сухое,usadba-divnomorskoe-rebo-rebo-krasnoe-suhoe-165,usadba-divnomorskoe-rebo-rebo-krasnoe-suhoe-165_bottom.webp
Marselan,красное сухое Marselan Усадьба Дивноморское,Марселан,Красное сухое,usadba-divnomorskoe-marselan-marselan-krasnoe-suhoe-149,usadba-divnomorskoe-marselan-marselan-krasnoe-suhoe-149.webp
Marselan,красное сухое Marselan Усадьба Дивноморское,Марселан,Красное сухое,usadba-divnomorskoe-marselan-marselan-krasnoe-suhoe-149,usadba-divnomorskoe-marselan-marselan-krasnoe-suhoe-149_bottom.webp
West Hill Blend,красное сухое West Hill Blend Усадьба Дивноморское,,Красное сухое,usadba-divnomorskoe-west-hill-blend-kaberne-sovinon-krasnoe-suhoe-145,usadba-divnomorskoe-west-hill-blend-kaberne-sovinon-krasnoe-suhoe-145.webp
West Hill Blend,красное сухое West Hill Blend Усадьба Дивноморское,,Красное сухое,usadba-divnomorskoe-west-hill-blend-kaberne-sovinon-krasnoe-suhoe-145,usadba-divnomorskoe-west-hill-blend-kaberne-sovinon-krasnoe-suhoe-145_bottom.webp
Loco Cimbali Red,красное сухое Loco Cimbali Red Loco Cimbali,,Красное сухое,loco-cimbali-loco-cimbali-red-kaberne-sovinon-krasnoe-suhoe-135,loco-cimbali-loco-cimbali-red-kaberne-sovinon-krasnoe-suhoe-135.webp
Loco Cimbali Red,красное сухое Loco Cimbali Red Loco Cimbali,,Красное сухое,loco-cimbali-loco-cimbali-red-kaberne-sovinon-krasnoe-suhoe-135,loco-cimbali-loco-cimbali-red-kaberne-sovinon-krasnoe-suhoe-135_bottom.webp
Loco Cimbali Pinot Meunier,красное сухое Loco Cimbali Pinot Meunier Loco Cimbali,Менье,Красное сухое,loco-cimbali-loco-cimbali-pinot-meunier-mene-krasnoe-suhoe-125,loco-cimbali-loco-cimbali-pinot-meunier-mene-krasnoe-suhoe-125.webp
Loco Cimbali Pinot Meunier,красное сухое Loco Cimbali Pinot Meunier Loco Cimbali,Менье,Красное сухое,loco-cimbali-loco-cimbali-pinot-meunier-mene-krasnoe-suhoe-125,loco-cimbali-loco-cimbali-pinot-meunier-mene-krasnoe-suhoe-125_bottom.webp
ZB Frizzante Dry,белое сухое ZB Frizzante Dry Золотая Балка,,Белое сухое,zolotaya-balka-zb-frizzante-dry-risling-beloe-suhoe-10,zolotaya-balka-zb-frizzante-dry-risling-beloe-suhoe-10.webp
ZB Frizzante Dry,белое сухое ZB Frizzante Dry Золотая Балка,,Белое сухое,zolotaya-balka-zb-frizzante-dry-risling-beloe-suhoe-10,zolotaya-balka-zb-frizzante-dry-risling-beloe-suhoe-10_bottom.webp
Black Prince Crimea Prestige Cuvee Extra Brut Limited Edition,белое экстра брют Black Prince Crimea Prestige Cuvee Extra Brut Limited Edition Золотая Балка,Шардоне,Белое экстра брют,zolotaya-balka-black-prince-crimea-prestige-cuvee-extra-brut-limited-edition-shardone-beloe-ekstra-bryut-125,zolotaya-balka-black-prince-crimea-prestige-cuvee-extra-brut-limited-edition-shardone-beloe-ekstra-bryut-125.webp
Black Prince Crimea Prestige Cuvee Extra Brut Limited Edition,белое экстра брют Black Prince Crimea Prestige Cuvee Extra Brut Limited Edition Золотая Балка,Шардоне,Белое экстра брют,zolotaya-balka-black-prince-crimea-prestige-cuvee-extra-brut-limited-edition-shardone-beloe-ekstra-bryut-125,zolotaya-balka-black-prince-crimea-prestige-cuvee-extra-brut-limited-edition-shardone-beloe-ekstra-bryut-125_bottom.webp
Blanc De Neige,белое сухое Blanc De Neige Золотая Балка,,Белое сухое,zolotaya-balka-blanc-de-neige-shardone-beloe-suhoe-125,zolotaya-balka-blanc-de-neige-shardone-beloe-suhoe-125.webp
Blanc De Neige,белое сухое Blanc De Neige Золотая Балка,,Белое сухое,zolotaya-balka-blanc-de-neige-shardone-beloe-suhoe-125,zolotaya-balka-blanc-de-neige-shardone-beloe-suhoe-125_bottom.webp
Pink,розовое сухое Pink Золотая Балка,,Розовое сухое,zolotaya-balka-pink-sira-rozovoe-suhoe-13,zolotaya-balka-pink-sira-rozovoe-suhoe-13.webp
Pink,розовое сухое Pink Золотая Балка,,Розовое сухое,zolotaya-balka-pink-sira-rozovoe-suhoe-13,zolotaya-balka-pink-sira-rozovoe-suhoe-13_bottom.webp
ZB Wine Riesling,белое полусухое ZB Wine Riesling Золотая Балка,Рислинг,Белое полусухое,zolotaya-balka-zb-wine-riesling-risling-beloe-polusuhoe-115,zolotaya-balka-zb-wine-riesling-risling-beloe-polusuhoe-115.webp
ZB Wine Riesling,белое полусухое ZB Wine Riesling Золотая Балка,Рислинг,Белое полусухое,zolotaya-balka-zb-wine-riesling-risling-beloe-polusuhoe-115,zolotaya-balka-zb-wine-riesling-risling-beloe-polusuhoe-115_bottom.webp
ZB Moscato Semi-Sweet Rose,розовое полусладкое ZB Moscato Semi-Sweet Rose Золотая Балка,,Розовое полусладкое,zolotaya-balka-zb-moscato-semi-sweet-rose-muskat-yantarnyy-rozovoe-polusladkoe-9,zolotaya-balka-zb-moscato-semi-sweet-rose-muskat-yantarnyy-rozovoe-polusladkoe-9.webp
ZB Moscato Semi-Sweet Rose,розовое полусладкое ZB Moscato Semi-Sweet Rose Золотая Балка,,Розовое полусладкое,zolotaya-balka-zb-moscato-semi-sweet-rose-muskat-yantarnyy-rozovoe-polusladkoe-9,zolotaya-balka-zb-moscato-semi-sweet-rose-muskat-yantarnyy-rozovoe-polusladkoe-9_bottom.webp
ZB Wine Sauvignon Blanc,белое сухое ZB Wine Sauvignon Blanc Золотая Балка,Совиньон Блан,Белое сухое,zolotaya-balka-zb-wine-sauvignon-blanc-sovinon-blan-beloe-suhoe-125,zolotaya-balka-zb-wine-sauvignon-blanc-sovinon-blan-beloe-suhoe-125.webp
ZB Wine Sauvignon Blanc,белое сухое ZB Wine Sauvignon Blanc Золотая Балка,Совиньон Блан,Белое сухое,zolotaya-balka-zb-wine-sauvignon-blanc-sovinon-blan-beloe-suhoe-125,zolotaya-balka-zb-wine-sauvignon-blanc-sovinon-blan-beloe-suhoe-125_bottom.webp
ZB Spumante Brut,белое брют ZB Spumante Brut Золотая Балка,,Белое брют,zolotaya-balka-zb-spumante-brut-risling-beloe-bryut-125,zolotaya-balka-zb-spumante-brut-risling-beloe-bryut-125.webp
ZB Spumante Brut,белое брют ZB Spumante Brut Золотая Балка,,Белое брют,zolotaya-balka-zb-spumante-brut-risling-beloe-bryut-125,zolotaya-balka-zb-spumante-brut-risling-beloe-bryut-125_bottom.webp
ZB Spumante Semi-Dry,белое полусухое ZB Spumante Semi-Dry Золотая Балка,,Белое полусухое,zolotaya-balka-zb-spumante-semi-dry-risling-beloe-polusuhoe-125,zolotaya-balka-zb-spumante-semi-dry-risling-beloe-polusuhoe-125.webp
ZB Spumante Semi-Dry,белое полусухое ZB Spumante Semi-Dry Золотая Балка,,Белое полусухое,zolotaya-balka-zb-spumante-semi-dry-risling-beloe-polusuhoe-125,zolotaya-balka-zb-spumante-semi-dry-risling-beloe-polusuhoe-125_bottom.webp
ZB Frizzante Semi-Dry Rose,розовое полусухое ZB Frizzante Semi-Dry Rose Золотая Балка,,Розовое полусухое,zolotaya-balka-zb-frizzante-semi-dry-rose-risling-rozovoe-polusuhoe-10,zolotaya-balka-zb-frizzante-semi-dry-rose-risling-rozovoe-polusuhoe-10.webp
ZB Frizzante Semi-Dry Rose,розовое полусухое ZB Frizzante Semi-Dry Rose Золотая Балка,,Розовое полусухое,zolotaya-balka-zb-frizzante-semi-dry-rose-risling-rozovoe-polusuhoe-10,zolotaya-balka-zb-frizzante-semi-dry-rose-risling-rozovoe-polusuhoe-10_bottom.webp
Adagum Pinot Noir,красное сухое Adagum Pinot Noir Olymp Winery,Пино Нуар,Красное сухое,olymp-winery-adagum-pinot-noir-pino-nuar-krasnoe-suhoe-11,olymp-winery-adagum-pinot-noir-pino-nuar-krasnoe-suhoe-11.webp
Adagum Pinot Noir,красное сухое Adagum Pinot Noir Olymp Winery,Пино Нуар,Красное сухое,olymp-winery-adagum-pinot-noir-pino-nuar-krasnoe-suhoe-11,olymp-winery-adagum-pinot-noir-pino-nuar-krasnoe-suhoe-11_bottom.webp
Adagum Valley Saperavi,красное сухое Adagum Valley Saperavi Olymp Winery,Саперави,Красное сухое,olymp-winery-adagum-valley-saperavi-saperavi-krasnoe-suhoe-12,olymp-winery-adagum-valley-saperavi-saperavi-krasnoe-suhoe-12.webp
Adagum Valley Saperavi,красное сухое Adagum Valley Saperavi Olymp Winery,Саперави,Красное сухое,olymp-winery-adagum-valley-saperavi-saperavi-krasnoe-suhoe-12,olymp-winery-adagum-valley-saperavi-saperavi-krasnoe-suhoe-12_bottom.webp
Adagum Valley Merlot,красное сухое Adagum Valley Merlot Olymp Winery,Мерло,Красное сухое,olymp-winery-adagum-valley-merlot-merlo-krasnoe-suhoe-11,olymp-winery-adagum-valley-merlot-merlo-krasnoe-suhoe-11.webp
Adagum Valley Merlot,красное сухое Adagum Valley Merlot Olymp Winery,Мерло,Красное сухое,olymp-winery-adagum-valley-merlot-merlo-krasnoe-suhoe-11,olymp-winery-adagum-valley-merlot-merlo-krasnoe-suhoe-11_bottom.webp
Adagum Merlot,розовое сухое Adagum Merlot Olymp Winery,Мерло,Розовое сухое,olymp-winery-adagum-merlot-merlo-rozovoe-suhoe-10,olymp-winery-adagum-merlot-merlo-rozovoe-suhoe-10.webp
Adagum Merlot,розовое сухое Adagum Merlot Olymp Winery,Мерло,Розовое сухое,olymp-winery-adagum-merlot-merlo-rozovoe-suhoe-10,olymp-winery-adagum-merlot-merlo-rozovoe-suhoe-10_bottom.webp
Adagum Valley Rkatsiteli,белое сухое Adagum Valley Rkatsiteli Olymp Winery,Ркацители,Белое сухое,olymp-winery-adagum-valley-rkatsiteli-rkatsiteli-beloe-suhoe-10,olymp-winery-adagum-valley-rkatsiteli-rkatsiteli-beloe-suhoe-10.webp
Adagum Valley Rkatsiteli,белое сухое Adagum Valley Rkatsiteli Olymp Winery,Ркацители,Белое сухое,olymp-winery-adagum-valley-rkatsiteli-rkatsiteli-beloe-suhoe-10,olymp-winery-adagum-valley-rkatsiteli-rkatsiteli-beloe-suhoe-10_bottom.webp
Adagum Pinot Noir,розовое сухое Adagum Pinot Noir Olymp Winery,Пино Нуар,Розовое сухое,olymp-winery-adagum-pinot-noir-pino-nuar-rozovoe-suhoe-11,olymp-winery-adagum-pinot-noir-pino-nuar-rozovoe-suhoe-11.webp
Adagum Pinot Noir,розовое сухое Adagum Pinot Noir Olymp Winery,Пино Нуар,Розовое сухое,olymp-winery-adagum-pinot-noir-pino-nuar-rozovoe-suhoe-11,olymp-winery-adagum-pinot-noir-pino-nuar-rozovoe-suhoe-11_bottom.webp
Adagum Sauvignon,белое сухое Adagum Sauvignon Olymp Winery,Совиньон Блан,Белое сухое,olymp-winery-adagum-sauvignon-sovinon-blan-beloe-suhoe-11,olymp-winery-adagum-sauvignon-sovinon-blan-beloe-suhoe-11.webp
Adagum Sauvignon,белое сухое Adagum Sauvignon Olymp Winery,Совиньон Блан,Белое сухое,olymp-winery-adagum-sauvignon-sovinon-blan-beloe-suhoe-11,olymp-winery-adagum-sauvignon-sovinon-blan-beloe-suhoe-11_bottom.webp
Adagum Valley Riesling,белое сухое Adagum Valley Riesling Olymp Winery,Рислинг Рейнский,Белое сухое,olymp-winery-adagum-valley-riesling-risling-reynskiy-beloe-suhoe-11,olymp-winery-adagum-valley-riesling-risling-reynskiy-beloe-suhoe-11.webp
Adagum Valley Riesling,белое сухое Adagum Valley Riesling Olymp Winery,Рислинг Рейнский,Белое сухое,olymp-winery-adagum-valley-riesling-risling-reynskiy-beloe-suhoe-11,olymp-winery-adagum-valley-riesling-risling-reynskiy-beloe-suhoe-11_bottom.webp
Adagum Valley Pinot Noir,красное сухое Adagum Valley Pinot Noir Olymp Winery,Пино Нуар,Красное сухое,olymp-winery-adagum-valley-pinot-noir-pino-nuar-krasnoe-suhoe-11,olymp-winery-adagum-valley-pinot-noir-pino-nuar-krasnoe-suhoe-11.webp
Adagum Valley Pinot Noir,красное сухое Adagum Valley Pinot Noir Olymp Winery,Пино Нуар,Красное сухое,olymp-winery-adagum-valley-pinot-noir-pino-nuar-krasnoe-suhoe-11,olymp-winery-adagum-valley-pinot-noir-pino-nuar-krasnoe-suhoe-11_bottom.webp
Adagum Chardonnay,белое сухое Adagum Chardonnay Olymp Winery,Шардоне,Белое сухое,olymp-winery-adagum-chardonnay-shardone-beloe-suhoe-11,olymp-winery-adagum-chardonnay-shardone-beloe-suhoe-11.webp
Adagum Chardonnay,белое сухое Adagum Chardonnay Olymp Winery,Шардоне,Белое сухое,olymp-winery-adagum-chardonnay-shardone-beloe-suhoe-11,olymp-winery-adagum-chardonnay-shardone-beloe-suhoe-11_bottom.webp
Adagum Riesling,белое сухое Adagum Riesling Olymp Winery,Рислинг,Белое сухое,olymp-winery-adagum-riesling-risling-beloe-suhoe-11,olymp-winery-adagum-riesling-risling-beloe-suhoe-11.webp
Adagum Riesling,белое сухое Adagum Riesling Olymp Winery,Рислинг,Белое сухое,olymp-winery-adagum-riesling-risling-beloe-suhoe-11,olymp-winery-adagum-riesling-risling-beloe-suhoe-11_bottom.webp
Adagum Cabernet Sauvignon,красное сухое Adagum Cabernet Sauvignon Olymp Winery,Каберне Совиньон,Красное сухое,olymp-winery-adagum-cabernet-sauvignon-kaberne-sovinon-krasnoe-suhoe-11,olymp-winery-adagum-cabernet-sauvignon-kaberne-sovinon-krasnoe-suhoe-11.webp
Adagum Cabernet Sauvignon,красное сухое Adagum Cabernet Sauvignon Olymp Winery,Каберне Совиньон,Красное сухое,olymp-winery-adagum-cabernet-sauvignon-kaberne-sovinon-krasnoe-suhoe-11,olymp-winery-adagum-cabernet-sauvignon-kaberne-sovinon-krasnoe-suhoe-11_bottom.webp
Adagum Cabernet Franc,красное сухое Adagum Cabernet Franc Olymp Winery,Каберне Фран,Красное сухое,olymp-winery-adagum-cabernet-franc-kaberne-fran-krasnoe-suhoe-11,olymp-winery-adagum-cabernet-franc-kaberne-fran-krasnoe-suhoe-11.webp
Adagum Cabernet Franc,красное сухое Adagum Cabernet Franc Olymp Winery,Каберне Фран,Красное сухое,olymp-winery-adagum-cabernet-franc-kaberne-fran-krasnoe-suhoe-11,olymp-winery-adagum-cabernet-franc-kaberne-fran-krasnoe-suhoe-11_bottom.webp
Adagum Krаsnostop,красное сухое Adagum Krаsnostop Olymp Winery,Красностоп Золотовский,Красное сухое,olymp-winery-adagum-krasnostop-krasnostop-zolotovskiy-krasnoe-suhoe-11,olymp-winery-adagum-krasnostop-krasnostop-zolotovskiy-krasnoe-suhoe-11.webp
Adagum Krаsnostop,красное сухое Adagum Krаsnostop Olymp Winery,Красностоп Золотовский,Красное сухое,olymp-winery-adagum-krasnostop-krasnostop-zolotovskiy-krasnoe-suhoe-11,olymp-winery-adagum-krasnostop-krasnostop-zolotovskiy-krasnoe-suhoe-11_bottom.webp
Adagum Saperavi,красное сухое Adagum Saperavi Olymp Winery,Саперави,Красное сухое,olymp-winery-adagum-saperavi-saperavi-krasnoe-suhoe-11,olymp-winery-adagum-saperavi-saperavi-krasnoe-suhoe-11.webp
Adagum Saperavi,красное сухое Adagum Saperavi Olymp Winery,Саперави,Красное сухое,olymp-winery-adagum-saperavi-saperavi-krasnoe-suhoe-11,olymp-winery-adagum-saperavi-saperavi-krasnoe-suhoe-11_bottom.webp
Adagum Chardonnay Kuban,белое сухое Adagum Chardonnay Kuban Olymp Winery,Шардоне,Белое сухое,olymp-winery-adagum-chardonnay-kuban-shardone-beloe-suhoe-11,olymp-winery-adagum-chardonnay-kuban-shardone-beloe-suhoe-11.webp
Adagum Chardonnay Kuban,белое сухое Adagum Chardonnay Kuban Olymp Winery,Шардоне,Белое сухое,olymp-winery-adagum-chardonnay-kuban-shardone-beloe-suhoe-11,olymp-winery-adagum-chardonnay-kuban-shardone-beloe-suhoe-11_bottom.webp
Adagum Estate Merlot,красное сухое Adagum Estate Merlot Olymp Winery,Мерло,Красное сухое,olymp-winery-adagum-estate-merlot-merlo-krasnoe-suhoe-11,olymp-winery-adagum-estate-merlot-merlo-krasnoe-suhoe-11.webp
Adagum Estate Merlot,красное сухое Adagum Estate Merlot Olymp Winery,Мерло,Красное сухое,olymp-winery-adagum-estate-merlot-merlo-krasnoe-suhoe-11,olymp-winery-adagum-estate-merlot-merlo-krasnoe-suhoe-11_bottom.webp
Adagum Odessa Black Kuban,красное сухое Adagum Odessa Black Kuban Olymp Winery,Одесский черный,Красное сухое,olymp-winery-adagum-odessa-black-kuban-odesskiy-chernyy-krasnoe-suhoe-11,olymp-winery-adagum-odessa-black-kuban-odesskiy-chernyy-krasnoe-suhoe-11.webp
Adagum Odessa Black Kuban,красное сухое Adagum Odessa Black Kuban Olymp Winery,Одесский черный,Красное сухое,olymp-winery-adagum-odessa-black-kuban-odesskiy-chernyy-krasnoe-suhoe-11,olymp-winery-adagum-odessa-black-kuban-odesskiy-chernyy-krasnoe-suhoe-11_bottom.webp
Adagum Estate Cabernet Sauvignon,красное сухое Adagum Estate Cabernet Sauvignon Olymp Winery,Каберне Совиньон,Красное сухое,olymp-winery-adagum-estate-cabernet-sauvignon-kaberne-sovinon-krasnoe-suhoe-11,olymp-winery-adagum-estate-cabernet-sauvignon-kaberne-sovinon-krasnoe-suhoe-11.webp
Adagum Estate Cabernet Sauvignon,красное сухое Adagum Estate Cabernet Sauvignon Olymp Winery,Каберне Совиньон,Красное сухое,olymp-winery-adagum-estate-cabernet-sauvignon-kaberne-sovinon-krasnoe-suhoe-11,olymp-winery-adagum-estate-cabernet-sauvignon-kaberne-sovinon-krasnoe-suhoe-11_bottom.webp
Adagum Estate Chardonnay,белое сухое Adagum Estate Chardonnay Olymp Winery,Шардоне,Белое сухое,olymp-winery-adagum-estate-chardonnay-shardone-beloe-suhoe-11,olymp-winery-adagum-estate-chardonnay-shardone-beloe-suhoe-11.webp
Adagum Estate Chardonnay,белое сухое Adagum Estate Chardonnay Olymp Winery,Шардоне,Белое сухое,olymp-winery-adagum-estate-chardonnay-shardone-beloe-suhoe-11,olymp-winery-adagum-estate-chardonnay-shardone-beloe-suhoe-11_bottom.webp
Adagum Estate Red Blend,красное сухое Adagum Estate Red Blend Olymp Winery,,Красное сухое,olymp-winery-adagum-estate-red-blend-kaberne-fran-krasnoe-suhoe-11,olymp-winery-adagum-estate-red-blend-kaberne-fran-krasnoe-suhoe-11.webp
Adagum Estate Red Blend,красное сухое Adagum Estate Red Blend Olymp Winery,,Красное сухое,olymp-winery-adagum-estate-red-blend-kaberne-fran-krasnoe-suhoe-11,olymp-winery-adagum-estate-red-blend-kaberne-fran-krasnoe-suhoe-11_bottom.webp
Adagum Estate Sauvignon Blanc,белое сухое Adagum Estate Sauvignon Blanc Olymp Winery,Совиньон Блан,Белое сухое,olymp-winery-adagum-estate-sauvignon-blanc-sovinon-blan-beloe-suhoe-11,olymp-winery-adagum-estate-sauvignon-blanc-sovinon-blan-beloe-suhoe-11.webp
Adagum Estate Sauvignon Blanc,белое сухое Adagum Estate Sauvignon Blanc Olymp Winery,Совиньон Блан,Белое сухое,olymp-winery-adagum-estate-sauvignon-blanc-sovinon-blan-beloe-suhoe-11,olymp-winery-adagum-estate-sauvignon-blanc-sovinon-blan-beloe-suhoe-11_bottom.webp
Adagum Estate Rose,розовое сухое Adagum Estate Rose Olymp Winery,,Розовое сухое,olymp-winery-adagum-estate-rose-kaberne-sovinon-rozovoe-suhoe-11,olymp-winery-adagum-estate-rose-kaberne-sovinon-rozovoe-suhoe-11.webp
Adagum Estate Rose,розовое сухое Adagum Estate Rose Olymp Winery,,Розовое сухое,olymp-winery-adagum-estate-rose-kaberne-sovinon-rozovoe-suhoe-11,olymp-winery-adagum-estate-rose-kaberne-sovinon-rozovoe-suhoe-11_bottom.webp
Kaffa Joy Rkatsiteli,белое сухое Kaffa Joy Rkatsiteli Золотое Поле,Ркацители,Белое сухое,kaffa-joy-rkatsiteli,kaffa-joy-rkatsiteli.webp
Kaffa Joy Rkatsiteli,белое сухое Kaffa Joy Rkatsiteli Золотое Поле,Ркацители,Белое сухое,kaffa-joy-rkatsiteli,kaffa-joy-rkatsiteli_bottom.webp
Kaffa Joy Malvasia,белое сухое Kaffa Joy Malvasia   Золотое Поле,Мальвазия,Белое сухое,kaffa-joy-malvasia,kaffa-joy-malvasia.webp
Kaffa Joy Malvasia,белое сухое Kaffa Joy Malvasia   Золотое Поле,Мальвазия,Белое сухое,kaffa-joy-malvasia,kaffa-joy-malvasia_bottom.webp
Kaffa Joy Merlot / Malbec,розовое сухое Kaffa Joy Merlot / Malbec Золотое Поле,,Розовое сухое,kaffa-joy-merlot-malbec,kaffa-joy-merlot-malbec.webp
Kaffa Joy Merlot / Malbec,розовое сухое Kaffa Joy Merlot / Malbec Золотое Поле,,Розовое сухое,kaffa-joy-merlot-malbec,kaffa-joy-merlot-malbec_bottom.webp
Kaffa Joy Malbec Glu Glu,красное сухое Kaffa Joy Malbec Glu Glu Золотое Поле,Мальбек,Красное сухое,kaffa-joy-malbec-glu-glu,kaffa-joy-malbec-glu-glu.webp
Kaffa Joy Malbec Glu Glu,красное сухое Kaffa Joy Malbec Glu Glu Золотое Поле,Мальбек,Красное сухое,kaffa-joy-malbec-glu-glu,kaffa-joy-malbec-glu-glu_bottom.webp
YAIYLA RIESLING,белое сухое YAIYLA RIESLING Yaiyla Winery,Рислинг,Белое сухое,yaiyla-riesling,yaiyla-riesling.webp
YAIYLA RIESLING,белое сухое YAIYLA RIESLING Yaiyla Winery,Рислинг,Белое сухое,yaiyla-riesling,yaiyla-riesling_bottom.webp
Эндемы Саперави,красное сухое Эндемы Саперави Дербент Вино,Саперави,Красное сухое,vino-suhoe-krasnoe-endemy-saperavi,vino-suhoe-krasnoe-endemy-saperavi.webp
Эндемы Саперави,красное сухое Эндемы Саперави Дербент Вино,Саперави,Красное сухое,vino-suhoe-krasnoe-endemy-saperavi,vino-suhoe-krasnoe-endemy-saperavi_bottom.webp
Эндемы Каберне Совиньон розовое,розовое сухое Эндемы Каберне Совиньон розовое Дербент Вино,Каберне Совиньон,Розовое сухое,vino-suhoe-rozovoe-endemy-kaberne-sovinon,vino-suhoe-rozovoe-endemy-kaberne-sovinon.webp
Эндемы Каберне Совиньон розовое,розовое сухое Эндемы Каберне Совиньон розовое Дербент Вино,Каберне Совиньон,Розовое сухое,vino-suhoe-rozovoe-endemy-kaberne-sovinon,vino-suhoe-rozovoe-endemy-kaberne-sovinon_bottom.webp
Эндемы Шардоне,белое сухое Эндемы Шардоне Дербент Вино,Шардоне,Белое сухое,vino-suhoe-beloe-endemy-shardone,vino-suhoe-beloe-endemy-shardone.webp
Эндемы Шардоне,белое сухое Эндемы Шардоне Дербент Вино,Шардоне,Белое сухое,vino-suhoe-beloe-endemy-shardone,vino-suhoe-beloe-endemy-shardone_bottom.webp
Эндемы Совиньон,белое сухое Эндемы Совиньон Дербент Вино,Совиньон Блан,Белое сухое,vino-suhoe-beloe-endemy-sovinon,vino-suhoe-beloe-endemy-sovinon.webp
Эндемы Совиньон,белое сухое Эндемы Совиньон Дербент Вино,Совиньон Блан,Белое сухое,vino-suhoe-beloe-endemy-sovinon,vino-suhoe-beloe-endemy-sovinon_bottom.webp
Katharon Brut,белое брют Katharon Brut  KATHARON,Цитронный Магарача,Белое брют,katharon-brut,katharon-brut.webp
Katharon Brut,белое брют Katharon Brut  KATHARON,Цитронный Магарача,Белое брют,katharon-brut,katharon-brut_bottom.webp
Katharon Semi-Sweet,белое полусладкое Katharon Semi-Sweet  KATHARON,Цитронный Магарача,Белое полусладкое,katharon-semi-sweet,katharon-semi-sweet.webp
Katharon Semi-Sweet,белое полусладкое Katharon Semi-Sweet  KATHARON,Цитронный Магарача,Белое полусладкое,katharon-semi-sweet,katharon-semi-sweet_bottom.webp
Mancopia Каберне Совиньон,красное сухое Mancopia Каберне Совиньон Mancopia,Каберне Совиньон,Красное сухое,mancopia-kaberne-sovinon,mancopia-kaberne-sovinon.webp
Mancopia Каберне Совиньон,красное сухое Mancopia Каберне Совиньон Mancopia,Каберне Совиньон,Красное сухое,mancopia-kaberne-sovinon,mancopia-kaberne-sovinon_bottom.webp
Mancopia Меритаж,красное сухое Mancopia Меритаж Mancopia,,Красное сухое,mancopia-meritazh,mancopia-meritazh.webp
Mancopia Меритаж,красное сухое Mancopia Меритаж Mancopia,,Красное сухое,mancopia-meritazh,mancopia-meritazh_bottom.webp
Mancopia Рислинг,белое сухое Mancopia Рислинг Mancopia,Рислинг,Белое сухое,mancopia-risling,mancopia-risling.webp
Mancopia Рислинг,белое сухое Mancopia Рислинг Mancopia,Рислинг,Белое сухое,mancopia-risling,mancopia-risling_bottom.webp
Mancopia Сира,красное сухое Mancopia Сира Mancopia,Сира,Красное сухое,mancopia-sira,mancopia-sira.webp
Mancopia Сира,красное сухое Mancopia Сира Mancopia,Сира,Красное сухое,mancopia-sira,mancopia-sira_bottom.webp
Mancopia Саперави,красное сухое Mancopia Саперави Mancopia,Саперави,Красное сухое,mancopia-saperavi,mancopia-saperavi.webp
Mancopia Саперави,красное сухое Mancopia Саперави Mancopia,Саперави,Красное сухое,mancopia-saperavi,mancopia-saperavi_bottom.webp
Ди Каспико Блан де Блан,белое брют Ди Каспико Блан де Блан Дербент Вино,Шардоне,Белое брют,igristoe-vino-bryut-beloe-di-kaspiko-blan-de-blan-di-caspico-blanc-de-blancs,igristoe-vino-bryut-beloe-di-kaspiko-blan-de-blan-di-caspico-blanc-de-blancs.webp
Ди Каспико Блан де Блан,белое брют Ди Каспико Блан де Блан Дербент Вино,Шардоне,Белое брют,igristoe-vino-bryut-beloe-di-kaspiko-blan-de-blan-di-caspico-blanc-de-blancs,igristoe-vino-bryut-beloe-di-kaspiko-blan-de-blan-di-caspico-blanc-de-blancs_bottom.webp
Эндемы Пино Блан брют белое,белое брют Эндемы Пино Блан брют белое Дербент Вино,Пино Блан,Белое брют,igristoe-vino-endemy-pino-blan-bryut-beloe,igristoe-vino-endemy-pino-blan-bryut-beloe.webp
Эндемы Пино Блан брют белое,белое брют Эндемы Пино Блан брют белое Дербент Вино,Пино Блан,Белое брют,igristoe-vino-endemy-pino-blan-bryut-beloe,igristoe-vino-endemy-pino-blan-bryut-beloe_bottom.webp
Ди Каспико Блан де Нуар,розовое брют Ди Каспико Блан де Нуар Дербент Вино,Каберне Совиньон,Розовое брют,igristoe-vino-bryut-rozovoe-di-kaspiko-blan-de-nuar-di-caspico-blanc-de-noirs,igristoe-vino-bryut-rozovoe-di-kaspiko-blan-de-nuar-di-caspico-blanc-de-noirs.webp
Ди Каспико Блан де Нуар,розовое брют Ди Каспико Блан де Нуар Дербент Вино,Каберне Совиньон,Розовое брют,igristoe-vino-bryut-rozovoe-di-kaspiko-blan-de-nuar-di-caspico-blanc-de-noirs,igristoe-vino-bryut-rozovoe-di-kaspiko-blan-de-nuar-di-caspico-blanc-de-noirs_bottom.webp
Эндемы Бианка брют белое,белое брют Эндемы Бианка брют белое Дербент Вино,Бианка,Белое брют,igristoe-vino-endemy-bianka-bryut-beloe,igristoe-vino-endemy-bianka-bryut-beloe.webp
Эндемы Бианка брют белое,белое брют Эндемы Бианка брют белое Дербент Вино,Бианка,Белое брют,igristoe-vino-endemy-bianka-bryut-beloe,igristoe-vino-endemy-bianka-bryut-beloe_bottom.webp
Cuvee de Vitmer Brut,белое брют Cuvee de Vitmer Brut Золотая Балка,,Белое брют,cuvee-de-vitmer-brut,cuvee-de-vitmer-brut.webp
Cuvee de Vitmer Brut,белое брют Cuvee de Vitmer Brut Золотая Балка,,Белое брют,cuvee-de-vitmer-brut,cuvee-de-vitmer-brut_bottom.webp
Agora ROSA VIVA Riesling,белое сухое Agora ROSA VIVA Riesling AGORA WINERY,Рислинг Рейнский,Белое сухое,agora-rosa-viva-riesling,agora-rosa-viva-riesling.webp
Agora ROSA VIVA Riesling,белое сухое Agora ROSA VIVA Riesling AGORA WINERY,Рислинг Рейнский,Белое сухое,agora-rosa-viva-riesling,agora-rosa-viva-riesling_bottom.webp
Agora ROSA VIVA Muscat,розовое полусладкое Agora ROSA VIVA Muscat AGORA WINERY,Мускат,Розовое полусладкое,agora-rosa-viva-muscat,agora-rosa-viva-muscat.webp
Agora ROSA VIVA Muscat,розовое полусладкое Agora ROSA VIVA Muscat AGORA WINERY,Мускат,Розовое полусладкое,agora-rosa-viva-muscat,agora-rosa-viva-muscat_bottom.webp
Agora ROSA VIVA Cabernet Franc,красное сухое Agora ROSA VIVA Cabernet Franc AGORA WINERY,Каберне Фран,Красное сухое,agora-rosa-viva-cabernet-franc,agora-rosa-viva-cabernet-franc.webp
Agora ROSA VIVA Cabernet Franc,красное сухое Agora ROSA VIVA Cabernet Franc AGORA WINERY,Каберне Фран,Красное сухое,agora-rosa-viva-cabernet-franc,agora-rosa-viva-cabernet-franc_bottom.webp
Agora ROSA VIVA Cabernet Sauvignon Shiraz,красное сухое Agora ROSA VIVA Cabernet Sauvignon Shiraz AGORA WINERY,,Красное сухое,agora-rosa-viva-cabernet-sauvignon-shiraz,agora-rosa-viva-cabernet-sauvignon-shiraz.webp
Agora ROSA VIVA Cabernet Sauvignon Shiraz,красное сухое Agora ROSA VIVA Cabernet Sauvignon Shiraz AGORA WINERY,,Красное сухое,agora-rosa-viva-cabernet-sauvignon-shiraz,agora-rosa-viva-cabernet-sauvignon-shiraz_bottom.webp
Agora Rosa Viva Белое Полусладкое,белое полусладкое Agora Rosa Viva Белое Полусладкое AGORA WINERY,,Белое полусладкое,agora-rosa-viva-beloe-polusladkoe,agora-rosa-viva-beloe-polusladkoe.webp
Agora Rosa Viva Белое Полусладкое,белое полусладкое Agora Rosa Viva Белое Полусладкое AGORA WINERY,,Белое полусладкое,agora-rosa-viva-beloe-polusladkoe,agora-rosa-viva-beloe-polusladkoe_bottom.webp
Agora Rosa Viva Белое Брют,белое брют Agora Rosa Viva Белое Брют AGORA WINERY,,Белое брют,agora-rosa-viva-beloe-bryut,agora-rosa-viva-beloe-bryut.webp
Agora Rosa Viva Белое Брют,белое брют Agora Rosa Viva Белое Брют AGORA WINERY,,Белое брют,agora-rosa-viva-beloe-bryut,agora-rosa-viva-beloe-bryut_bottom.webp
Agora Rosa Viva Розовое Полусладкое,розовое полусладкое Agora Rosa Viva Розовое Полусладкое AGORA WINERY,,Розовое полусладкое,agora-rosa-viva-rozovoe-polusladkoe,agora-rosa-viva-rozovoe-polusladkoe.webp
Agora Rosa Viva Розовое Полусладкое,розовое полусладкое Agora Rosa Viva Розовое Полусладкое AGORA WINERY,,Розовое полусладкое,agora-rosa-viva-rozovoe-polusladkoe,agora-rosa-viva-rozovoe-polusladkoe_bottom.webp
BLUSH MIRAGE Рислинг,белое сухое BLUSH MIRAGE Рислинг AGORA WINERY,Рислинг Рейнский,Белое сухое,blush-mirage-risling,blush-mirage-risling.webp
BLUSH MIRAGE Рислинг,белое сухое BLUSH MIRAGE Рислинг AGORA WINERY,Рислинг Рейнский,Белое сухое,blush-mirage-risling,blush-mirage-risling_bottom.webp
BLUSH MIRAGE Совиньон Зелёный,белое сухое BLUSH MIRAGE Совиньон Зелёный AGORA WINERY,Совиньон Зеленый,Белое сухое,blush-mirage-sovinon-zelyonyj,blush-mirage-sovinon-zelyonyj.webp
BLUSH MIRAGE Совиньон Зелёный,белое сухое BLUSH MIRAGE Совиньон Зелёный AGORA WINERY,Совиньон Зеленый,Белое сухое,blush-mirage-sovinon-zelyonyj,blush-mirage-sovinon-zelyonyj_bottom.webp
"BLUSH MIRAGE Ркацители, Шираз","розовое сухое BLUSH MIRAGE Ркацители, Шираз AGORA WINERY",,Розовое сухое,blush-mirage-rkacziteli-shiraz,blush-mirage-rkacziteli-shiraz.webp
"BLUSH MIRAGE Ркацители, Шираз","розовое сухое BLUSH MIRAGE Ркацители, Шираз AGORA WINERY",,Розовое сухое,blush-mirage-rkacziteli-shiraz,blush-mirage-rkacziteli-shiraz_bottom.webp
Primum Alveus Blanc de Blancs 2017,белое брют Primum Alveus Blanc de Blancs 2017 Фанагория,Шардоне,Белое брют,fanagoriya-primum-alveus-blanc-de-blancs-2017-shardone-igristoe-bryut-beloe-12,fanagoriya-primum-alveus-blanc-de-blancs-2017-shardone-igristoe-bryut-beloe-12.webp
Primum Alveus Blanc de Blancs 2017,белое брют Primum Alveus Blanc de Blancs 2017 Фанагория,Шардоне,Белое брют,fanagoriya-primum-alveus-blanc-de-blancs-2017-shardone-igristoe-bryut-beloe-12,fanagoriya-primum-alveus-blanc-de-blancs-2017-shardone-igristoe-bryut-beloe-12_bottom.webp
Sur Lie Clairet,красное сухое Sur Lie Clairet Фанагория,,Красное сухое,fanagoriya-sur-lie-clairet-saperavi-krasnoe-suhoe-13,fanagoriya-sur-lie-clairet-saperavi-krasnoe-suhoe-13.webp
Sur Lie Clairet,красное сухое Sur Lie Clairet Фанагория,,Красное сухое,fanagoriya-sur-lie-clairet-saperavi-krasnoe-suhoe-13,fanagoriya-sur-lie-clairet-saperavi-krasnoe-suhoe-13_bottom.webp
Декантер Riesling 2020,белое сухое Декантер Riesling 2020 Фанагория,Рислинг Рейнский,Белое сухое,fanagoriya-dekanter-riesling-2020-risling-reynskiy-beloe-suhoe-13,fanagoriya-dekanter-riesling-2020-risling-reynskiy-beloe-suhoe-13.webp
Декантер Riesling 2020,белое сухое Декантер Riesling 2020 Фанагория,Рислинг Рейнский,Белое сухое,fanagoriya-dekanter-riesling-2020-risling-reynskiy-beloe-suhoe-13,fanagoriya-dekanter-riesling-2020-risling-reynskiy-beloe-suhoe-13_bottom.webp
Primum Alveus Extra Brut Rose 2014,розовое брют Primum Alveus Extra Brut Rose 2014 Фанагория,,Розовое брют,fanagoriya-primum-alveus-extra-brut-rose-2014-pino-nuar-rozovoe-bryut-12,fanagoriya-primum-alveus-extra-brut-rose-2014-pino-nuar-rozovoe-bryut-12.webp
Primum Alveus Extra Brut Rose 2014,розовое брют Primum Alveus Extra Brut Rose 2014 Фанагория,,Розовое брют,fanagoriya-primum-alveus-extra-brut-rose-2014-pino-nuar-rozovoe-bryut-12,fanagoriya-primum-alveus-extra-brut-rose-2014-pino-nuar-rozovoe-bryut-12_bottom.webp
Par Amour,красное полусладкое Par Amour Фанагория,,Красное полусладкое,fanagoriya-par-amour-rubin-golodrigi-krasnoe-polusladkoe-105-125,fanagoriya-par-amour-rubin-golodrigi-krasnoe-polusladkoe-105-125.webp
Par Amour,красное полусладкое Par Amour Фанагория,,Красное полусладкое,fanagoriya-par-amour-rubin-golodrigi-krasnoe-polusladkoe-105-125,fanagoriya-par-amour-rubin-golodrigi-krasnoe-polusladkoe-105-125_bottom.webp
Скалистый берег. Красная книга. Глава 1,красное сухое Скалистый берег. Красная книга. Глава 1 Скалистый берег,,Красное сухое,skalistyy-bereg-skalistyy-bereg-krasnaya-kniga-glava-1-kaberne-sovinon-krasnoe-suhoe-147,skalistyy-bereg-skalistyy-bereg-krasnaya-kniga-glava-1-kaberne-sovinon-krasnoe-suhoe-147.webp
Скалистый берег. Красная книга. Глава 1,красное сухое Скалистый берег. Красная книга. Глава 1 Скалистый берег,,Красное сухое,skalistyy-bereg-skalistyy-bereg-krasnaya-kniga-glava-1-kaberne-sovinon-krasnoe-suhoe-147,skalistyy-bereg-skalistyy-bereg-krasnaya-kniga-glava-1-kaberne-sovinon-krasnoe-suhoe-147_bottom.webp
Скалистый берег. Совиньон Блан,белое сухое Скалистый берег. Совиньон Блан Скалистый берег,Совиньон Блан,Белое сухое,skalistyy-bereg-skalistyy-bereg-sovinon-blan-beloe-suhoe-12,skalistyy-bereg-skalistyy-bereg-sovinon-blan-beloe-suhoe-12.webp
Скалистый берег. Совиньон Блан,белое сухое Скалистый берег. Совиньон Блан Скалистый берег,Совиньон Блан,Белое сухое,skalistyy-bereg-skalistyy-bereg-sovinon-blan-beloe-suhoe-12,skalistyy-bereg-skalistyy-bereg-sovinon-blan-beloe-suhoe-12_bottom.webp
СКБ. Блан де Нуар,белое экстра брют СКБ. Блан де Нуар Скалистый берег,Пино Нуар,Белое экстра брют,skalistyy-bereg-skb-blan-de-nuar-pino-nuar-beloe-ekstra-bryut-118,skalistyy-bereg-skb-blan-de-nuar-pino-nuar-beloe-ekstra-bryut-118.webp
СКБ. Блан де Нуар,белое экстра брют СКБ. Блан де Нуар Скалистый берег,Пино Нуар,Белое экстра брют,skalistyy-bereg-skb-blan-de-nuar-pino-nuar-beloe-ekstra-bryut-118,skalistyy-bereg-skb-blan-de-nuar-pino-nuar-beloe-ekstra-bryut-118_bottom.webp
СКБ. Розе,белое экстра брют СКБ. Розе Скалистый берег,Пино Нуар,Белое экстра брют,skalistyy-bereg-skb-roze-pino-nuar-beloe-ekstra-bryut-122,skalistyy-bereg-skb-roze-pino-nuar-beloe-ekstra-bryut-122.webp
СКБ. Розе,белое экстра брют СКБ. Розе Скалистый берег,Пино Нуар,Белое экстра брют,skalistyy-bereg-skb-roze-pino-nuar-beloe-ekstra-bryut-122,skalistyy-bereg-skb-roze-pino-nuar-beloe-ekstra-bryut-122_bottom.webp
"Старая дорога на Джанхот. Каберне Совиньон, Каберне Фран","красное сухое Старая дорога на Джанхот. Каберне Совиньон, Каберне Фран Усадьба Мезыбь",,Красное сухое,usadba-mezyb-staraya-doroga-na-dzhanhot-kaberne-sovinon-kaberne-fran-krasnoe-suhoe-144,usadba-mezyb-staraya-doroga-na-dzhanhot-kaberne-sovinon-kaberne-fran-krasnoe-suhoe-144.webp
"Старая дорога на Джанхот. Каберне Совиньон, Каберне Фран","красное сухое Старая дорога на Джанхот. Каберне Совиньон, Каберне Фран Усадьба Мезыбь",,Красное сухое,usadba-mezyb-staraya-doroga-na-dzhanhot-kaberne-sovinon-kaberne-fran-krasnoe-suhoe-144,usadba-mezyb-staraya-doroga-na-dzhanhot-kaberne-sovinon-kaberne-fran-krasnoe-suhoe-144_bottom.webp
Шишка. Купаж №5,розовое сухое Шишка. Купаж №5 Усадьба Мезыбь,,Розовое сухое,usadba-mezyb-shishka-kupazh-5-kaberne-sovinon-rozovoe-suhoe-133,usadba-mezyb-shishka-kupazh-5-kaberne-sovinon-rozovoe-suhoe-133.webp
Шишка. Купаж №5,розовое сухое Шишка. Купаж №5 Усадьба Мезыбь,,Розовое сухое,usadba-mezyb-shishka-kupazh-5-kaberne-sovinon-rozovoe-suhoe-133,usadba-mezyb-shishka-kupazh-5-kaberne-sovinon-rozovoe-suhoe-133_bottom.webp
Усадьба Мезыбь. Мерло,красное сухое Усадьба Мезыбь. Мерло Усадьба Мезыбь,Мерло,Красное сухое,usadba-mezyb-usadba-mezyb-merlo-krasnoe-suhoe-15,usadba-mezyb-usadba-mezyb-merlo-krasnoe-suhoe-15.webp
Усадьба Мезыбь. Мерло,красное сухое Усадьба Мезыбь. Мерло Усадьба Мезыбь,Мерло,Красное сухое,usadba-mezyb-usadba-mezyb-merlo-krasnoe-suhoe-15,usadba-mezyb-usadba-mezyb-merlo-krasnoe-suhoe-15_bottom.webp
Abrau Estates Каберне по-белому,белое сухое Abrau Estates Каберне по-белому Абрау-Дюрсо,Каберне Совиньон,Белое сухое,abrau-dyurso-abrau-estates-kaberne-po-belomu-kaberne-sovinon-beloe-suhoe-105,abrau-dyurso-abrau-estates-kaberne-po-belomu-kaberne-sovinon-beloe-suhoe-105.webp
Abrau Estates Каберне по-белому,белое сухое Abrau Estates Каберне по-белому Абрау-Дюрсо,Каберне Совиньон,Белое сухое,abrau-dyurso-abrau-estates-kaberne-po-belomu-kaberne-sovinon-beloe-suhoe-105,abrau-dyurso-abrau-estates-kaberne-po-belomu-kaberne-sovinon-beloe-suhoe-105_bottom.webp
Русское Игристое кошерное полусладкое,белое полусладкое Русское Игристое кошерное полусладкое Абрау-Дюрсо,,Белое полусладкое,abrau-dyurso-russkoe-igristoe-koshernoe-polusladkoe-shardone-beloe-12,abrau-dyurso-russkoe-igristoe-koshernoe-polusladkoe-shardone-beloe-12.webp
Русское Игристое кошерное полусладкое,белое полусладкое Русское Игристое кошерное полусладкое Абрау-Дюрсо,,Белое полусладкое,abrau-dyurso-russkoe-igristoe-koshernoe-polusladkoe-shardone-beloe-12,abrau-dyurso-russkoe-igristoe-koshernoe-polusladkoe-shardone-beloe-12_bottom.webp
Правобережное красное,красное сухое Правобережное красное Ведерниковъ,,Красное сухое,vinodelnya-vedernikov-pravoberezhnoe-krasnoe-kaberne-sovinon-suhoe-145,vinodelnya-vedernikov-pravoberezhnoe-krasnoe-kaberne-sovinon-suhoe-145.webp
Правобережное красное,красное сухое Правобережное красное Ведерниковъ,,Красное сухое,vinodelnya-vedernikov-pravoberezhnoe-krasnoe-kaberne-sovinon-suhoe-145,vinodelnya-vedernikov-pravoberezhnoe-krasnoe-kaberne-sovinon-suhoe-145_bottom.webp
Русское Игристое полусладкое красное,красное полусладкое Русское Игристое полусладкое красное Абрау-Дюрсо,,Красное полусладкое,abrau-dyurso-russkoe-igristoe-polusladkoe-krasnoe-kaberne-sovinon-12,abrau-dyurso-russkoe-igristoe-polusladkoe-krasnoe-kaberne-sovinon-12.webp
Русское Игристое полусладкое красное,красное полусладкое Русское Игристое полусладкое красное Абрау-Дюрсо,,Красное полусладкое,abrau-dyurso-russkoe-igristoe-polusladkoe-krasnoe-kaberne-sovinon-12,abrau-dyurso-russkoe-igristoe-polusladkoe-krasnoe-kaberne-sovinon-12_bottom.webp
Abrau-Durso Brut Rose Reserve,белое брют Abrau-Durso Brut Rose Reserve Абрау-Дюрсо,,Белое брют,abrau-dyurso-abrau-durso-brut-rose-reserve-pino-nuar-beloe-bryut-12,abrau-dyurso-abrau-durso-brut-rose-reserve-pino-nuar-beloe-bryut-12.webp
Abrau-Durso Brut Rose Reserve,белое брют Abrau-Durso Brut Rose Reserve Абрау-Дюрсо,,Белое брют,abrau-dyurso-abrau-durso-brut-rose-reserve-pino-nuar-beloe-bryut-12,abrau-dyurso-abrau-durso-brut-rose-reserve-pino-nuar-beloe-bryut-12_bottom.webp
Шардоне Резерв,белое сухое Шардоне Резерв Винодельня Узунов,Шардоне,Белое сухое,vinodelnya-uzunov-shardone-rezerv-beloe-suhoe-135,vinodelnya-uzunov-shardone-rezerv-beloe-suhoe-135.webp
Шардоне Резерв,белое сухое Шардоне Резерв Винодельня Узунов,Шардоне,Белое сухое,vinodelnya-uzunov-shardone-rezerv-beloe-suhoe-135,vinodelnya-uzunov-shardone-rezerv-beloe-suhoe-135_bottom.webp
Совиньон Блан,белое сухое Совиньон Блан Alma Valley,Совиньон Блан,Белое сухое,alma-valley-sovinon-blan-beloe-suhoe-14,alma-valley-sovinon-blan-beloe-suhoe-14.webp
Совиньон Блан,белое сухое Совиньон Блан Alma Valley,Совиньон Блан,Белое сухое,alma-valley-sovinon-blan-beloe-suhoe-14,alma-valley-sovinon-blan-beloe-suhoe-14_bottom.webp
Петит Арвин,белое сухое Петит Арвин Alma Valley,Петит арвин,Белое сухое,alma-valley-petit-arvin-beloe-suhoe-13,alma-valley-petit-arvin-beloe-suhoe-13.webp
Петит Арвин,белое сухое Петит Арвин Alma Valley,Петит арвин,Белое сухое,alma-valley-petit-arvin-beloe-suhoe-13,alma-valley-petit-arvin-beloe-suhoe-13_bottom.webp
ТБА Совиньон,белое сладкое ТБА Совиньон Alma Valley,Совиньон Блан,Белое сладкое,alma-valley-tba-sovinon-sovinon-blan-beloe-sladkoe-75,alma-valley-tba-sovinon-sovinon-blan-beloe-sladkoe-75.webp
ТБА Совиньон,белое сладкое ТБА Совиньон Alma Valley,Совиньон Блан,Белое сладкое,alma-valley-tba-sovinon-sovinon-blan-beloe-sladkoe-75,alma-valley-tba-sovinon-sovinon-blan-beloe-sladkoe-75_bottom.webp
Реликта Первенец Мускат,белое полусладкое Реликта Первенец Мускат Реликта,,Белое полусладкое,relikta-relikta-pervenets-muskat-pervenets-magaracha-beloe-polusladkoe-125,relikta-relikta-pervenets-muskat-pervenets-magaracha-beloe-polusladkoe-125.webp
Реликта Первенец Мускат,белое полусладкое Реликта Первенец Мускат Реликта,,Белое полусладкое,relikta-relikta-pervenets-muskat-pervenets-magaracha-beloe-polusladkoe-125,relikta-relikta-pervenets-muskat-pervenets-magaracha-beloe-polusladkoe-125_bottom.webp
Merlot Reserve,красное сухое Merlot Reserve Château Le Grand Vostock,Мерло,Красное сухое,chteau-le-grand-vostock-merlot-reserve-merlo-krasnoe-suhoe-145,chteau-le-grand-vostock-merlot-reserve-merlo-krasnoe-suhoe-145.webp
Merlot Reserve,красное сухое Merlot Reserve Château Le Grand Vostock,Мерло,Красное сухое,chteau-le-grand-vostock-merlot-reserve-merlo-krasnoe-suhoe-145,chteau-le-grand-vostock-merlot-reserve-merlo-krasnoe-suhoe-145_bottom.webp
Эндемы Каберне Совиньон,розовое брют Эндемы Каберне Совиньон Дербент Вино,Каберне Совиньон,Розовое брют,derbent-vino-endemy-kaberne-sovinon-rozovoe-bryut-105-125,derbent-vino-endemy-kaberne-sovinon-rozovoe-bryut-105-125.webp
Эндемы Каберне Совиньон,розовое брют Эндемы Каберне Совиньон Дербент Вино,Каберне Совиньон,Розовое брют,derbent-vino-endemy-kaberne-sovinon-rozovoe-bryut-105-125,derbent-vino-endemy-kaberne-sovinon-rozovoe-bryut-105-125_bottom.webp
Реликта Каберне Совиньон,красное сухое Реликта Каберне Совиньон Реликта,Каберне Совиньон,Красное сухое,relikta-relikta-kaberne-sovinon-krasnoe-suhoe-135,relikta-relikta-kaberne-sovinon-krasnoe-suhoe-135.webp
Реликта Каберне Совиньон,красное сухое Реликта Каберне Совиньон Реликта,Каберне Совиньон,Красное сухое,relikta-relikta-kaberne-sovinon-krasnoe-suhoe-135,relikta-relikta-kaberne-sovinon-krasnoe-suhoe-135_bottom.webp
Эндемы Рислинг,белое брют Эндемы Рислинг Дербент Вино,Рислинг,Белое брют,derbent-vino-endemy-risling-beloe-bryut-105-125,derbent-vino-endemy-risling-beloe-bryut-105-125.webp
Эндемы Рислинг,белое брют Эндемы Рислинг Дербент Вино,Рислинг,Белое брют,derbent-vino-endemy-risling-beloe-bryut-105-125,derbent-vino-endemy-risling-beloe-bryut-105-125_bottom.webp
Трезвая голова. Каберне Фран + Красностоп,красное сухое Трезвая голова. Каберне Фран + Красностоп Собер Баш,,Красное сухое,sober-bash-trezvaya-golova-kaberne-fran-krasnostop-krasnoe-suhoe-13,sober-bash-trezvaya-golova-kaberne-fran-krasnostop-krasnoe-suhoe-13.webp
Трезвая голова. Каберне Фран + Красностоп,красное сухое Трезвая голова. Каберне Фран + Красностоп Собер Баш,,Красное сухое,sober-bash-trezvaya-golova-kaberne-fran-krasnostop-krasnoe-suhoe-13,sober-bash-trezvaya-golova-kaberne-fran-krasnostop-krasnoe-suhoe-13_bottom.webp
Дэсоно Каберне Фран,красное сухое Дэсоно Каберне Фран Дербент Вино,Каберне Фран,Красное сухое,derbent-vino-desono-kaberne-fran-krasnoe-suhoe-125,derbent-vino-desono-kaberne-fran-krasnoe-suhoe-125.webp
Дэсоно Каберне Фран,красное сухое Дэсоно Каберне Фран Дербент Вино,Каберне Фран,Красное сухое,derbent-vino-desono-kaberne-fran-krasnoe-suhoe-125,derbent-vino-desono-kaberne-fran-krasnoe-suhoe-125_bottom.webp
Alveus Ultra Cuvee. Брют розовое,розовое брют Alveus Ultra Cuvee. Брют розовое Фанагория,,Розовое брют,fanagoriya-alveus-ultra-cuvee-bryut-rozovoe-merlo-igristoe-bryut-rozovoe-12,fanagoriya-alveus-ultra-cuvee-bryut-rozovoe-merlo-igristoe-bryut-rozovoe-12.webp
Alveus Ultra Cuvee. Брют розовое,розовое брют Alveus Ultra Cuvee. Брют розовое Фанагория,,Розовое брют,fanagoriya-alveus-ultra-cuvee-bryut-rozovoe-merlo-igristoe-bryut-rozovoe-12,fanagoriya-alveus-ultra-cuvee-bryut-rozovoe-merlo-igristoe-bryut-rozovoe-12_bottom.webp
Primum Alveus. Brut 2021,белое брют Primum Alveus. Brut 2021 Фанагория,,Белое брют,fanagoriya-primum-alveus-brut-2021-shardone-beloe-bryut-11-13,fanagoriya-primum-alveus-brut-2021-shardone-beloe-bryut-11-13.webp
Primum Alveus. Brut 2021,белое брют Primum Alveus. Brut 2021 Фанагория,,Белое брют,fanagoriya-primum-alveus-brut-2021-shardone-beloe-bryut-11-13,fanagoriya-primum-alveus-brut-2021-shardone-beloe-bryut-11-13_bottom.webp
Совиньон Блан. Семейный резерв,белое сухое Совиньон Блан. Семейный резерв Имение Сикоры,Совиньон Блан,Белое сухое,imenie-sikory-sovinon-blan-semeynyy-rezerv-beloe-suhoe-13,imenie-sikory-sovinon-blan-semeynyy-rezerv-beloe-suhoe-13.webp
Совиньон Блан. Семейный резерв,белое сухое Совиньон Блан. Семейный резерв Имение Сикоры,Совиньон Блан,Белое сухое,imenie-sikory-sovinon-blan-semeynyy-rezerv-beloe-suhoe-13,imenie-sikory-sovinon-blan-semeynyy-rezerv-beloe-suhoe-13_bottom.webp
Brule Saperavi,красное брют Brule Saperavi Фанагория,Саперави,Красное брют,fanagoriya-brule-saperavi-saperavi-igristoe-sladkoe-krasnoe-bryut-125,fanagoriya-brule-saperavi-saperavi-igristoe-sladkoe-krasnoe-bryut-125.webp
Brule Saperavi,красное брют Brule Saperavi Фанагория,Саперави,Красное брют,fanagoriya-brule-saperavi-saperavi-igristoe-sladkoe-krasnoe-bryut-125,fanagoriya-brule-saperavi-saperavi-igristoe-sladkoe-krasnoe-bryut-125_bottom.webp
Кавказиан Саперави,красное сухое Кавказиан Саперави Дербент Вино,Саперави,Красное сухое,derbent-vino-kavkazian-saperavi-krasnoe-suhoe-105-125,derbent-vino-kavkazian-saperavi-krasnoe-suhoe-105-125.webp
Кавказиан Саперави,красное сухое Кавказиан Саперави Дербент Вино,Саперави,Красное сухое,derbent-vino-kavkazian-saperavi-krasnoe-suhoe-105-125,derbent-vino-kavkazian-saperavi-krasnoe-suhoe-105-125_bottom.webp
Красностоп Золотовский. Поздний сбор,розовое сладкое Красностоп Золотовский. Поздний сбор Имение Сикоры,Красностоп Золотовский,Розовое сладкое,imenie-sikory-krasnostop-zolotovskiy-pozdniy-sbor-rozovoe-sladkoe-13,imenie-sikory-krasnostop-zolotovskiy-pozdniy-sbor-rozovoe-sladkoe-13.webp
Красностоп Золотовский. Поздний сбор,розовое сладкое Красностоп Золотовский. Поздний сбор Имение Сикоры,Красностоп Золотовский,Розовое сладкое,imenie-sikory-krasnostop-zolotovskiy-pozdniy-sbor-rozovoe-sladkoe-13,imenie-sikory-krasnostop-zolotovskiy-pozdniy-sbor-rozovoe-sladkoe-13_bottom.webp
Красностоп Золотовский. На террасах,розовое сухое Красностоп Золотовский. На террасах Имение Сикоры,Красностоп Золотовский,Розовое сухое,imenie-sikory-krasnostop-zolotovskiy-na-terrasah-rozovoe-suhoe-13,imenie-sikory-krasnostop-zolotovskiy-na-terrasah-rozovoe-suhoe-13.webp
Красностоп Золотовский. На террасах,розовое сухое Красностоп Золотовский. На террасах Имение Сикоры,Красностоп Золотовский,Розовое сухое,imenie-sikory-krasnostop-zolotovskiy-na-terrasah-rozovoe-suhoe-13,imenie-sikory-krasnostop-zolotovskiy-na-terrasah-rozovoe-suhoe-13_bottom.webp
Рислинг. Поздний сбор,белое сладкое Рислинг. Поздний сбор Имение Сикоры,Рислинг,Белое сладкое,imenie-sikory-risling-pozdniy-sbor-beloe-sladkoe-13,imenie-sikory-risling-pozdniy-sbor-beloe-sladkoe-13.webp
Рислинг. Поздний сбор,белое сладкое Рислинг. Поздний сбор Имение Сикоры,Рислинг,Белое сладкое,imenie-sikory-risling-pozdniy-sbor-beloe-sladkoe-13,imenie-sikory-risling-pozdniy-sbor-beloe-sladkoe-13_bottom.webp
Красностоп Золотовский. На террасах,красное сухое Красностоп Золотовский. На террасах Имение Сикоры,Красностоп Золотовский,Красное сухое,imenie-sikory-krasnostop-zolotovskiy-na-terrasah-krasnoe-suhoe-14,imenie-sikory-krasnostop-zolotovskiy-na-terrasah-krasnoe-suhoe-14.webp
Красностоп Золотовский. На террасах,красное сухое Красностоп Золотовский. На террасах Имение Сикоры,Красностоп Золотовский,Красное сухое,imenie-sikory-krasnostop-zolotovskiy-na-terrasah-krasnoe-suhoe-14,imenie-sikory-krasnostop-zolotovskiy-na-terrasah-krasnoe-suhoe-14_bottom.webp
Шардоне. Семейный резерв,белое сухое Шардоне. Семейный резерв Имение Сикоры,Шардоне,Белое сухое,imenie-sikory-shardone-semeynyy-rezerv-beloe-suhoe-13,imenie-sikory-shardone-semeynyy-rezerv-beloe-suhoe-13.webp
Шардоне. Семейный резерв,белое сухое Шардоне. Семейный резерв Имение Сикоры,Шардоне,Белое сухое,imenie-sikory-shardone-semeynyy-rezerv-beloe-suhoe-13,imenie-sikory-shardone-semeynyy-rezerv-beloe-suhoe-13_bottom.webp
Рислинг. Семейный резерв,белое сухое Рислинг. Семейный резерв Имение Сикоры,Рислинг,Белое сухое,imenie-sikory-risling-semeynyy-rezerv-beloe-suhoe-13,imenie-sikory-risling-semeynyy-rezerv-beloe-suhoe-13.webp
Рислинг. Семейный резерв,белое сухое Рислинг. Семейный резерв Имение Сикоры,Рислинг,Белое сухое,imenie-sikory-risling-semeynyy-rezerv-beloe-suhoe-13,imenie-sikory-risling-semeynyy-rezerv-beloe-suhoe-13_bottom.webp
Пино Нуар. Семейный резерв,красное сухое Пино Нуар. Семейный резерв Имение Сикоры,Пино Нуар,Красное сухое,imenie-sikory-pino-nuar-semeynyy-rezerv-krasnoe-suhoe-14,imenie-sikory-pino-nuar-semeynyy-rezerv-krasnoe-suhoe-14.webp
Пино Нуар. Семейный резерв,красное сухое Пино Нуар. Семейный резерв Имение Сикоры,Пино Нуар,Красное сухое,imenie-sikory-pino-nuar-semeynyy-rezerv-krasnoe-suhoe-14,imenie-sikory-pino-nuar-semeynyy-rezerv-krasnoe-suhoe-14_bottom.webp
Brule Cabernet Sauvignon Полусладкое Красное,красное полусладкое Brule Cabernet Sauvignon Полусладкое Красное Фанагория,Каберне Совиньон,Красное полусладкое,fanagoriya-brule-cabernet-sauvignon-polusladkoe-krasnoe-kaberne-sovinon-125,fanagoriya-brule-cabernet-sauvignon-polusladkoe-krasnoe-kaberne-sovinon-125.webp
Brule Cabernet Sauvignon Полусладкое Красное,красное полусладкое Brule Cabernet Sauvignon Полусладкое Красное Фанагория,Каберне Совиньон,Красное полусладкое,fanagoriya-brule-cabernet-sauvignon-polusladkoe-krasnoe-kaberne-sovinon-125,fanagoriya-brule-cabernet-sauvignon-polusladkoe-krasnoe-kaberne-sovinon-125_bottom.webp
Blanc de Noir Mene Extra Brut 2019,белое экстра брют Blanc de Noir Mene Extra Brut 2019 Фанагория,Пино Нуар,Белое экстра брют,fanagoriya-blanc-de-noir-mene-extra-brut-2019-pino-nuar-beloe-ekstra-bryut-12,fanagoriya-blanc-de-noir-mene-extra-brut-2019-pino-nuar-beloe-ekstra-bryut-12.webp
Blanc de Noir Mene Extra Brut 2019,белое экстра брют Blanc de Noir Mene Extra Brut 2019 Фанагория,Пино Нуар,Белое экстра брют,fanagoriya-blanc-de-noir-mene-extra-brut-2019-pino-nuar-beloe-ekstra-bryut-12,fanagoriya-blanc-de-noir-mene-extra-brut-2019-pino-nuar-beloe-ekstra-bryut-12_bottom.webp
Brule Muscat Ottonel Brut,белое полусладкое Brule Muscat Ottonel Brut Фанагория,Мускат Оттонель,Белое полусладкое,fanagoriya-brule-muscat-ottonel-brut-muskat-ottonel-beloe-polusladkoe-12,fanagoriya-brule-muscat-ottonel-brut-muskat-ottonel-beloe-polusladkoe-12.webp
Brule Muscat Ottonel Brut,белое полусладкое Brule Muscat Ottonel Brut Фанагория,Мускат Оттонель,Белое полусладкое,fanagoriya-brule-muscat-ottonel-brut-muskat-ottonel-beloe-polusladkoe-12,fanagoriya-brule-muscat-ottonel-brut-muskat-ottonel-beloe-polusladkoe-12_bottom.webp
Герцъ Сикоры,красное сухое Герцъ Сикоры Имение Сикоры,,Красное сухое,imenie-sikory-gerts-sikory-kaberne-sovinon-krasnoe-suhoe-14,imenie-sikory-gerts-sikory-kaberne-sovinon-krasnoe-suhoe-14.webp
Герцъ Сикоры,красное сухое Герцъ Сикоры Имение Сикоры,,Красное сухое,imenie-sikory-gerts-sikory-kaberne-sovinon-krasnoe-suhoe-14,imenie-sikory-gerts-sikory-kaberne-sovinon-krasnoe-suhoe-14_bottom.webp
Brule Cabernet Franc Полусухое Розовое,розовое полусухое Brule Cabernet Franc Полусухое Розовое Фанагория,Каберне Фран,Розовое полусухое,fanagoriya-brule-cabernet-franc-polusuhoe-rozovoe-kaberne-fran-12,fanagoriya-brule-cabernet-franc-polusuhoe-rozovoe-kaberne-fran-12.webp
Brule Cabernet Franc Полусухое Розовое,розовое полусухое Brule Cabernet Franc Полусухое Розовое Фанагория,Каберне Фран,Розовое полусухое,fanagoriya-brule-cabernet-franc-polusuhoe-rozovoe-kaberne-fran-12,fanagoriya-brule-cabernet-franc-polusuhoe-rozovoe-kaberne-fran-12_bottom.webp
Мерло Сикоры,красное сухое Мерло Сикоры Имение Сикоры,Мерло,Красное сухое,imenie-sikory-merlo-sikory-krasnoe-suhoe-13,imenie-sikory-merlo-sikory-krasnoe-suhoe-13.webp
Мерло Сикоры,красное сухое Мерло Сикоры Имение Сикоры,Мерло,Красное сухое,imenie-sikory-merlo-sikory-krasnoe-suhoe-13,imenie-sikory-merlo-sikory-krasnoe-suhoe-13_bottom.webp
Brule Cuvée Brut Розовое,розовое брют Brule Cuvée Brut Розовое Фанагория,,Розовое брют,fanagoriya-brule-cuve-brut-rozovoe-merlo-igristoe-bryut-rozovoe-12,fanagoriya-brule-cuve-brut-rozovoe-merlo-igristoe-bryut-rozovoe-12.webp
Brule Cuvée Brut Розовое,розовое брют Brule Cuvée Brut Розовое Фанагория,,Розовое брют,fanagoriya-brule-cuve-brut-rozovoe-merlo-igristoe-bryut-rozovoe-12,fanagoriya-brule-cuve-brut-rozovoe-merlo-igristoe-bryut-rozovoe-12_bottom.webp
Primum Alveus Blanc De Blancs Экстра Брют 2019,белое брют Primum Alveus Blanc De Blancs Экстра Брют 2019 Фанагория,Шардоне,Белое брют,fanagoriya-primum-alveus-blanc-de-blancs-ekstra-bryut-2019-shardone-beloe-11-13,fanagoriya-primum-alveus-blanc-de-blancs-ekstra-bryut-2019-shardone-beloe-11-13.webp
Primum Alveus Blanc De Blancs Экстра Брют 2019,белое брют Primum Alveus Blanc De Blancs Экстра Брют 2019 Фанагория,Шардоне,Белое брют,fanagoriya-primum-alveus-blanc-de-blancs-ekstra-bryut-2019-shardone-beloe-11-13,fanagoriya-primum-alveus-blanc-de-blancs-ekstra-bryut-2019-shardone-beloe-11-13_bottom.webp
Рислинг Сикоры,белое сухое Рислинг Сикоры Имение Сикоры,Рислинг,Белое сухое,imenie-sikory-risling-sikory-beloe-suhoe-13,imenie-sikory-risling-sikory-beloe-suhoe-13.webp
Рислинг Сикоры,белое сухое Рислинг Сикоры Имение Сикоры,Рислинг,Белое сухое,imenie-sikory-risling-sikory-beloe-suhoe-13,imenie-sikory-risling-sikory-beloe-suhoe-13_bottom.webp
Fanagoria Extra Brut Rose 2019,розовое экстра брют Fanagoria Extra Brut Rose 2019 Фанагория,,Розовое экстра брют,fanagoriya-fanagoria-extra-brut-rose-2019-pino-nuar-igristoe-bryut-rozovoe-ekstra-bryut-12,fanagoriya-fanagoria-extra-brut-rose-2019-pino-nuar-igristoe-bryut-rozovoe-ekstra-bryut-12.webp
Fanagoria Extra Brut Rose 2019,розовое экстра брют Fanagoria Extra Brut Rose 2019 Фанагория,,Розовое экстра брют,fanagoriya-fanagoria-extra-brut-rose-2019-pino-nuar-igristoe-bryut-rozovoe-ekstra-bryut-12,fanagoriya-fanagoria-extra-brut-rose-2019-pino-nuar-igristoe-bryut-rozovoe-ekstra-bryut-12_bottom.webp
Brule Frizzante Brut Белое,белое брют Brule Frizzante Brut Белое Фанагория,,Белое брют,fanagoriya-brule-frizzante-brut-beloe-pino-nuar-bryut-115,fanagoriya-brule-frizzante-brut-beloe-pino-nuar-bryut-115.webp
Brule Frizzante Brut Белое,белое брют Brule Frizzante Brut Белое Фанагория,,Белое брют,fanagoriya-brule-frizzante-brut-beloe-pino-nuar-bryut-115,fanagoriya-brule-frizzante-brut-beloe-pino-nuar-bryut-115_bottom.webp
Brule Frizzante Brut Розовое,розовое брют Brule Frizzante Brut Розовое Фанагория,,Розовое брют,fanagoriya-brule-frizzante-brut-rozovoe-merlo-igristoe-bryut-rozovoe-115,fanagoriya-brule-frizzante-brut-rozovoe-merlo-igristoe-bryut-rozovoe-115.webp
Brule Frizzante Brut Розовое,розовое брют Brule Frizzante Brut Розовое Фанагория,,Розовое брют,fanagoriya-brule-frizzante-brut-rozovoe-merlo-igristoe-bryut-rozovoe-115,fanagoriya-brule-frizzante-brut-rozovoe-merlo-igristoe-bryut-rozovoe-115_bottom.webp
Brule Sauvignon Blanc Brut,белое брют Brule Sauvignon Blanc Brut Фанагория,Совиньон Блан,Белое брют,fanagoriya-brule-sauvignon-blanc-brut-sovinon-blan-beloe-bryut-12,fanagoriya-brule-sauvignon-blanc-brut-sovinon-blan-beloe-bryut-12.webp
Brule Sauvignon Blanc Brut,белое брют Brule Sauvignon Blanc Brut Фанагория,Совиньон Блан,Белое брют,fanagoriya-brule-sauvignon-blanc-brut-sovinon-blan-beloe-bryut-12,fanagoriya-brule-sauvignon-blanc-brut-sovinon-blan-beloe-bryut-12_bottom.webp
Brule Frizzante Полусладкое Белое,белое полусладкое Brule Frizzante Полусладкое Белое Фанагория,,Белое полусладкое,fanagoriya-brule-frizzante-polusladkoe-beloe-pino-nuar-11,fanagoriya-brule-frizzante-polusladkoe-beloe-pino-nuar-11.webp
Brule Frizzante Полусладкое Белое,белое полусладкое Brule Frizzante Полусладкое Белое Фанагория,,Белое полусладкое,fanagoriya-brule-frizzante-polusladkoe-beloe-pino-nuar-11,fanagoriya-brule-frizzante-polusladkoe-beloe-pino-nuar-11_bottom.webp
Alveus Ultra Cuvee. Экстра брют розовое,розовое экстра брют Alveus Ultra Cuvee. Экстра брют розовое Фанагория,,Розовое экстра брют,fanagoriya-alveus-ultra-cuvee-ekstra-bryut-rozovoe-merlo-12,fanagoriya-alveus-ultra-cuvee-ekstra-bryut-rozovoe-merlo-12.webp
Alveus Ultra Cuvee. Экстра брют розовое,розовое экстра брют Alveus Ultra Cuvee. Экстра брют розовое Фанагория,,Розовое экстра брют,fanagoriya-alveus-ultra-cuvee-ekstra-bryut-rozovoe-merlo-12,fanagoriya-alveus-ultra-cuvee-ekstra-bryut-rozovoe-merlo-12_bottom.webp
Alveus Ultra Cuvee. Экстра брют белое,белое экстра брют Alveus Ultra Cuvee. Экстра брют белое Фанагория,,Белое экстра брют,fanagoriya-alveus-ultra-cuvee-ekstra-bryut-beloe-risling-reynskiy-12,fanagoriya-alveus-ultra-cuvee-ekstra-bryut-beloe-risling-reynskiy-12.webp
Alveus Ultra Cuvee. Экстра брют белое,белое экстра брют Alveus Ultra Cuvee. Экстра брют белое Фанагория,,Белое экстра брют,fanagoriya-alveus-ultra-cuvee-ekstra-bryut-beloe-risling-reynskiy-12,fanagoriya-alveus-ultra-cuvee-ekstra-bryut-beloe-risling-reynskiy-12_bottom.webp
Alveus Ultra Cuvee Brut,белое брют Alveus Ultra Cuvee Brut Фанагория,,Белое брют,fanagoriya-alveus-ultra-cuvee-brut-shardone-beloe-bryut-12,fanagoriya-alveus-ultra-cuvee-brut-shardone-beloe-bryut-12.webp
Alveus Ultra Cuvee Brut,белое брют Alveus Ultra Cuvee Brut Фанагория,,Белое брют,fanagoriya-alveus-ultra-cuvee-brut-shardone-beloe-bryut-12,fanagoriya-alveus-ultra-cuvee-brut-shardone-beloe-bryut-12_bottom.webp
Каберне Фран Сикоры,розовое сухое Каберне Фран Сикоры Имение Сикоры,Каберне Фран,Розовое сухое,imenie-sikory-kaberne-fran-sikory-rozovoe-suhoe-13,imenie-sikory-kaberne-fran-sikory-rozovoe-suhoe-13.webp
Каберне Фран Сикоры,розовое сухое Каберне Фран Сикоры Имение Сикоры,Каберне Фран,Розовое сухое,imenie-sikory-kaberne-fran-sikory-rozovoe-suhoe-13,imenie-sikory-kaberne-fran-sikory-rozovoe-suhoe-13_bottom.webp
Primum Alveus. Брют 2019,розовое брют Primum Alveus. Брют 2019 Фанагория,Пино Нуар,Розовое брют,fanagoriya-primum-alveus-bryut-2019-pino-nuar-igristoe-bryut-rozovoe-11-13,fanagoriya-primum-alveus-bryut-2019-pino-nuar-igristoe-bryut-rozovoe-11-13.webp
Primum Alveus. Брют 2019,розовое брют Primum Alveus. Брют 2019 Фанагория,Пино Нуар,Розовое брют,fanagoriya-primum-alveus-bryut-2019-pino-nuar-igristoe-bryut-rozovoe-11-13,fanagoriya-primum-alveus-bryut-2019-pino-nuar-igristoe-bryut-rozovoe-11-13_bottom.webp
Brule Muscat Ottonel Полусладкое,белое полусладкое Brule Muscat Ottonel Полусладкое Фанагория,Мускат Оттонель,Белое полусладкое,fanagoriya-brule-muscat-ottonel-polusladkoe-muskat-ottonel-beloe-115,fanagoriya-brule-muscat-ottonel-polusladkoe-muskat-ottonel-beloe-115.webp
Brule Muscat Ottonel Полусладкое,белое полусладкое Brule Muscat Ottonel Полусладкое Фанагория,Мускат Оттонель,Белое полусладкое,fanagoriya-brule-muscat-ottonel-polusladkoe-muskat-ottonel-beloe-115,fanagoriya-brule-muscat-ottonel-polusladkoe-muskat-ottonel-beloe-115_bottom.webp
Primum Alveus. Экстра-брют 2017,белое брют Primum Alveus. Экстра-брют 2017 Фанагория,,Белое брют,fanagoriya-primum-alveus-ekstra-bryut-2017-pino-nuar-beloe-11-13,fanagoriya-primum-alveus-ekstra-bryut-2017-pino-nuar-beloe-11-13.webp
Primum Alveus. Экстра-брют 2017,белое брют Primum Alveus. Экстра-брют 2017 Фанагория,,Белое брют,fanagoriya-primum-alveus-ekstra-bryut-2017-pino-nuar-beloe-11-13,fanagoriya-primum-alveus-ekstra-bryut-2017-pino-nuar-beloe-11-13_bottom.webp
Primum Alveus. Blanc de Noirs. Meunier. Экстра брют 2019,белое брют Primum Alveus. Blanc de Noirs. Meunier. Экстра брют 2019 Фанагория,Менье,Белое брют,fanagoriya-primum-alveus-blanc-de-noirs-meunier-ekstra-bryut-2019-mene-beloe-11-13,fanagoriya-primum-alveus-blanc-de-noirs-meunier-ekstra-bryut-2019-mene-beloe-11-13.webp
Primum Alveus. Blanc de Noirs. Meunier. Экстра брют 2019,белое брют Primum Alveus. Blanc de Noirs. Meunier. Экстра брют 2019 Фанагория,Менье,Белое брют,fanagoriya-primum-alveus-blanc-de-noirs-meunier-ekstra-bryut-2019-mene-beloe-11-13,fanagoriya-primum-alveus-blanc-de-noirs-meunier-ekstra-bryut-2019-mene-beloe-11-13_bottom.webp
Primum Alveus Extra Brut 2016,белое брют Primum Alveus Extra Brut 2016 Фанагория,,Белое брют,fanagoriya-primum-alveus-extra-brut-2016-shardone-beloe-bryut-12,fanagoriya-primum-alveus-extra-brut-2016-shardone-beloe-bryut-12.webp
Primum Alveus Extra Brut 2016,белое брют Primum Alveus Extra Brut 2016 Фанагория,,Белое брют,fanagoriya-primum-alveus-extra-brut-2016-shardone-beloe-bryut-12,fanagoriya-primum-alveus-extra-brut-2016-shardone-beloe-bryut-12_bottom.webp
Primum Alveus Brut 2016,белое брют Primum Alveus Brut 2016 Фанагория,,Белое брют,fanagoriya-primum-alveus-brut-2016-shardone-igristoe-bryut-beloe-12,fanagoriya-primum-alveus-brut-2016-shardone-igristoe-bryut-beloe-12.webp
Primum Alveus Brut 2016,белое брют Primum Alveus Brut 2016 Фанагория,,Белое брют,fanagoriya-primum-alveus-brut-2016-shardone-igristoe-bryut-beloe-12,fanagoriya-primum-alveus-brut-2016-shardone-igristoe-bryut-beloe-12_bottom.webp
5 elements Брют белое,белое брют 5 elements Брют белое Фанагория,,Белое брют,fanagoriya-5-elements-bryut-beloe-pino-gri-igristoe-bryut-beloe-125,fanagoriya-5-elements-bryut-beloe-pino-gri-igristoe-bryut-beloe-125.webp
5 elements Брют белое,белое брют 5 elements Брют белое Фанагория,,Белое брют,fanagoriya-5-elements-bryut-beloe-pino-gri-igristoe-bryut-beloe-125,fanagoriya-5-elements-bryut-beloe-pino-gri-igristoe-bryut-beloe-125_bottom.webp
Primum Alveus Brut 2014,белое брют Primum Alveus Brut 2014 Фанагория,,Белое брют,fanagoriya-primum-alveus-brut-2014-shardone-igristoe-bryut-beloe-12,fanagoriya-primum-alveus-brut-2014-shardone-igristoe-bryut-beloe-12.webp
Primum Alveus Brut 2014,белое брют Primum Alveus Brut 2014 Фанагория,,Белое брют,fanagoriya-primum-alveus-brut-2014-shardone-igristoe-bryut-beloe-12,fanagoriya-primum-alveus-brut-2014-shardone-igristoe-bryut-beloe-12_bottom.webp
Primum Alveus Extra Brut 2014,белое брют Primum Alveus Extra Brut 2014 Фанагория,,Белое брют,fanagoriya-primum-alveus-extra-brut-2014-pino-nuar-beloe-bryut-12,fanagoriya-primum-alveus-extra-brut-2014-pino-nuar-beloe-bryut-12.webp
Primum Alveus Extra Brut 2014,белое брют Primum Alveus Extra Brut 2014 Фанагория,,Белое брют,fanagoriya-primum-alveus-extra-brut-2014-pino-nuar-beloe-bryut-12,fanagoriya-primum-alveus-extra-brut-2014-pino-nuar-beloe-bryut-12_bottom.webp
Primum Alveus Brut 2017,белое брют Primum Alveus Brut 2017 Фанагория,,Белое брют,fanagoriya-primum-alveus-brut-2017-shardone-igristoe-bryut-beloe-12,fanagoriya-primum-alveus-brut-2017-shardone-igristoe-bryut-beloe-12.webp
Primum Alveus Brut 2017,белое брют Primum Alveus Brut 2017 Фанагория,,Белое брют,fanagoriya-primum-alveus-brut-2017-shardone-igristoe-bryut-beloe-12,fanagoriya-primum-alveus-brut-2017-shardone-igristoe-bryut-beloe-12_bottom.webp
5 elements Брют розовое,розовое брют 5 elements Брют розовое Фанагория,,Розовое брют,fanagoriya-5-elements-bryut-rozovoe-saperavi-igristoe-bryut-rozovoe-125,fanagoriya-5-elements-bryut-rozovoe-saperavi-igristoe-bryut-rozovoe-125.webp
5 elements Брют розовое,розовое брют 5 elements Брют розовое Фанагория,,Розовое брют,fanagoriya-5-elements-bryut-rozovoe-saperavi-igristoe-bryut-rozovoe-125,fanagoriya-5-elements-bryut-rozovoe-saperavi-igristoe-bryut-rozovoe-125_bottom.webp
Фанагория. Rose de Noirs. Розе де Нуар,розовое брют Фанагория. Rose de Noirs. Розе де Нуар Фанагория,,Розовое брют,fanagoriya-fanagoriya-rose-de-noirs-roze-de-nuar-merlo-igristoe-bryut-rozovoe-11-13,fanagoriya-fanagoriya-rose-de-noirs-roze-de-nuar-merlo-igristoe-bryut-rozovoe-11-13.webp
Фанагория. Rose de Noirs. Розе де Нуар,розовое брют Фанагория. Rose de Noirs. Розе де Нуар Фанагория,,Розовое брют,fanagoriya-fanagoriya-rose-de-noirs-roze-de-nuar-merlo-igristoe-bryut-rozovoe-11-13,fanagoriya-fanagoriya-rose-de-noirs-roze-de-nuar-merlo-igristoe-bryut-rozovoe-11-13_bottom.webp
Q Blanc,белое сухое Q Blanc Фанагория,,Белое сухое,fanagoriya-q-blanc-sovinon-blan-beloe-suhoe-14,fanagoriya-q-blanc-sovinon-blan-beloe-suhoe-14.webp
Q Blanc,белое сухое Q Blanc Фанагория,,Белое сухое,fanagoriya-q-blanc-sovinon-blan-beloe-suhoe-14,fanagoriya-q-blanc-sovinon-blan-beloe-suhoe-14_bottom.webp
Фанагория. Blanc de Noirs. Белое из чёрного,белое брют Фанагория. Blanc de Noirs. Белое из чёрного Фанагория,,Белое брют,fanagoriya-fanagoriya-blanc-de-noirs-beloe-iz-chyornogo-merlo-igristoe-bryut-beloe-11-13,fanagoriya-fanagoriya-blanc-de-noirs-beloe-iz-chyornogo-merlo-igristoe-bryut-beloe-11-13.webp
Фанагория. Blanc de Noirs. Белое из чёрного,белое брют Фанагория. Blanc de Noirs. Белое из чёрного Фанагория,,Белое брют,fanagoriya-fanagoriya-blanc-de-noirs-beloe-iz-chyornogo-merlo-igristoe-bryut-beloe-11-13,fanagoriya-fanagoriya-blanc-de-noirs-beloe-iz-chyornogo-merlo-igristoe-bryut-beloe-11-13_bottom.webp
101 оттенок красного. Пино нуар,красное сухое 101 оттенок красного. Пино нуар Фанагория,Пино Нуар,Красное сухое,fanagoriya-101-ottenok-krasnogo-pino-nuar-krasnoe-suhoe-135,fanagoriya-101-ottenok-krasnogo-pino-nuar-krasnoe-suhoe-135.webp
101 оттенок красного. Пино нуар,красное сухое 101 оттенок красного. Пино нуар Фанагория,Пино Нуар,Красное сухое,fanagoriya-101-ottenok-krasnogo-pino-nuar-krasnoe-suhoe-135,fanagoriya-101-ottenok-krasnogo-pino-nuar-krasnoe-suhoe-135_bottom.webp
Formula Q,красное сухое Formula Q Фанагория,,Красное сухое,fanagoriya-formula-q-saperavi-krasnoe-suhoe-135,fanagoriya-formula-q-saperavi-krasnoe-suhoe-135.webp
Formula Q,красное сухое Formula Q Фанагория,,Красное сухое,fanagoriya-formula-q-saperavi-krasnoe-suhoe-135,fanagoriya-formula-q-saperavi-krasnoe-suhoe-135_bottom.webp
Q Bordeaux Blend,красное сухое Q Bordeaux Blend Фанагория,,Красное сухое,fanagoriya-q-bordeaux-blend-kaberne-sovinon-krasnoe-suhoe-135,fanagoriya-q-bordeaux-blend-kaberne-sovinon-krasnoe-suhoe-135.webp
Q Bordeaux Blend,красное сухое Q Bordeaux Blend Фанагория,,Красное сухое,fanagoriya-q-bordeaux-blend-kaberne-sovinon-krasnoe-suhoe-135,fanagoriya-q-bordeaux-blend-kaberne-sovinon-krasnoe-suhoe-135_bottom.webp
Фанагория. Blanc de Blancs. Белое из белого,белое брют Фанагория. Blanc de Blancs. Белое из белого Фанагория,Шардоне,Белое брют,fanagoriya-fanagoriya-blanc-de-blancs-beloe-iz-belogo-shardone-igristoe-bryut-beloe-11-13,fanagoriya-fanagoriya-blanc-de-blancs-beloe-iz-belogo-shardone-igristoe-bryut-beloe-11-13.webp
Фанагория. Blanc de Blancs. Белое из белого,белое брют Фанагория. Blanc de Blancs. Белое из белого Фанагория,Шардоне,Белое брют,fanagoriya-fanagoriya-blanc-de-blancs-beloe-iz-belogo-shardone-igristoe-bryut-beloe-11-13,fanagoriya-fanagoriya-blanc-de-blancs-beloe-iz-belogo-shardone-igristoe-bryut-beloe-11-13_bottom.webp
Фанагория. Брют розовое,розовое брют Фанагория. Брют розовое Фанагория,,Розовое брют,fanagoriya-fanagoriya-bryut-rozovoe-sovinon-blan-igristoe-bryut-rozovoe-11-13,fanagoriya-fanagoriya-bryut-rozovoe-sovinon-blan-igristoe-bryut-rozovoe-11-13.webp
Фанагория. Брют розовое,розовое брют Фанагория. Брют розовое Фанагория,,Розовое брют,fanagoriya-fanagoriya-bryut-rozovoe-sovinon-blan-igristoe-bryut-rozovoe-11-13,fanagoriya-fanagoriya-bryut-rozovoe-sovinon-blan-igristoe-bryut-rozovoe-11-13_bottom.webp
101 оттенок красного. Саперави,красное сухое 101 оттенок красного. Саперави Фанагория,Саперави,Красное сухое,fanagoriya-101-ottenok-krasnogo-saperavi-krasnoe-suhoe-14,fanagoriya-101-ottenok-krasnogo-saperavi-krasnoe-suhoe-14.webp
101 оттенок красного. Саперави,красное сухое 101 оттенок красного. Саперави Фанагория,Саперави,Красное сухое,fanagoriya-101-ottenok-krasnogo-saperavi-krasnoe-suhoe-14,fanagoriya-101-ottenok-krasnogo-saperavi-krasnoe-suhoe-14_bottom.webp
Декантер. Формула Q,красное сухое Декантер. Формула Q Фанагория,,Красное сухое,fanagoriya-dekanter-formula-q-kaberne-sovinon-krasnoe-suhoe-135,fanagoriya-dekanter-formula-q-kaberne-sovinon-krasnoe-suhoe-135.webp
Декантер. Формула Q,красное сухое Декантер. Формула Q Фанагория,,Красное сухое,fanagoriya-dekanter-formula-q-kaberne-sovinon-krasnoe-suhoe-135,fanagoriya-dekanter-formula-q-kaberne-sovinon-krasnoe-suhoe-135_bottom.webp
Декантер. Пино нуар 2020,красное сухое Декантер. Пино нуар 2020 Фанагория,Пино Нуар,Красное сухое,fanagoriya-dekanter-pino-nuar-2020-krasnoe-suhoe-135,fanagoriya-dekanter-pino-nuar-2020-krasnoe-suhoe-135.webp
Декантер. Пино нуар 2020,красное сухое Декантер. Пино нуар 2020 Фанагория,Пино Нуар,Красное сухое,fanagoriya-dekanter-pino-nuar-2020-krasnoe-suhoe-135,fanagoriya-dekanter-pino-nuar-2020-krasnoe-suhoe-135_bottom.webp
Точка,красное сухое Точка Фанагория,Саперави,Красное сухое,fanagoriya-tochka-saperavi-krasnoe-suhoe-14,fanagoriya-tochka-saperavi-krasnoe-suhoe-14.webp
Точка,красное сухое Точка Фанагория,Саперави,Красное сухое,fanagoriya-tochka-saperavi-krasnoe-suhoe-14,fanagoriya-tochka-saperavi-krasnoe-suhoe-14_bottom.webp
Alta Qortis,красное сухое Alta Qortis Фанагория,,Красное сухое,fanagoriya-alta-qortis-saperavi-krasnoe-suhoe-145,fanagoriya-alta-qortis-saperavi-krasnoe-suhoe-145.webp
Alta Qortis,красное сухое Alta Qortis Фанагория,,Красное сухое,fanagoriya-alta-qortis-saperavi-krasnoe-suhoe-145,fanagoriya-alta-qortis-saperavi-krasnoe-suhoe-145_bottom.webp
Декантер Chardonnay 2020,белое сухое Декантер Chardonnay 2020 Фанагория,Шардоне,Белое сухое,fanagoriya-dekanter-chardonnay-2020-shardone-beloe-suhoe-135,fanagoriya-dekanter-chardonnay-2020-shardone-beloe-suhoe-135.webp
Декантер Chardonnay 2020,белое сухое Декантер Chardonnay 2020 Фанагория,Шардоне,Белое сухое,fanagoriya-dekanter-chardonnay-2020-shardone-beloe-suhoe-135,fanagoriya-dekanter-chardonnay-2020-shardone-beloe-suhoe-135_bottom.webp
Декантер. Каберне Совиньон 2018,красное сухое Декантер. Каберне Совиньон 2018 Фанагория,Каберне Совиньон,Красное сухое,fanagoriya-dekanter-kaberne-sovinon-2018-krasnoe-suhoe-14,fanagoriya-dekanter-kaberne-sovinon-2018-krasnoe-suhoe-14.webp
Декантер. Каберне Совиньон 2018,красное сухое Декантер. Каберне Совиньон 2018 Фанагория,Каберне Совиньон,Красное сухое,fanagoriya-dekanter-kaberne-sovinon-2018-krasnoe-suhoe-14,fanagoriya-dekanter-kaberne-sovinon-2018-krasnoe-suhoe-14_bottom.webp
Декантер. Мерло 2018,красное сухое Декантер. Мерло 2018 Фанагория,Мерло,Красное сухое,fanagoriya-dekanter-merlo-2018-krasnoe-suhoe-14,fanagoriya-dekanter-merlo-2018-krasnoe-suhoe-14.webp
Декантер. Мерло 2018,красное сухое Декантер. Мерло 2018 Фанагория,Мерло,Красное сухое,fanagoriya-dekanter-merlo-2018-krasnoe-suhoe-14,fanagoriya-dekanter-merlo-2018-krasnoe-suhoe-14_bottom.webp
100 оттенков. Шардоне,белое сухое 100 оттенков. Шардоне Фанагория,Шардоне,Белое сухое,fanagoriya-100-ottenkov-shardone-beloe-suhoe-14,fanagoriya-100-ottenkov-shardone-beloe-suhoe-14.webp
100 оттенков. Шардоне,белое сухое 100 оттенков. Шардоне Фанагория,Шардоне,Белое сухое,fanagoriya-100-ottenkov-shardone-beloe-suhoe-14,fanagoriya-100-ottenkov-shardone-beloe-suhoe-14_bottom.webp
Декантер. Каберне Фран 2019,красное сухое Декантер. Каберне Фран 2019 Фанагория,Каберне Фран,Красное сухое,fanagoriya-dekanter-kaberne-fran-2019-krasnoe-suhoe-13,fanagoriya-dekanter-kaberne-fran-2019-krasnoe-suhoe-13.webp
Декантер. Каберне Фран 2019,красное сухое Декантер. Каберне Фран 2019 Фанагория,Каберне Фран,Красное сухое,fanagoriya-dekanter-kaberne-fran-2019-krasnoe-suhoe-13,fanagoriya-dekanter-kaberne-fran-2019-krasnoe-suhoe-13_bottom.webp
100 оттенков красного. Саперави,красное сухое 100 оттенков красного. Саперави Фанагория,Саперави,Красное сухое,fanagoriya-100-ottenkov-krasnogo-saperavi-krasnoe-suhoe-14,fanagoriya-100-ottenkov-krasnogo-saperavi-krasnoe-suhoe-14.webp
100 оттенков красного. Саперави,красное сухое 100 оттенков красного. Саперави Фанагория,Саперави,Красное сухое,fanagoriya-100-ottenkov-krasnogo-saperavi-krasnoe-suhoe-14,fanagoriya-100-ottenkov-krasnogo-saperavi-krasnoe-suhoe-14_bottom.webp
Фанагория. Брют белое,белое брют Фанагория. Брют белое Фанагория,,Белое брют,fanagoriya-fanagoriya-bryut-beloe-sovinon-blan-igristoe-bryut-beloe-11-13,fanagoriya-fanagoriya-bryut-beloe-sovinon-blan-igristoe-bryut-beloe-11-13.webp
Фанагория. Брют белое,белое брют Фанагория. Брют белое Фанагория,,Белое брют,fanagoriya-fanagoriya-bryut-beloe-sovinon-blan-igristoe-bryut-beloe-11-13,fanagoriya-fanagoriya-bryut-beloe-sovinon-blan-igristoe-bryut-beloe-11-13_bottom.webp
Фанагория. Полусладкое розовое,красное полусладкое Фанагория. Полусладкое розовое Фанагория,,Красное полусладкое,fanagoriya-fanagoriya-polusladkoe-rozovoe-sovinon-blan-krasnoe-11-13,fanagoriya-fanagoriya-polusladkoe-rozovoe-sovinon-blan-krasnoe-11-13.webp
Фанагория. Полусладкое розовое,красное полусладкое Фанагория. Полусладкое розовое Фанагория,,Красное полусладкое,fanagoriya-fanagoriya-polusladkoe-rozovoe-sovinon-blan-krasnoe-11-13,fanagoriya-fanagoriya-polusladkoe-rozovoe-sovinon-blan-krasnoe-11-13_bottom.webp
101 оттенок красного. Каберне,красное сухое 101 оттенок красного. Каберне Фанагория,Каберне Совиньон,Красное сухое,fanagoriya-101-ottenok-krasnogo-kaberne-kaberne-sovinon-krasnoe-suhoe-14,fanagoriya-101-ottenok-krasnogo-kaberne-kaberne-sovinon-krasnoe-suhoe-14.webp
101 оттенок красного. Каберне,красное сухое 101 оттенок красного. Каберне Фанагория,Каберне Совиньон,Красное сухое,fanagoriya-101-ottenok-krasnogo-kaberne-kaberne-sovinon-krasnoe-suhoe-14,fanagoriya-101-ottenok-krasnogo-kaberne-kaberne-sovinon-krasnoe-suhoe-14_bottom.webp
Декантер. Саперави 2017,красное сухое Декантер. Саперави 2017 Фанагория,Саперави,Красное сухое,fanagoriya-dekanter-saperavi-2017-krasnoe-suhoe-135,fanagoriya-dekanter-saperavi-2017-krasnoe-suhoe-135.webp
Декантер. Саперави 2017,красное сухое Декантер. Саперави 2017 Фанагория,Саперави,Красное сухое,fanagoriya-dekanter-saperavi-2017-krasnoe-suhoe-135,fanagoriya-dekanter-saperavi-2017-krasnoe-suhoe-135_bottom.webp
Декантер. Ркацители 2019,белое сухое Декантер. Ркацители 2019 Фанагория,Ркацители,Белое сухое,fanagoriya-dekanter-rkatsiteli-2019-beloe-suhoe-135,fanagoriya-dekanter-rkatsiteli-2019-beloe-suhoe-135.webp
Декантер. Ркацители 2019,белое сухое Декантер. Ркацители 2019 Фанагория,Ркацители,Белое сухое,fanagoriya-dekanter-rkatsiteli-2019-beloe-suhoe-135,fanagoriya-dekanter-rkatsiteli-2019-beloe-suhoe-135_bottom.webp
100 оттенков красного. Каберне,красное сухое 100 оттенков красного. Каберне Фанагория,Каберне Совиньон,Красное сухое,fanagoriya-100-ottenkov-krasnogo-kaberne-kaberne-sovinon-krasnoe-suhoe-135,fanagoriya-100-ottenkov-krasnogo-kaberne-kaberne-sovinon-krasnoe-suhoe-135.webp
100 оттенков красного. Каберне,красное сухое 100 оттенков красного. Каберне Фанагория,Каберне Совиньон,Красное сухое,fanagoriya-100-ottenkov-krasnogo-kaberne-kaberne-sovinon-krasnoe-suhoe-135,fanagoriya-100-ottenkov-krasnogo-kaberne-kaberne-sovinon-krasnoe-suhoe-135_bottom.webp
Pelle Calda,красное сухое Pelle Calda Фанагория,Саперави,Красное сухое,fanagoriya-pelle-calda-saperavi-krasnoe-suhoe-155,fanagoriya-pelle-calda-saperavi-krasnoe-suhoe-155.webp
Pelle Calda,красное сухое Pelle Calda Фанагория,Саперави,Красное сухое,fanagoriya-pelle-calda-saperavi-krasnoe-suhoe-155,fanagoriya-pelle-calda-saperavi-krasnoe-suhoe-155_bottom.webp
Rose. Каберне Фран,розовое сухое Rose. Каберне Фран Фанагория,Каберне Фран,Розовое сухое,fanagoriya-rose-kaberne-fran-rozovoe-suhoe-13,fanagoriya-rose-kaberne-fran-rozovoe-suhoe-13.webp
Rose. Каберне Фран,розовое сухое Rose. Каберне Фран Фанагория,Каберне Фран,Розовое сухое,fanagoriya-rose-kaberne-fran-rozovoe-suhoe-13,fanagoriya-rose-kaberne-fran-rozovoe-suhoe-13_bottom.webp
Cru Lermont Рубиновый Магарача,красное сухое Cru Lermont Рубиновый Магарача Фанагория,Рубиновый Магарача,Красное сухое,fanagoriya-cru-lermont-rubinovyy-magaracha-krasnoe-suhoe-13,fanagoriya-cru-lermont-rubinovyy-magaracha-krasnoe-suhoe-13.webp
Cru Lermont Рубиновый Магарача,красное сухое Cru Lermont Рубиновый Магарача Фанагория,Рубиновый Магарача,Красное сухое,fanagoriya-cru-lermont-rubinovyy-magaracha-krasnoe-suhoe-13,fanagoriya-cru-lermont-rubinovyy-magaracha-krasnoe-suhoe-13_bottom.webp
Cru Lermont Cabernet Sauvignon,красное сухое Cru Lermont Cabernet Sauvignon Фанагория,Каберне Совиньон,Красное сухое,fanagoriya-cru-lermont-cabernet-sauvignon-kaberne-sovinon-krasnoe-suhoe-13,fanagoriya-cru-lermont-cabernet-sauvignon-kaberne-sovinon-krasnoe-suhoe-13.webp
Cru Lermont Cabernet Sauvignon,красное сухое Cru Lermont Cabernet Sauvignon Фанагория,Каберне Совиньон,Красное сухое,fanagoriya-cru-lermont-cabernet-sauvignon-kaberne-sovinon-krasnoe-suhoe-13,fanagoriya-cru-lermont-cabernet-sauvignon-kaberne-sovinon-krasnoe-suhoe-13_bottom.webp
Cru Lermont Chardonnay,белое сухое Cru Lermont Chardonnay Фанагория,Шардоне,Белое сухое,fanagoriya-cru-lermont-chardonnay-shardone-beloe-suhoe-14,fanagoriya-cru-lermont-chardonnay-shardone-beloe-suhoe-14.webp
Cru Lermont Chardonnay,белое сухое Cru Lermont Chardonnay Фанагория,Шардоне,Белое сухое,fanagoriya-cru-lermont-chardonnay-shardone-beloe-suhoe-14,fanagoriya-cru-lermont-chardonnay-shardone-beloe-suhoe-14_bottom.webp
Sur Lie Vi Vi,белое сухое Sur Lie Vi Vi Фанагория,,Белое сухое,fanagoriya-sur-lie-vi-vi-aligote-beloe-suhoe-125,fanagoriya-sur-lie-vi-vi-aligote-beloe-suhoe-125.webp
Sur Lie Vi Vi,белое сухое Sur Lie Vi Vi Фанагория,,Белое сухое,fanagoriya-sur-lie-vi-vi-aligote-beloe-suhoe-125,fanagoriya-sur-lie-vi-vi-aligote-beloe-suhoe-125_bottom.webp
Cru Lermont Saperavi,красное сухое Cru Lermont Saperavi Фанагория,Саперави,Красное сухое,fanagoriya-cru-lermont-saperavi-saperavi-krasnoe-suhoe-135,fanagoriya-cru-lermont-saperavi-saperavi-krasnoe-suhoe-135.webp
Cru Lermont Saperavi,красное сухое Cru Lermont Saperavi Фанагория,Саперави,Красное сухое,fanagoriya-cru-lermont-saperavi-saperavi-krasnoe-suhoe-135,fanagoriya-cru-lermont-saperavi-saperavi-krasnoe-suhoe-135_bottom.webp
Sur Lie Chardonnay,белое сухое Sur Lie Chardonnay Фанагория,Шардоне,Белое сухое,fanagoriya-sur-lie-chardonnay-shardone-beloe-suhoe-135,fanagoriya-sur-lie-chardonnay-shardone-beloe-suhoe-135.webp
Sur Lie Chardonnay,белое сухое Sur Lie Chardonnay Фанагория,Шардоне,Белое сухое,fanagoriya-sur-lie-chardonnay-shardone-beloe-suhoe-135,fanagoriya-sur-lie-chardonnay-shardone-beloe-suhoe-135_bottom.webp
Зелёное вино. Рислинг - Цитронный Магарача - Мерло,розовое полусухое Зелёное вино. Рислинг - Цитронный Магарача - Мерло Фанагория,,Розовое полусухое,fanagoriya-zelyonoe-vino-risling-tsitronnyy-magaracha-merlo-rozovoe-polusuhoe-11,fanagoriya-zelyonoe-vino-risling-tsitronnyy-magaracha-merlo-rozovoe-polusuhoe-11.webp
Зелёное вино. Рислинг - Цитронный Магарача - Мерло,розовое полусухое Зелёное вино. Рислинг - Цитронный Магарача - Мерло Фанагория,,Розовое полусухое,fanagoriya-zelyonoe-vino-risling-tsitronnyy-magaracha-merlo-rozovoe-polusuhoe-11,fanagoriya-zelyonoe-vino-risling-tsitronnyy-magaracha-merlo-rozovoe-polusuhoe-11_bottom.webp
Cru Lermont Merlo,красное сухое Cru Lermont Merlo Фанагория,Мерло,Красное сухое,fanagoriya-cru-lermont-merlo-merlo-krasnoe-suhoe-14,fanagoriya-cru-lermont-merlo-merlo-krasnoe-suhoe-14.webp
Cru Lermont Merlo,красное сухое Cru Lermont Merlo Фанагория,Мерло,Красное сухое,fanagoriya-cru-lermont-merlo-merlo-krasnoe-suhoe-14,fanagoriya-cru-lermont-merlo-merlo-krasnoe-suhoe-14_bottom.webp
Зелёное вино. Рислинг - Цитронный Магарача,белое полусухое Зелёное вино. Рислинг - Цитронный Магарача Фанагория,,Белое полусухое,fanagoriya-zelyonoe-vino-risling-tsitronnyy-magaracha-beloe-polusuhoe-11,fanagoriya-zelyonoe-vino-risling-tsitronnyy-magaracha-beloe-polusuhoe-11.webp
Зелёное вино. Рислинг - Цитронный Магарача,белое полусухое Зелёное вино. Рислинг - Цитронный Магарача Фанагория,,Белое полусухое,fanagoriya-zelyonoe-vino-risling-tsitronnyy-magaracha-beloe-polusuhoe-11,fanagoriya-zelyonoe-vino-risling-tsitronnyy-magaracha-beloe-polusuhoe-11_bottom.webp
Ice Wine Саперави тихое,красное сладкое Ice Wine Саперави тихое Фанагория,Саперави,Красное сладкое,fanagoriya-ice-wine-saperavi-tihoe-krasnoe-sladkoe-10,fanagoriya-ice-wine-saperavi-tihoe-krasnoe-sladkoe-10.webp
Ice Wine Саперави тихое,красное сладкое Ice Wine Саперави тихое Фанагория,Саперави,Красное сладкое,fanagoriya-ice-wine-saperavi-tihoe-krasnoe-sladkoe-10,fanagoriya-ice-wine-saperavi-tihoe-krasnoe-sladkoe-10_bottom.webp
Ice Wine Каберне,красное сладкое Ice Wine Каберне Фанагория,Каберне Совиньон,Красное сладкое,fanagoriya-ice-wine-kaberne-kaberne-sovinon-krasnoe-sladkoe-11,fanagoriya-ice-wine-kaberne-kaberne-sovinon-krasnoe-sladkoe-11.webp
Ice Wine Каберне,красное сладкое Ice Wine Каберне Фанагория,Каберне Совиньон,Красное сладкое,fanagoriya-ice-wine-kaberne-kaberne-sovinon-krasnoe-sladkoe-11,fanagoriya-ice-wine-kaberne-kaberne-sovinon-krasnoe-sladkoe-11_bottom.webp
Ice Wine Рислинг тихое,белое сладкое Ice Wine Рислинг тихое Фанагория,Рислинг,Белое сладкое,fanagoriya-ice-wine-risling-tihoe-beloe-sladkoe-10,fanagoriya-ice-wine-risling-tihoe-beloe-sladkoe-10.webp
Ice Wine Рислинг тихое,белое сладкое Ice Wine Рислинг тихое Фанагория,Рислинг,Белое сладкое,fanagoriya-ice-wine-risling-tihoe-beloe-sladkoe-10,fanagoriya-ice-wine-risling-tihoe-beloe-sladkoe-10_bottom.webp
Cru Lermont Cabernet Franc,красное сухое Cru Lermont Cabernet Franc Фанагория,Каберне Фран,Красное сухое,fanagoriya-cru-lermont-cabernet-franc-kaberne-fran-krasnoe-suhoe-13,fanagoriya-cru-lermont-cabernet-franc-kaberne-fran-krasnoe-suhoe-13.webp
Cru Lermont Cabernet Franc,красное сухое Cru Lermont Cabernet Franc Фанагория,Каберне Фран,Красное сухое,fanagoriya-cru-lermont-cabernet-franc-kaberne-fran-krasnoe-suhoe-13,fanagoriya-cru-lermont-cabernet-franc-kaberne-fran-krasnoe-suhoe-13_bottom.webp
Rose. Каберне Совиньон,розовое полусухое Rose. Каберне Совиньон Фанагория,Каберне Совиньон,Розовое полусухое,fanagoriya-rose-kaberne-sovinon-rozovoe-polusuhoe-13,fanagoriya-rose-kaberne-sovinon-rozovoe-polusuhoe-13.webp
Rose. Каберне Совиньон,розовое полусухое Rose. Каберне Совиньон Фанагория,Каберне Совиньон,Розовое полусухое,fanagoriya-rose-kaberne-sovinon-rozovoe-polusuhoe-13,fanagoriya-rose-kaberne-sovinon-rozovoe-polusuhoe-13_bottom.webp
Cru Lermont Pinot Noir,красное сухое Cru Lermont Pinot Noir Фанагория,Пино Нуар,Красное сухое,fanagoriya-cru-lermont-pinot-noir-pino-nuar-krasnoe-suhoe-13,fanagoriya-cru-lermont-pinot-noir-pino-nuar-krasnoe-suhoe-13.webp
Cru Lermont Pinot Noir,красное сухое Cru Lermont Pinot Noir Фанагория,Пино Нуар,Красное сухое,fanagoriya-cru-lermont-pinot-noir-pino-nuar-krasnoe-suhoe-13,fanagoriya-cru-lermont-pinot-noir-pino-nuar-krasnoe-suhoe-13_bottom.webp
Ice Wine Мерло розовое,розовое сладкое Ice Wine Мерло розовое Фанагория,Мерло,Розовое сладкое,fanagoriya-ice-wine-merlo-rozovoe-sladkoe-10,fanagoriya-ice-wine-merlo-rozovoe-sladkoe-10.webp
Ice Wine Мерло розовое,розовое сладкое Ice Wine Мерло розовое Фанагория,Мерло,Розовое сладкое,fanagoriya-ice-wine-merlo-rozovoe-sladkoe-10,fanagoriya-ice-wine-merlo-rozovoe-sladkoe-10_bottom.webp
Rose. Саперави,розовое полусухое Rose. Саперави Фанагория,Саперави,Розовое полусухое,fanagoriya-rose-saperavi-rozovoe-polusuhoe-125,fanagoriya-rose-saperavi-rozovoe-polusuhoe-125.webp
Rose. Саперави,розовое полусухое Rose. Саперави Фанагория,Саперави,Розовое полусухое,fanagoriya-rose-saperavi-rozovoe-polusuhoe-125,fanagoriya-rose-saperavi-rozovoe-polusuhoe-125_bottom.webp
Cru Lermont Petit Verdot,красное сухое Cru Lermont Petit Verdot Фанагория,Пти Вердо,Красное сухое,fanagoriya-cru-lermont-petit-verdot-pti-verdo-krasnoe-suhoe-13,fanagoriya-cru-lermont-petit-verdot-pti-verdo-krasnoe-suhoe-13.webp
Cru Lermont Petit Verdot,красное сухое Cru Lermont Petit Verdot Фанагория,Пти Вердо,Красное сухое,fanagoriya-cru-lermont-petit-verdot-pti-verdo-krasnoe-suhoe-13,fanagoriya-cru-lermont-petit-verdot-pti-verdo-krasnoe-suhoe-13_bottom.webp
Solera. Porto Negro,красное сухое Solera. Porto Negro Фанагория,Саперави,Красное сухое,fanagoriya-solera-porto-negro-saperavi-krasnoe-suhoe-15,fanagoriya-solera-porto-negro-saperavi-krasnoe-suhoe-15.webp
Solera. Porto Negro,красное сухое Solera. Porto Negro Фанагория,Саперави,Красное сухое,fanagoriya-solera-porto-negro-saperavi-krasnoe-suhoe-15,fanagoriya-solera-porto-negro-saperavi-krasnoe-suhoe-15_bottom.webp
Par Amour,белое полусухое Par Amour Фанагория,,Белое полусухое,fanagoriya-par-amour-pervenets-magaracha-beloe-polusuhoe-105-125,fanagoriya-par-amour-pervenets-magaracha-beloe-polusuhoe-105-125.webp
Par Amour,белое полусухое Par Amour Фанагория,,Белое полусухое,fanagoriya-par-amour-pervenets-magaracha-beloe-polusuhoe-105-125,fanagoriya-par-amour-pervenets-magaracha-beloe-polusuhoe-105-125_bottom.webp
Скалистый берег. Каберне Совиньон,красное сухое Скалистый берег. Каберне Совиньон Скалистый берег,Каберне Совиньон,Красное сухое,skalistyy-bereg-skalistyy-bereg-kaberne-sovinon-krasnoe-suhoe-15,skalistyy-bereg-skalistyy-bereg-kaberne-sovinon-krasnoe-suhoe-15.webp
Скалистый берег. Каберне Совиньон,красное сухое Скалистый берег. Каберне Совиньон Скалистый берег,Каберне Совиньон,Красное сухое,skalistyy-bereg-skalistyy-bereg-kaberne-sovinon-krasnoe-suhoe-15,skalistyy-bereg-skalistyy-bereg-kaberne-sovinon-krasnoe-suhoe-15_bottom.webp
Par Amour,розовое полусухое Par Amour Фанагория,,Розовое полусухое,fanagoriya-par-amour-pervenets-magaracha-rozovoe-polusuhoe-105-125,fanagoriya-par-amour-pervenets-magaracha-rozovoe-polusuhoe-105-125.webp
Par Amour,розовое полусухое Par Amour Фанагория,,Розовое полусухое,fanagoriya-par-amour-pervenets-magaracha-rozovoe-polusuhoe-105-125,fanagoriya-par-amour-pervenets-magaracha-rozovoe-polusuhoe-105-125_bottom.webp
Скалистый берег. Каберне Фран,красное сухое Скалистый берег. Каберне Фран Скалистый берег,Каберне Фран,Красное сухое,skalistyy-bereg-skalistyy-bereg-kaberne-fran-krasnoe-suhoe-15,skalistyy-bereg-skalistyy-bereg-kaberne-fran-krasnoe-suhoe-15.webp
Скалистый берег. Каберне Фран,красное сухое Скалистый берег. Каберне Фран Скалистый берег,Каберне Фран,Красное сухое,skalistyy-bereg-skalistyy-bereg-kaberne-fran-krasnoe-suhoe-15,skalistyy-bereg-skalistyy-bereg-kaberne-fran-krasnoe-suhoe-15_bottom.webp
Par Amour,белое полусладкое Par Amour Фанагория,,Белое полусладкое,fanagoriya-par-amour-pervenets-magaracha-beloe-polusladkoe-105-125,fanagoriya-par-amour-pervenets-magaracha-beloe-polusladkoe-105-125.webp
Par Amour,белое полусладкое Par Amour Фанагория,,Белое полусладкое,fanagoriya-par-amour-pervenets-magaracha-beloe-polusladkoe-105-125,fanagoriya-par-amour-pervenets-magaracha-beloe-polusladkoe-105-125_bottom.webp
Скалистый берег. Рислинг,белое сухое Скалистый берег. Рислинг Скалистый берег,Рислинг,Белое сухое,skalistyy-bereg-skalistyy-bereg-risling-beloe-suhoe-113,skalistyy-bereg-skalistyy-bereg-risling-beloe-suhoe-113.webp
Скалистый берег. Рислинг,белое сухое Скалистый берег. Рислинг Скалистый берег,Рислинг,Белое сухое,skalistyy-bereg-skalistyy-bereg-risling-beloe-suhoe-113,skalistyy-bereg-skalistyy-bereg-risling-beloe-suhoe-113_bottom.webp
Скалистый берег. Шардоне,белое сухое Скалистый берег. Шардоне Скалистый берег,Шардоне,Белое сухое,skalistyy-bereg-skalistyy-bereg-shardone-beloe-suhoe-135,skalistyy-bereg-skalistyy-bereg-shardone-beloe-suhoe-135.webp
Скалистый берег. Шардоне,белое сухое Скалистый берег. Шардоне Скалистый берег,Шардоне,Белое сухое,skalistyy-bereg-skalistyy-bereg-shardone-beloe-suhoe-135,skalistyy-bereg-skalistyy-bereg-shardone-beloe-suhoe-135_bottom.webp
Скалистый берег. Пино Нуар,красное сухое Скалистый берег. Пино Нуар Скалистый берег,Пино Нуар,Красное сухое,skalistyy-bereg-skalistyy-bereg-pino-nuar-krasnoe-suhoe-13,skalistyy-bereg-skalistyy-bereg-pino-nuar-krasnoe-suhoe-13.webp
Скалистый берег. Пино Нуар,красное сухое Скалистый берег. Пино Нуар Скалистый берег,Пино Нуар,Красное сухое,skalistyy-bereg-skalistyy-bereg-pino-nuar-krasnoe-suhoe-13,skalistyy-bereg-skalistyy-bereg-pino-nuar-krasnoe-suhoe-13_bottom.webp
RS. Noir,красное полусладкое RS. Noir Фанагория,Саперави,Красное полусладкое,fanagoriya-rs-noir-saperavi-krasnoe-polusladkoe-125,fanagoriya-rs-noir-saperavi-krasnoe-polusladkoe-125.webp
RS. Noir,красное полусладкое RS. Noir Фанагория,Саперави,Красное полусладкое,fanagoriya-rs-noir-saperavi-krasnoe-polusladkoe-125,fanagoriya-rs-noir-saperavi-krasnoe-polusladkoe-125_bottom.webp
Solera. Moscatel Oro,белое сухое Solera. Moscatel Oro Фанагория,Мускат Оттонель,Белое сухое,fanagoriya-solera-moscatel-oro-muskat-ottonel-beloe-suhoe-16,fanagoriya-solera-moscatel-oro-muskat-ottonel-beloe-suhoe-16.webp
Solera. Moscatel Oro,белое сухое Solera. Moscatel Oro Фанагория,Мускат Оттонель,Белое сухое,fanagoriya-solera-moscatel-oro-muskat-ottonel-beloe-suhoe-16,fanagoriya-solera-moscatel-oro-muskat-ottonel-beloe-suhoe-16_bottom.webp
Velvet Season,белое сладкое Velvet Season Фанагория,Мускат Оттонель,Белое сладкое,fanagoriya-velvet-season-muskat-ottonel-beloe-sladkoe-13,fanagoriya-velvet-season-muskat-ottonel-beloe-sladkoe-13.webp
Velvet Season,белое сладкое Velvet Season Фанагория,Мускат Оттонель,Белое сладкое,fanagoriya-velvet-season-muskat-ottonel-beloe-sladkoe-13,fanagoriya-velvet-season-muskat-ottonel-beloe-sladkoe-13_bottom.webp
Velvet Season,белое сладкое Velvet Season Фанагория,Рислинг,Белое сладкое,fanagoriya-velvet-season-risling-beloe-sladkoe-12,fanagoriya-velvet-season-risling-beloe-sladkoe-12.webp
Velvet Season,белое сладкое Velvet Season Фанагория,Рислинг,Белое сладкое,fanagoriya-velvet-season-risling-beloe-sladkoe-12,fanagoriya-velvet-season-risling-beloe-sladkoe-12_bottom.webp
Скалистый берег. Красная книга. Глава 2,красное сухое Скалистый берег. Красная книга. Глава 2 Скалистый берег,,Красное сухое,skalistyy-bereg-skalistyy-bereg-krasnaya-kniga-glava-2-merlo-krasnoe-suhoe-15,skalistyy-bereg-skalistyy-bereg-krasnaya-kniga-glava-2-merlo-krasnoe-suhoe-15.webp
Скалистый берег. Красная книга. Глава 2,красное сухое Скалистый берег. Красная книга. Глава 2 Скалистый берег,,Красное сухое,skalistyy-bereg-skalistyy-bereg-krasnaya-kniga-glava-2-merlo-krasnoe-suhoe-15,skalistyy-bereg-skalistyy-bereg-krasnaya-kniga-glava-2-merlo-krasnoe-suhoe-15_bottom.webp
Solera. Saperavi Ruby,красное сухое Solera. Saperavi Ruby Фанагория,,Красное сухое,fanagoriya-solera-saperavi-ruby-saperavi-krasnoe-suhoe-16,fanagoriya-solera-saperavi-ruby-saperavi-krasnoe-suhoe-16.webp
Solera. Saperavi Ruby,красное сухое Solera. Saperavi Ruby Фанагория,,Красное сухое,fanagoriya-solera-saperavi-ruby-saperavi-krasnoe-suhoe-16,fanagoriya-solera-saperavi-ruby-saperavi-krasnoe-suhoe-16_bottom.webp
Solera. Rkatsiteli Ambra,белое сухое Solera. Rkatsiteli Ambra Фанагория,Ркацители,Белое сухое,fanagoriya-solera-rkatsiteli-ambra-rkatsiteli-beloe-suhoe-15,fanagoriya-solera-rkatsiteli-ambra-rkatsiteli-beloe-suhoe-15.webp
Solera. Rkatsiteli Ambra,белое сухое Solera. Rkatsiteli Ambra Фанагория,Ркацители,Белое сухое,fanagoriya-solera-rkatsiteli-ambra-rkatsiteli-beloe-suhoe-15,fanagoriya-solera-rkatsiteli-ambra-rkatsiteli-beloe-suhoe-15_bottom.webp
Скалистый берег. Красностоп Золотовский,красное сухое Скалистый берег. Красностоп Золотовский Скалистый берег,Красностоп Золотовский,Красное сухое,skalistyy-bereg-skalistyy-bereg-krasnostop-zolotovskiy-krasnoe-suhoe-133,skalistyy-bereg-skalistyy-bereg-krasnostop-zolotovskiy-krasnoe-suhoe-133.webp
Скалистый берег. Красностоп Золотовский,красное сухое Скалистый берег. Красностоп Золотовский Скалистый берег,Красностоп Золотовский,Красное сухое,skalistyy-bereg-skalistyy-bereg-krasnostop-zolotovskiy-krasnoe-suhoe-133,skalistyy-bereg-skalistyy-bereg-krasnostop-zolotovskiy-krasnoe-suhoe-133_bottom.webp
Каберне Фран,"красное сухое Каберне Фран Донское винодельческое хозяйство ""Эльбузд""",Каберне Фран,Красное сухое,donskoe-vinodelcheskoe-hozyaystvo-elbuzd-kaberne-fran-krasnoe-suhoe-13,donskoe-vinodelcheskoe-hozyaystvo-elbuzd-kaberne-fran-krasnoe-suhoe-13.webp
Каберне Фран,"красное сухое Каберне Фран Донское винодельческое хозяйство ""Эльбузд""",Каберне Фран,Красное сухое,donskoe-vinodelcheskoe-hozyaystvo-elbuzd-kaberne-fran-krasnoe-suhoe-13,donskoe-vinodelcheskoe-hozyaystvo-elbuzd-kaberne-fran-krasnoe-suhoe-13_bottom.webp
Пино Нуар,"красное сухое Пино Нуар Донское винодельческое хозяйство ""Эльбузд""",Пино Нуар,Красное сухое,donskoe-vinodelcheskoe-hozyaystvo-elbuzd-pino-nuar-krasnoe-suhoe-13,donskoe-vinodelcheskoe-hozyaystvo-elbuzd-pino-nuar-krasnoe-suhoe-13.webp
Пино Нуар,"красное сухое Пино Нуар Донское винодельческое хозяйство ""Эльбузд""",Пино Нуар,Красное сухое,donskoe-vinodelcheskoe-hozyaystvo-elbuzd-pino-nuar-krasnoe-suhoe-13,donskoe-vinodelcheskoe-hozyaystvo-elbuzd-pino-nuar-krasnoe-suhoe-13_bottom.webp
Ветер в травах,красное сухое Ветер в травах Скалистый берег,,Красное сухое,skalistyy-bereg-veter-v-travah-kaberne-fran-krasnoe-suhoe-13,skalistyy-bereg-veter-v-travah-kaberne-fran-krasnoe-suhoe-13.webp
Ветер в травах,красное сухое Ветер в травах Скалистый берег,,Красное сухое,skalistyy-bereg-veter-v-travah-kaberne-fran-krasnoe-suhoe-13,skalistyy-bereg-veter-v-travah-kaberne-fran-krasnoe-suhoe-13_bottom.webp
Мерло,"красное сухое Мерло Донское винодельческое хозяйство ""Эльбузд""",Мерло,Красное сухое,donskoe-vinodelcheskoe-hozyaystvo-elbuzd-merlo-krasnoe-suhoe-13,donskoe-vinodelcheskoe-hozyaystvo-elbuzd-merlo-krasnoe-suhoe-13.webp
Мерло,"красное сухое Мерло Донское винодельческое хозяйство ""Эльбузд""",Мерло,Красное сухое,donskoe-vinodelcheskoe-hozyaystvo-elbuzd-merlo-krasnoe-suhoe-13,donskoe-vinodelcheskoe-hozyaystvo-elbuzd-merlo-krasnoe-suhoe-13_bottom.webp
Песнь холмов,красное сухое Песнь холмов Скалистый берег,,Красное сухое,skalistyy-bereg-pesn-holmov-merlo-krasnoe-suhoe-145,skalistyy-bereg-pesn-holmov-merlo-krasnoe-suhoe-145.webp
Песнь холмов,красное сухое Песнь холмов Скалистый берег,,Красное сухое,skalistyy-bereg-pesn-holmov-merlo-krasnoe-suhoe-145,skalistyy-bereg-pesn-holmov-merlo-krasnoe-suhoe-145_bottom.webp
Совиньон Блан,"белое сухое Совиньон Блан Донское винодельческое хозяйство ""Эльбузд""",Совиньон Блан,Белое сухое,donskoe-vinodelcheskoe-hozyaystvo-elbuzd-sovinon-blan-beloe-suhoe-12,donskoe-vinodelcheskoe-hozyaystvo-elbuzd-sovinon-blan-beloe-suhoe-12.webp
Совиньон Блан,"белое сухое Совиньон Блан Донское винодельческое хозяйство ""Эльбузд""",Совиньон Блан,Белое сухое,donskoe-vinodelcheskoe-hozyaystvo-elbuzd-sovinon-blan-beloe-suhoe-12,donskoe-vinodelcheskoe-hozyaystvo-elbuzd-sovinon-blan-beloe-suhoe-12_bottom.webp
Дыхание волн,белое сухое Дыхание волн Скалистый берег,,Белое сухое,skalistyy-bereg-dyhanie-voln-shardone-beloe-suhoe-121,skalistyy-bereg-dyhanie-voln-shardone-beloe-suhoe-121.webp
Дыхание волн,белое сухое Дыхание волн Скалистый берег,,Белое сухое,skalistyy-bereg-dyhanie-voln-shardone-beloe-suhoe-121,skalistyy-bereg-dyhanie-voln-shardone-beloe-suhoe-121_bottom.webp
Шёпот цветов,белое сухое Шёпот цветов Скалистый берег,,Белое сухое,skalistyy-bereg-shyopot-tsvetov-risling-beloe-suhoe-109,skalistyy-bereg-shyopot-tsvetov-risling-beloe-suhoe-109.webp
Шёпот цветов,белое сухое Шёпот цветов Скалистый берег,,Белое сухое,skalistyy-bereg-shyopot-tsvetov-risling-beloe-suhoe-109,skalistyy-bereg-shyopot-tsvetov-risling-beloe-suhoe-109_bottom.webp
Мелодия лета,розовое сухое Мелодия лета Скалистый берег,,Розовое сухое,skalistyy-bereg-melodiya-leta-krasnostop-zolotovskiy-rozovoe-suhoe-126,skalistyy-bereg-melodiya-leta-krasnostop-zolotovskiy-rozovoe-suhoe-126.webp
Мелодия лета,розовое сухое Мелодия лета Скалистый берег,,Розовое сухое,skalistyy-bereg-melodiya-leta-krasnostop-zolotovskiy-rozovoe-suhoe-126,skalistyy-bereg-melodiya-leta-krasnostop-zolotovskiy-rozovoe-suhoe-126_bottom.webp
Шардоне,"белое сухое Шардоне Донское винодельческое хозяйство ""Эльбузд""",Шардоне,Белое сухое,donskoe-vinodelcheskoe-hozyaystvo-elbuzd-shardone-beloe-suhoe-13,donskoe-vinodelcheskoe-hozyaystvo-elbuzd-shardone-beloe-suhoe-13.webp
Шардоне,"белое сухое Шардоне Донское винодельческое хозяйство ""Эльбузд""",Шардоне,Белое сухое,donskoe-vinodelcheskoe-hozyaystvo-elbuzd-shardone-beloe-suhoe-13,donskoe-vinodelcheskoe-hozyaystvo-elbuzd-shardone-beloe-suhoe-13_bottom.webp
Рислинг,"белое сухое Рислинг Донское винодельческое хозяйство ""Эльбузд""",Рислинг,Белое сухое,donskoe-vinodelcheskoe-hozyaystvo-elbuzd-risling-beloe-suhoe-12,donskoe-vinodelcheskoe-hozyaystvo-elbuzd-risling-beloe-suhoe-12.webp
Рислинг,"белое сухое Рислинг Донское винодельческое хозяйство ""Эльбузд""",Рислинг,Белое сухое,donskoe-vinodelcheskoe-hozyaystvo-elbuzd-risling-beloe-suhoe-12,donskoe-vinodelcheskoe-hozyaystvo-elbuzd-risling-beloe-suhoe-12_bottom.webp
"Шишка. Мерло, Вионье","розовое сухое Шишка. Мерло, Вионье Усадьба Мезыбь",,Розовое сухое,usadba-mezyb-shishka-merlo-vione-rozovoe-suhoe-125,usadba-mezyb-shishka-merlo-vione-rozovoe-suhoe-125.webp
"Шишка. Мерло, Вионье","розовое сухое Шишка. Мерло, Вионье Усадьба Мезыбь",,Розовое сухое,usadba-mezyb-shishka-merlo-vione-rozovoe-suhoe-125,usadba-mezyb-shishka-merlo-vione-rozovoe-suhoe-125_bottom.webp
Шишка. Саперави,красное сухое Шишка. Саперави Усадьба Мезыбь,,Красное сухое,usadba-mezyb-shishka-saperavi-krasnoe-suhoe-13,usadba-mezyb-shishka-saperavi-krasnoe-suhoe-13.webp
Шишка. Саперави,красное сухое Шишка. Саперави Усадьба Мезыбь,,Красное сухое,usadba-mezyb-shishka-saperavi-krasnoe-suhoe-13,usadba-mezyb-shishka-saperavi-krasnoe-suhoe-13_bottom.webp
Шишка. Оранж,белое сухое Шишка. Оранж Усадьба Мезыбь,,Белое сухое,usadba-mezyb-shishka-oranzh-shardone-beloe-suhoe-127,usadba-mezyb-shishka-oranzh-shardone-beloe-suhoe-127.webp
Шишка. Оранж,белое сухое Шишка. Оранж Усадьба Мезыбь,,Белое сухое,usadba-mezyb-shishka-oranzh-shardone-beloe-suhoe-127,usadba-mezyb-shishka-oranzh-shardone-beloe-suhoe-127_bottom.webp
Шишка. Карбоника. Каберне Фран,красное сухое Шишка. Карбоника. Каберне Фран Усадьба Мезыбь,Каберне Фран,Красное сухое,usadba-mezyb-shishka-karbonika-kaberne-fran-krasnoe-suhoe-143,usadba-mezyb-shishka-karbonika-kaberne-fran-krasnoe-suhoe-143.webp
Шишка. Карбоника. Каберне Фран,красное сухое Шишка. Карбоника. Каберне Фран Усадьба Мезыбь,Каберне Фран,Красное сухое,usadba-mezyb-shishka-karbonika-kaberne-fran-krasnoe-suhoe-143,usadba-mezyb-shishka-karbonika-kaberne-fran-krasnoe-suhoe-143_bottom.webp
"Шишка. Шенен Блан, Совиньон Блан","белое сухое Шишка. Шенен Блан, Совиньон Блан Усадьба Мезыбь",,Белое сухое,usadba-mezyb-shishka-shenen-blan-sovinon-blan-beloe-suhoe-126,usadba-mezyb-shishka-shenen-blan-sovinon-blan-beloe-suhoe-126.webp
"Шишка. Шенен Блан, Совиньон Блан","белое сухое Шишка. Шенен Блан, Совиньон Блан Усадьба Мезыбь",,Белое сухое,usadba-mezyb-shishka-shenen-blan-sovinon-blan-beloe-suhoe-126,usadba-mezyb-shishka-shenen-blan-sovinon-blan-beloe-suhoe-126_bottom.webp
"Мезыбь. Каберне Совиньон, Каберне Фран","красное сухое Мезыбь. Каберне Совиньон, Каберне Фран Усадьба Мезыбь",,Красное сухое,usadba-mezyb-mezyb-kaberne-sovinon-kaberne-fran-krasnoe-suhoe-14,usadba-mezyb-mezyb-kaberne-sovinon-kaberne-fran-krasnoe-suhoe-14.webp
"Мезыбь. Каберне Совиньон, Каберне Фран","красное сухое Мезыбь. Каберне Совиньон, Каберне Фран Усадьба Мезыбь",,Красное сухое,usadba-mezyb-mezyb-kaberne-sovinon-kaberne-fran-krasnoe-suhoe-14,usadba-mezyb-mezyb-kaberne-sovinon-kaberne-fran-krasnoe-suhoe-14_bottom.webp
Мезыбь. Вионье,белое сухое Мезыбь. Вионье Усадьба Мезыбь,Вионье,Белое сухое,usadba-mezyb-mezyb-vione-beloe-suhoe-13,usadba-mezyb-mezyb-vione-beloe-suhoe-13.webp
Мезыбь. Вионье,белое сухое Мезыбь. Вионье Усадьба Мезыбь,Вионье,Белое сухое,usadba-mezyb-mezyb-vione-beloe-suhoe-13,usadba-mezyb-mezyb-vione-beloe-suhoe-13_bottom.webp
"Мезыбь. Каберне Совиньон, Каберне фран, Вионье","розовое сухое Мезыбь. Каберне Совиньон, Каберне фран, Вионье Усадьба Мезыбь",,Розовое сухое,usadba-mezyb-mezyb-kaberne-sovinon-kaberne-fran-vione-rozovoe-suhoe-133,usadba-mezyb-mezyb-kaberne-sovinon-kaberne-fran-vione-rozovoe-suhoe-133.webp
"Мезыбь. Каберне Совиньон, Каберне фран, Вионье","розовое сухое Мезыбь. Каберне Совиньон, Каберне фран, Вионье Усадьба Мезыбь",,Розовое сухое,usadba-mezyb-mezyb-kaberne-sovinon-kaberne-fran-vione-rozovoe-suhoe-133,usadba-mezyb-mezyb-kaberne-sovinon-kaberne-fran-vione-rozovoe-suhoe-133_bottom.webp
Шишка. Пино Нуар,розовое сухое Шишка. Пино Нуар Усадьба Мезыбь,Пино Нуар,Розовое сухое,usadba-mezyb-shishka-pino-nuar-rozovoe-suhoe-115,usadba-mezyb-shishka-pino-nuar-rozovoe-suhoe-115.webp
Шишка. Пино Нуар,розовое сухое Шишка. Пино Нуар Усадьба Мезыбь,Пино Нуар,Розовое сухое,usadba-mezyb-shishka-pino-nuar-rozovoe-suhoe-115,usadba-mezyb-shishka-pino-nuar-rozovoe-suhoe-115_bottom.webp
Мезыбь Каберне Совиньон,красное сухое Мезыбь Каберне Совиньон Усадьба Мезыбь,Каберне Совиньон,Красное сухое,usadba-mezyb-mezyb-kaberne-sovinon-krasnoe-suhoe-145,usadba-mezyb-mezyb-kaberne-sovinon-krasnoe-suhoe-145.webp
Мезыбь Каберне Совиньон,красное сухое Мезыбь Каберне Совиньон Усадьба Мезыбь,Каберне Совиньон,Красное сухое,usadba-mezyb-mezyb-kaberne-sovinon-krasnoe-suhoe-145,usadba-mezyb-mezyb-kaberne-sovinon-krasnoe-suhoe-145_bottom.webp
Шишка. Шенен Блан,белое сухое Шишка. Шенен Блан Усадьба Мезыбь,Шенен Блан,Белое сухое,usadba-mezyb-shishka-shenen-blan-beloe-suhoe-13,usadba-mezyb-shishka-shenen-blan-beloe-suhoe-13.webp
Шишка. Шенен Блан,белое сухое Шишка. Шенен Блан Усадьба Мезыбь,Шенен Блан,Белое сухое,usadba-mezyb-shishka-shenen-blan-beloe-suhoe-13,usadba-mezyb-shishka-shenen-blan-beloe-suhoe-13_bottom.webp
Шишка. Совиньон Блан,белое сухое Шишка. Совиньон Блан Усадьба Мезыбь,Совиньон Блан,Белое сухое,usadba-mezyb-shishka-sovinon-blan-beloe-suhoe-12,usadba-mezyb-shishka-sovinon-blan-beloe-suhoe-12.webp
Шишка. Совиньон Блан,белое сухое Шишка. Совиньон Блан Усадьба Мезыбь,Совиньон Блан,Белое сухое,usadba-mezyb-shishka-sovinon-blan-beloe-suhoe-12,usadba-mezyb-shishka-sovinon-blan-beloe-suhoe-12_bottom.webp
Мезыбь Мерло,красное сухое Мезыбь Мерло Усадьба Мезыбь,Мерло,Красное сухое,usadba-mezyb-mezyb-merlo-krasnoe-suhoe-145,usadba-mezyb-mezyb-merlo-krasnoe-suhoe-145.webp
Мезыбь Мерло,красное сухое Мезыбь Мерло Усадьба Мезыбь,Мерло,Красное сухое,usadba-mezyb-mezyb-merlo-krasnoe-suhoe-145,usadba-mezyb-mezyb-merlo-krasnoe-suhoe-145_bottom.webp
"Усадьба Мезыбь. Красностоп, Саперави","красное сухое Усадьба Мезыбь. Красностоп, Саперави Усадьба Мезыбь",,Красное сухое,usadba-mezyb-usadba-mezyb-krasnostop-saperavi-krasnoe-suhoe-127,usadba-mezyb-usadba-mezyb-krasnostop-saperavi-krasnoe-suhoe-127.webp
"Усадьба Мезыбь. Красностоп, Саперави","красное сухое Усадьба Мезыбь. Красностоп, Саперави Усадьба Мезыбь",,Красное сухое,usadba-mezyb-usadba-mezyb-krasnostop-saperavi-krasnoe-suhoe-127,usadba-mezyb-usadba-mezyb-krasnostop-saperavi-krasnoe-suhoe-127_bottom.webp
Усадьба Мезыбь. Каберне Фран,красное сухое Усадьба Мезыбь. Каберне Фран Усадьба Мезыбь,Каберне Фран,Красное сухое,usadba-mezyb-usadba-mezyb-kaberne-fran-krasnoe-suhoe-145,usadba-mezyb-usadba-mezyb-kaberne-fran-krasnoe-suhoe-145.webp
Усадьба Мезыбь. Каберне Фран,красное сухое Усадьба Мезыбь. Каберне Фран Усадьба Мезыбь,Каберне Фран,Красное сухое,usadba-mezyb-usadba-mezyb-kaberne-fran-krasnoe-suhoe-145,usadba-mezyb-usadba-mezyb-kaberne-fran-krasnoe-suhoe-145_bottom.webp
Усадьба Мезыбь. Вионье,белое сухое Усадьба Мезыбь. Вионье Усадьба Мезыбь,Вионье,Белое сухое,usadba-mezyb-usadba-mezyb-vione-beloe-suhoe-118,usadba-mezyb-usadba-mezyb-vione-beloe-suhoe-118.webp
Усадьба Мезыбь. Вионье,белое сухое Усадьба Мезыбь. Вионье Усадьба Мезыбь,Вионье,Белое сухое,usadba-mezyb-usadba-mezyb-vione-beloe-suhoe-118,usadba-mezyb-usadba-mezyb-vione-beloe-suhoe-118_bottom.webp
Усадьба Мезыбь. Розе Каберне Совиньон,розовое сухое Усадьба Мезыбь. Розе Каберне Совиньон Усадьба Мезыбь,Каберне Совиньон,Розовое сухое,usadba-mezyb-usadba-mezyb-roze-kaberne-sovinon-rozovoe-suhoe-135,usadba-mezyb-usadba-mezyb-roze-kaberne-sovinon-rozovoe-suhoe-135.webp
Усадьба Мезыбь. Розе Каберне Совиньон,розовое сухое Усадьба Мезыбь. Розе Каберне Совиньон Усадьба Мезыбь,Каберне Совиньон,Розовое сухое,usadba-mezyb-usadba-mezyb-roze-kaberne-sovinon-rozovoe-suhoe-135,usadba-mezyb-usadba-mezyb-roze-kaberne-sovinon-rozovoe-suhoe-135_bottom.webp
"Усадьба Мезыбь. Каберне Совиньон, Каберне Фран, Мерло","красное сухое Усадьба Мезыбь. Каберне Совиньон, Каберне Фран, Мерло Усадьба Мезыбь",,Красное сухое,usadba-mezyb-usadba-mezyb-kaberne-sovinon-kaberne-fran-merlo-krasnoe-suhoe-148,usadba-mezyb-usadba-mezyb-kaberne-sovinon-kaberne-fran-merlo-krasnoe-suhoe-148.webp
"Усадьба Мезыбь. Каберне Совиньон, Каберне Фран, Мерло","красное сухое Усадьба Мезыбь. Каберне Совиньон, Каберне Фран, Мерло Усадьба Мезыбь",,Красное сухое,usadba-mezyb-usadba-mezyb-kaberne-sovinon-kaberne-fran-merlo-krasnoe-suhoe-148,usadba-mezyb-usadba-mezyb-kaberne-sovinon-kaberne-fran-merlo-krasnoe-suhoe-148_bottom.webp
Усадьба Мезыбь. Каберне Совиньон,красное сухое Усадьба Мезыбь. Каберне Совиньон Усадьба Мезыбь,Каберне Совиньон,Красное сухое,usadba-mezyb-usadba-mezyb-kaberne-sovinon-krasnoe-suhoe-143,usadba-mezyb-usadba-mezyb-kaberne-sovinon-krasnoe-suhoe-143.webp
Усадьба Мезыбь. Каберне Совиньон,красное сухое Усадьба Мезыбь. Каберне Совиньон Усадьба Мезыбь,Каберне Совиньон,Красное сухое,usadba-mezyb-usadba-mezyb-kaberne-sovinon-krasnoe-suhoe-143,usadba-mezyb-usadba-mezyb-kaberne-sovinon-krasnoe-suhoe-143_bottom.webp
Усадьба Мезыбь. Шардоне,белое сухое Усадьба Мезыбь. Шардоне Усадьба Мезыбь,Шардоне,Белое сухое,usadba-mezyb-usadba-mezyb-shardone-beloe-suhoe-125,usadba-mezyb-usadba-mezyb-shardone-beloe-suhoe-125.webp
Усадьба Мезыбь. Шардоне,белое сухое Усадьба Мезыбь. Шардоне Усадьба Мезыбь,Шардоне,Белое сухое,usadba-mezyb-usadba-mezyb-shardone-beloe-suhoe-125,usadba-mezyb-usadba-mezyb-shardone-beloe-suhoe-125_bottom.webp
Дубровский. Bordeaux Blend,красное сухое Дубровский. Bordeaux Blend Cloudy Winery,,Красное сухое,cloudy-winery-dubrovskiy-bordeaux-blend-kaberne-fran-krasnoe-suhoe-14,cloudy-winery-dubrovskiy-bordeaux-blend-kaberne-fran-krasnoe-suhoe-14.webp
Дубровский. Bordeaux Blend,красное сухое Дубровский. Bordeaux Blend Cloudy Winery,,Красное сухое,cloudy-winery-dubrovskiy-bordeaux-blend-kaberne-fran-krasnoe-suhoe-14,cloudy-winery-dubrovskiy-bordeaux-blend-kaberne-fran-krasnoe-suhoe-14_bottom.webp
Усадьба Мезыбь. Розе Каберне Фран,розовое сухое Усадьба Мезыбь. Розе Каберне Фран Усадьба Мезыбь,Каберне Фран,Розовое сухое,usadba-mezyb-usadba-mezyb-roze-kaberne-fran-rozovoe-suhoe-143,usadba-mezyb-usadba-mezyb-roze-kaberne-fran-rozovoe-suhoe-143.webp
Усадьба Мезыбь. Розе Каберне Фран,розовое сухое Усадьба Мезыбь. Розе Каберне Фран Усадьба Мезыбь,Каберне Фран,Розовое сухое,usadba-mezyb-usadba-mezyb-roze-kaberne-fran-rozovoe-suhoe-143,usadba-mezyb-usadba-mezyb-roze-kaberne-fran-rozovoe-suhoe-143_bottom.webp
Дубровский. Orange,белое сухое Дубровский. Orange Cloudy Winery,,Белое сухое,cloudy-winery-dubrovskiy-orange-rkatsiteli-beloe-suhoe-125,cloudy-winery-dubrovskiy-orange-rkatsiteli-beloe-suhoe-125.webp
Дубровский. Orange,белое сухое Дубровский. Orange Cloudy Winery,,Белое сухое,cloudy-winery-dubrovskiy-orange-rkatsiteli-beloe-suhoe-125,cloudy-winery-dubrovskiy-orange-rkatsiteli-beloe-suhoe-125_bottom.webp
Sauvignon Blanc Katya,белое сухое Sauvignon Blanc Katya Belmas Winery,Совиньон Блан,Белое сухое,belmas-winery-sauvignon-blanc-katya-sovinon-blan-beloe-suhoe-115,belmas-winery-sauvignon-blanc-katya-sovinon-blan-beloe-suhoe-115.webp
Sauvignon Blanc Katya,белое сухое Sauvignon Blanc Katya Belmas Winery,Совиньон Блан,Белое сухое,belmas-winery-sauvignon-blanc-katya-sovinon-blan-beloe-suhoe-115,belmas-winery-sauvignon-blanc-katya-sovinon-blan-beloe-suhoe-115_bottom.webp
Pg,белое сухое Pg Belmas Winery,Пино Гри,Белое сухое,belmas-winery-pg-pino-gri-beloe-suhoe-125,belmas-winery-pg-pino-gri-beloe-suhoe-125.webp
Pg,белое сухое Pg Belmas Winery,Пино Гри,Белое сухое,belmas-winery-pg-pino-gri-beloe-suhoe-125,belmas-winery-pg-pino-gri-beloe-suhoe-125_bottom.webp
Viogner Katya,белое сухое Viogner Katya Belmas Winery,Вионье,Белое сухое,belmas-winery-viogner-katya-vione-beloe-suhoe-135,belmas-winery-viogner-katya-vione-beloe-suhoe-135.webp
Viogner Katya,белое сухое Viogner Katya Belmas Winery,Вионье,Белое сухое,belmas-winery-viogner-katya-vione-beloe-suhoe-135,belmas-winery-viogner-katya-vione-beloe-suhoe-135_bottom.webp
Cf,красное сухое Cf Belmas Winery,Каберне Фран,Красное сухое,belmas-winery-cf-kaberne-fran-krasnoe-suhoe-14,belmas-winery-cf-kaberne-fran-krasnoe-suhoe-14.webp
Cf,красное сухое Cf Belmas Winery,Каберне Фран,Красное сухое,belmas-winery-cf-kaberne-fran-krasnoe-suhoe-14,belmas-winery-cf-kaberne-fran-krasnoe-suhoe-14_bottom.webp
Vi,белое сухое Vi Belmas Winery,Вионье,Белое сухое,belmas-winery-vi-vione-beloe-suhoe-122,belmas-winery-vi-vione-beloe-suhoe-122.webp
Vi,белое сухое Vi Belmas Winery,Вионье,Белое сухое,belmas-winery-vi-vione-beloe-suhoe-122,belmas-winery-vi-vione-beloe-suhoe-122_bottom.webp
Pn,красное сухое Pn Belmas Winery,Пино Нуар,Красное сухое,belmas-winery-pn-pino-nuar-krasnoe-suhoe-135,belmas-winery-pn-pino-nuar-krasnoe-suhoe-135.webp
Pn,красное сухое Pn Belmas Winery,Пино Нуар,Красное сухое,belmas-winery-pn-pino-nuar-krasnoe-suhoe-135,belmas-winery-pn-pino-nuar-krasnoe-suhoe-135_bottom.webp
Ркацители,белое сухое Ркацители Ведерниковъ,Ркацители,Белое сухое,vinodelnya-vedernikov-rkatsiteli-beloe-suhoe-13,vinodelnya-vedernikov-rkatsiteli-beloe-suhoe-13.webp
Ркацители,белое сухое Ркацители Ведерниковъ,Ркацители,Белое сухое,vinodelnya-vedernikov-rkatsiteli-beloe-suhoe-13,vinodelnya-vedernikov-rkatsiteli-beloe-suhoe-13_bottom.webp
Фантом 50/50,красное сухое Фантом 50/50 Ведерниковъ,,Красное сухое,vinodelnya-vedernikov-fantom-5050-krasnostop-zolotovskiy-krasnoe-suhoe-145,vinodelnya-vedernikov-fantom-5050-krasnostop-zolotovskiy-krasnoe-suhoe-145.webp
Фантом 50/50,красное сухое Фантом 50/50 Ведерниковъ,,Красное сухое,vinodelnya-vedernikov-fantom-5050-krasnostop-zolotovskiy-krasnoe-suhoe-145,vinodelnya-vedernikov-fantom-5050-krasnostop-zolotovskiy-krasnoe-suhoe-145_bottom.webp
Цимлянский Черный розовый,розовое сухое Цимлянский Черный розовый Ведерниковъ,Цимлянский черный,Розовое сухое,vinodelnya-vedernikov-tsimlyanskiy-chernyy-rozovyy-rozovoe-suhoe-125,vinodelnya-vedernikov-tsimlyanskiy-chernyy-rozovyy-rozovoe-suhoe-125.webp
Цимлянский Черный розовый,розовое сухое Цимлянский Черный розовый Ведерниковъ,Цимлянский черный,Розовое сухое,vinodelnya-vedernikov-tsimlyanskiy-chernyy-rozovyy-rozovoe-suhoe-125,vinodelnya-vedernikov-tsimlyanskiy-chernyy-rozovyy-rozovoe-suhoe-125_bottom.webp
Губернаторское. Розовое,розовое сухое Губернаторское. Розовое Ведерниковъ,,Розовое сухое,vinodelnya-vedernikov-gubernatorskoe-rozovoe-tsimlyanskiy-chernyy-suhoe-11,vinodelnya-vedernikov-gubernatorskoe-rozovoe-tsimlyanskiy-chernyy-suhoe-11.webp
Губернаторское. Розовое,розовое сухое Губернаторское. Розовое Ведерниковъ,,Розовое сухое,vinodelnya-vedernikov-gubernatorskoe-rozovoe-tsimlyanskiy-chernyy-suhoe-11,vinodelnya-vedernikov-gubernatorskoe-rozovoe-tsimlyanskiy-chernyy-suhoe-11_bottom.webp
Фантом 70/30,красное сухое Фантом 70/30 Ведерниковъ,,Красное сухое,vinodelnya-vedernikov-fantom-7030-krasnostop-zolotovskiy-krasnoe-suhoe-15,vinodelnya-vedernikov-fantom-7030-krasnostop-zolotovskiy-krasnoe-suhoe-15.webp
Фантом 70/30,красное сухое Фантом 70/30 Ведерниковъ,,Красное сухое,vinodelnya-vedernikov-fantom-7030-krasnostop-zolotovskiy-krasnoe-suhoe-15,vinodelnya-vedernikov-fantom-7030-krasnostop-zolotovskiy-krasnoe-suhoe-15_bottom.webp
Губернаторское. Ркацители,белое сухое Губернаторское. Ркацители Ведерниковъ,Ркацители,Белое сухое,vinodelnya-vedernikov-gubernatorskoe-rkatsiteli-beloe-suhoe-13,vinodelnya-vedernikov-gubernatorskoe-rkatsiteli-beloe-suhoe-13.webp
Губернаторское. Ркацители,белое сухое Губернаторское. Ркацители Ведерниковъ,Ркацители,Белое сухое,vinodelnya-vedernikov-gubernatorskoe-rkatsiteli-beloe-suhoe-13,vinodelnya-vedernikov-gubernatorskoe-rkatsiteli-beloe-suhoe-13_bottom.webp
Фантом 30/70,красное сухое Фантом 30/70 Ведерниковъ,,Красное сухое,vinodelnya-vedernikov-fantom-3070-krasnostop-zolotovskiy-krasnoe-suhoe-145,vinodelnya-vedernikov-fantom-3070-krasnostop-zolotovskiy-krasnoe-suhoe-145.webp
Фантом 30/70,красное сухое Фантом 30/70 Ведерниковъ,,Красное сухое,vinodelnya-vedernikov-fantom-3070-krasnostop-zolotovskiy-krasnoe-suhoe-145,vinodelnya-vedernikov-fantom-3070-krasnostop-zolotovskiy-krasnoe-suhoe-145_bottom.webp
Правобережное белое,белое сухое Правобережное белое Ведерниковъ,Алиготе,Белое сухое,vinodelnya-vedernikov-pravoberezhnoe-beloe-aligote-suhoe-13,vinodelnya-vedernikov-pravoberezhnoe-beloe-aligote-suhoe-13.webp
Правобережное белое,белое сухое Правобережное белое Ведерниковъ,Алиготе,Белое сухое,vinodelnya-vedernikov-pravoberezhnoe-beloe-aligote-suhoe-13,vinodelnya-vedernikov-pravoberezhnoe-beloe-aligote-suhoe-13_bottom.webp
Красностоп Золотовский розе,розовое сухое Красностоп Золотовский розе Ведерниковъ,Красностоп Золотовский,Розовое сухое,vinodelnya-vedernikov-krasnostop-zolotovskiy-roze-rozovoe-suhoe-12,vinodelnya-vedernikov-krasnostop-zolotovskiy-roze-rozovoe-suhoe-12.webp
Красностоп Золотовский розе,розовое сухое Красностоп Золотовский розе Ведерниковъ,Красностоп Золотовский,Розовое сухое,vinodelnya-vedernikov-krasnostop-zolotovskiy-roze-rozovoe-suhoe-12,vinodelnya-vedernikov-krasnostop-zolotovskiy-roze-rozovoe-suhoe-12_bottom.webp
Красностоп Золотовский,красное сухое Красностоп Золотовский Ведерниковъ,Красностоп Золотовский,Красное сухое,vinodelnya-vedernikov-krasnostop-zolotovskiy-krasnoe-suhoe-13,vinodelnya-vedernikov-krasnostop-zolotovskiy-krasnoe-suhoe-13.webp
Красностоп Золотовский,красное сухое Красностоп Золотовский Ведерниковъ,Красностоп Золотовский,Красное сухое,vinodelnya-vedernikov-krasnostop-zolotovskiy-krasnoe-suhoe-13,vinodelnya-vedernikov-krasnostop-zolotovskiy-krasnoe-suhoe-13_bottom.webp
Syrah Katya,красное сухое Syrah Katya Belmas Winery,Сира,Красное сухое,belmas-winery-syrah-katya-sira-krasnoe-suhoe-125,belmas-winery-syrah-katya-sira-krasnoe-suhoe-125.webp
Syrah Katya,красное сухое Syrah Katya Belmas Winery,Сира,Красное сухое,belmas-winery-syrah-katya-sira-krasnoe-suhoe-125,belmas-winery-syrah-katya-sira-krasnoe-suhoe-125_bottom.webp
Плохая девочка. Пряный Бленд,белое сухое Плохая девочка. Пряный Бленд Cloudy Winery,,Белое сухое,cloudy-winery-plohaya-devochka-pryanyy-blend-byanka-beloe-suhoe-125,cloudy-winery-plohaya-devochka-pryanyy-blend-byanka-beloe-suhoe-125.webp
Плохая девочка. Пряный Бленд,белое сухое Плохая девочка. Пряный Бленд Cloudy Winery,,Белое сухое,cloudy-winery-plohaya-devochka-pryanyy-blend-byanka-beloe-suhoe-125,cloudy-winery-plohaya-devochka-pryanyy-blend-byanka-beloe-suhoe-125_bottom.webp
Плохая девочка. Сочный Pino Noir,красное сухое Плохая девочка. Сочный Pino Noir Cloudy Winery,Пино Нуар,Красное сухое,cloudy-winery-plohaya-devochka-sochnyy-pino-noir-pino-nuar-krasnoe-suhoe-12,cloudy-winery-plohaya-devochka-sochnyy-pino-noir-pino-nuar-krasnoe-suhoe-12.webp
Плохая девочка. Сочный Pino Noir,красное сухое Плохая девочка. Сочный Pino Noir Cloudy Winery,Пино Нуар,Красное сухое,cloudy-winery-plohaya-devochka-sochnyy-pino-noir-pino-nuar-krasnoe-suhoe-12,cloudy-winery-plohaya-devochka-sochnyy-pino-noir-pino-nuar-krasnoe-suhoe-12_bottom.webp
Плохая девочка. Пряный Traminer,белое сухое Плохая девочка. Пряный Traminer Cloudy Winery,Траминер,Белое сухое,cloudy-winery-plohaya-devochka-pryanyy-traminer-traminer-beloe-suhoe-12,cloudy-winery-plohaya-devochka-pryanyy-traminer-traminer-beloe-suhoe-12.webp
Плохая девочка. Пряный Traminer,белое сухое Плохая девочка. Пряный Traminer Cloudy Winery,Траминер,Белое сухое,cloudy-winery-plohaya-devochka-pryanyy-traminer-traminer-beloe-suhoe-12,cloudy-winery-plohaya-devochka-pryanyy-traminer-traminer-beloe-suhoe-12_bottom.webp
Malbec Katya,розовое сухое Malbec Katya Belmas Winery,,Розовое сухое,belmas-winery-malbec-katya-malbek-rozovoe-suhoe-129,belmas-winery-malbec-katya-malbek-rozovoe-suhoe-129.webp
Malbec Katya,розовое сухое Malbec Katya Belmas Winery,,Розовое сухое,belmas-winery-malbec-katya-malbek-rozovoe-suhoe-129,belmas-winery-malbec-katya-malbek-rozovoe-suhoe-129_bottom.webp
Riesling Katya,белое сухое Riesling Katya Belmas Winery,Рислинг,Белое сухое,belmas-winery-riesling-katya-risling-beloe-suhoe-12,belmas-winery-riesling-katya-risling-beloe-suhoe-12.webp
Riesling Katya,белое сухое Riesling Katya Belmas Winery,Рислинг,Белое сухое,belmas-winery-riesling-katya-risling-beloe-suhoe-12,belmas-winery-riesling-katya-risling-beloe-suhoe-12_bottom.webp
Краш. Супер Брют,белое экстра брют Краш. Супер Брют Cloudy Winery,Шардоне,Белое экстра брют,cloudy-winery-krash-super-bryut-shardone-beloe-ekstra-bryut-85,cloudy-winery-krash-super-bryut-shardone-beloe-ekstra-bryut-85.webp
Краш. Супер Брют,белое экстра брют Краш. Супер Брют Cloudy Winery,Шардоне,Белое экстра брют,cloudy-winery-krash-super-bryut-shardone-beloe-ekstra-bryut-85,cloudy-winery-krash-super-bryut-shardone-beloe-ekstra-bryut-85_bottom.webp
Краш. Cabernet Sauvignon,красное сухое Краш. Cabernet Sauvignon Cloudy Winery,Каберне Совиньон,Красное сухое,cloudy-winery-krash-cabernet-sauvignon-kaberne-sovinon-krasnoe-suhoe-14,cloudy-winery-krash-cabernet-sauvignon-kaberne-sovinon-krasnoe-suhoe-14.webp
Краш. Cabernet Sauvignon,красное сухое Краш. Cabernet Sauvignon Cloudy Winery,Каберне Совиньон,Красное сухое,cloudy-winery-krash-cabernet-sauvignon-kaberne-sovinon-krasnoe-suhoe-14,cloudy-winery-krash-cabernet-sauvignon-kaberne-sovinon-krasnoe-suhoe-14_bottom.webp
Губернаторское. Рислинг,белое сухое Губернаторское. Рислинг Ведерниковъ,Рислинг,Белое сухое,vinodelnya-vedernikov-gubernatorskoe-risling-beloe-suhoe-12,vinodelnya-vedernikov-gubernatorskoe-risling-beloe-suhoe-12.webp
Губернаторское. Рислинг,белое сухое Губернаторское. Рислинг Ведерниковъ,Рислинг,Белое сухое,vinodelnya-vedernikov-gubernatorskoe-risling-beloe-suhoe-12,vinodelnya-vedernikov-gubernatorskoe-risling-beloe-suhoe-12_bottom.webp
Губернаторское. Голубок,красное сухое Губернаторское. Голубок Ведерниковъ,,Красное сухое,vinodelnya-vedernikov-gubernatorskoe-golubok-krasnoe-suhoe-11,vinodelnya-vedernikov-gubernatorskoe-golubok-krasnoe-suhoe-11.webp
Губернаторское. Голубок,красное сухое Губернаторское. Голубок Ведерниковъ,,Красное сухое,vinodelnya-vedernikov-gubernatorskoe-golubok-krasnoe-suhoe-11,vinodelnya-vedernikov-gubernatorskoe-golubok-krasnoe-suhoe-11_bottom.webp
Губернаторское. Каберне,красное сухое Губернаторское. Каберне Ведерниковъ,,Красное сухое,vinodelnya-vedernikov-gubernatorskoe-kaberne-krasnostop-zolotovskiy-krasnoe-suhoe-12,vinodelnya-vedernikov-gubernatorskoe-kaberne-krasnostop-zolotovskiy-krasnoe-suhoe-12.webp
Губернаторское. Каберне,красное сухое Губернаторское. Каберне Ведерниковъ,,Красное сухое,vinodelnya-vedernikov-gubernatorskoe-kaberne-krasnostop-zolotovskiy-krasnoe-suhoe-12,vinodelnya-vedernikov-gubernatorskoe-kaberne-krasnostop-zolotovskiy-krasnoe-suhoe-12_bottom.webp
Цимлянский Черный Blanc de Noirs,белое брют Цимлянский Черный Blanc de Noirs Ведерниковъ,Цимлянский черный,Белое брют,vinodelnya-vedernikov-tsimlyanskiy-chernyy-blanc-de-noirs-beloe-bryut-117,vinodelnya-vedernikov-tsimlyanskiy-chernyy-blanc-de-noirs-beloe-bryut-117.webp
Цимлянский Черный Blanc de Noirs,белое брют Цимлянский Черный Blanc de Noirs Ведерниковъ,Цимлянский черный,Белое брют,vinodelnya-vedernikov-tsimlyanskiy-chernyy-blanc-de-noirs-beloe-bryut-117,vinodelnya-vedernikov-tsimlyanskiy-chernyy-blanc-de-noirs-beloe-bryut-117_bottom.webp
Цимлянский Черный Резерв,красное сухое Цимлянский Черный Резерв Ведерниковъ,Цимлянский черный,Красное сухое,vinodelnya-vedernikov-tsimlyanskiy-chernyy-rezerv-krasnoe-suhoe-145,vinodelnya-vedernikov-tsimlyanskiy-chernyy-rezerv-krasnoe-suhoe-145.webp
Цимлянский Черный Резерв,красное сухое Цимлянский Черный Резерв Ведерниковъ,Цимлянский черный,Красное сухое,vinodelnya-vedernikov-tsimlyanskiy-chernyy-rezerv-krasnoe-suhoe-145,vinodelnya-vedernikov-tsimlyanskiy-chernyy-rezerv-krasnoe-suhoe-145_bottom.webp
50/50 Цимлянский-Сибирьковый Экстра брют,белое экстра брют 50/50 Цимлянский-Сибирьковый Экстра брют Ведерниковъ,,Белое экстра брют,vinodelnya-vedernikov-5050-tsimlyanskiy-sibirkovyy-ekstra-bryut-beloe-12,vinodelnya-vedernikov-5050-tsimlyanskiy-sibirkovyy-ekstra-bryut-beloe-12.webp
50/50 Цимлянский-Сибирьковый Экстра брют,белое экстра брют 50/50 Цимлянский-Сибирьковый Экстра брют Ведерниковъ,,Белое экстра брют,vinodelnya-vedernikov-5050-tsimlyanskiy-sibirkovyy-ekstra-bryut-beloe-12,vinodelnya-vedernikov-5050-tsimlyanskiy-sibirkovyy-ekstra-bryut-beloe-12_bottom.webp
Сибирьковый-Алиготе,белое брют Сибирьковый-Алиготе Ведерниковъ,,Белое брют,vinodelnya-vedernikov-sibirkovyy-aligote-beloe-bryut-117,vinodelnya-vedernikov-sibirkovyy-aligote-beloe-bryut-117.webp
Сибирьковый-Алиготе,белое брют Сибирьковый-Алиготе Ведерниковъ,,Белое брют,vinodelnya-vedernikov-sibirkovyy-aligote-beloe-bryut-117,vinodelnya-vedernikov-sibirkovyy-aligote-beloe-bryut-117_bottom.webp
Abrau Estates Амурский Потапенко,красное сухое Abrau Estates Амурский Потапенко Абрау-Дюрсо,Амурский Потапенко,Красное сухое,abrau-dyurso-abrau-estates-amurskiy-potapenko-krasnoe-suhoe-105,abrau-dyurso-abrau-estates-amurskiy-potapenko-krasnoe-suhoe-105.webp
Abrau Estates Амурский Потапенко,красное сухое Abrau Estates Амурский Потапенко Абрау-Дюрсо,Амурский Потапенко,Красное сухое,abrau-dyurso-abrau-estates-amurskiy-potapenko-krasnoe-suhoe-105,abrau-dyurso-abrau-estates-amurskiy-potapenko-krasnoe-suhoe-105_bottom.webp
Abrau Estates Оранж,оранжевое сухое Abrau Estates Оранж Абрау-Дюрсо,Цитронный Магарача,Оранжевое сухое,abrau-dyurso-abrau-estates-oranzh-tsitronnyy-magaracha-oranzhevoe-suhoe-105,abrau-dyurso-abrau-estates-oranzh-tsitronnyy-magaracha-oranzhevoe-suhoe-105.webp
Abrau Estates Оранж,оранжевое сухое Abrau Estates Оранж Абрау-Дюрсо,Цитронный Магарача,Оранжевое сухое,abrau-dyurso-abrau-estates-oranzh-tsitronnyy-magaracha-oranzhevoe-suhoe-105,abrau-dyurso-abrau-estates-oranzh-tsitronnyy-magaracha-oranzhevoe-suhoe-105_bottom.webp
Femme d’Abrau,красное сухое Femme d’Abrau Абрау-Дюрсо,Амурский Потапенко,Красное сухое,abrau-dyurso-femme-dabrau-amurskiy-potapenko-krasnoe-suhoe-107,abrau-dyurso-femme-dabrau-amurskiy-potapenko-krasnoe-suhoe-107.webp
Femme d’Abrau,красное сухое Femme d’Abrau Абрау-Дюрсо,Амурский Потапенко,Красное сухое,abrau-dyurso-femme-dabrau-amurskiy-potapenko-krasnoe-suhoe-107,abrau-dyurso-femme-dabrau-amurskiy-potapenko-krasnoe-suhoe-107_bottom.webp
Az Abrau Баяншира,белое сухое Az Abrau Баяншира Абрау-Дюрсо,Баяншира,Белое сухое,abrau-dyurso-az-abrau-bayanshira-beloe-suhoe-12,abrau-dyurso-az-abrau-bayanshira-beloe-suhoe-12.webp
Az Abrau Баяншира,белое сухое Az Abrau Баяншира Абрау-Дюрсо,Баяншира,Белое сухое,abrau-dyurso-az-abrau-bayanshira-beloe-suhoe-12,abrau-dyurso-az-abrau-bayanshira-beloe-suhoe-12_bottom.webp
Az Abrau Мадраса,красное сухое Az Abrau Мадраса Абрау-Дюрсо,мадраса,Красное сухое,abrau-dyurso-az-abrau-madrasa-krasnoe-suhoe-14,abrau-dyurso-az-abrau-madrasa-krasnoe-suhoe-14.webp
Az Abrau Мадраса,красное сухое Az Abrau Мадраса Абрау-Дюрсо,мадраса,Красное сухое,abrau-dyurso-az-abrau-madrasa-krasnoe-suhoe-14,abrau-dyurso-az-abrau-madrasa-krasnoe-suhoe-14_bottom.webp
Abrau Estates. Розе,розовое сухое Abrau Estates. Розе Абрау-Дюрсо,,Розовое сухое,abrau-dyurso-abrau-estates-roze-kaberne-sovinon-rozovoe-suhoe-12,abrau-dyurso-abrau-estates-roze-kaberne-sovinon-rozovoe-suhoe-12.webp
Abrau Estates. Розе,розовое сухое Abrau Estates. Розе Абрау-Дюрсо,,Розовое сухое,abrau-dyurso-abrau-estates-roze-kaberne-sovinon-rozovoe-suhoe-12,abrau-dyurso-abrau-estates-roze-kaberne-sovinon-rozovoe-suhoe-12_bottom.webp
Abrau Estates белое,белое сухое Abrau Estates белое Абрау-Дюрсо,,Белое сухое,abrau-dyurso-abrau-estates-beloe-shardone-suhoe-12,abrau-dyurso-abrau-estates-beloe-shardone-suhoe-12.webp
Abrau Estates белое,белое сухое Abrau Estates белое Абрау-Дюрсо,,Белое сухое,abrau-dyurso-abrau-estates-beloe-shardone-suhoe-12,abrau-dyurso-abrau-estates-beloe-shardone-suhoe-12_bottom.webp
Abrau Estates. Достойный,красное сухое Abrau Estates. Достойный Абрау-Дюрсо,Достойный,Красное сухое,abrau-dyurso-abrau-estates-dostoynyy-krasnoe-suhoe-135,abrau-dyurso-abrau-estates-dostoynyy-krasnoe-suhoe-135.webp
Abrau Estates. Достойный,красное сухое Abrau Estates. Достойный Абрау-Дюрсо,Достойный,Красное сухое,abrau-dyurso-abrau-estates-dostoynyy-krasnoe-suhoe-135,abrau-dyurso-abrau-estates-dostoynyy-krasnoe-suhoe-135_bottom.webp
Сибирьковый,белое сухое Сибирьковый Ведерниковъ,Сибирьковый,Белое сухое,vinodelnya-vedernikov-sibirkovyy-beloe-suhoe-11,vinodelnya-vedernikov-sibirkovyy-beloe-suhoe-11.webp
Сибирьковый,белое сухое Сибирьковый Ведерниковъ,Сибирьковый,Белое сухое,vinodelnya-vedernikov-sibirkovyy-beloe-suhoe-11,vinodelnya-vedernikov-sibirkovyy-beloe-suhoe-11_bottom.webp
Губернаторский Резерв. Красное,красное сухое Губернаторский Резерв. Красное Ведерниковъ,,Красное сухое,vinodelnya-vedernikov-gubernatorskiy-rezerv-krasnoe-kaberne-sovinon-suhoe-14,vinodelnya-vedernikov-gubernatorskiy-rezerv-krasnoe-kaberne-sovinon-suhoe-14.webp
Губернаторский Резерв. Красное,красное сухое Губернаторский Резерв. Красное Ведерниковъ,,Красное сухое,vinodelnya-vedernikov-gubernatorskiy-rezerv-krasnoe-kaberne-sovinon-suhoe-14,vinodelnya-vedernikov-gubernatorskiy-rezerv-krasnoe-kaberne-sovinon-suhoe-14_bottom.webp
Красностоп Золотовский Резерв,красное сухое Красностоп Золотовский Резерв Ведерниковъ,Красностоп Золотовский,Красное сухое,vinodelnya-vedernikov-krasnostop-zolotovskiy-rezerv-krasnoe-suhoe-15,vinodelnya-vedernikov-krasnostop-zolotovskiy-rezerv-krasnoe-suhoe-15.webp
Красностоп Золотовский Резерв,красное сухое Красностоп Золотовский Резерв Ведерниковъ,Красностоп Золотовский,Красное сухое,vinodelnya-vedernikov-krasnostop-zolotovskiy-rezerv-krasnoe-suhoe-15,vinodelnya-vedernikov-krasnostop-zolotovskiy-rezerv-krasnoe-suhoe-15_bottom.webp
Каберне Совиньон,красное сухое Каберне Совиньон Ведерниковъ,Каберне Совиньон,Красное сухое,vinodelnya-vedernikov-kaberne-sovinon-krasnoe-suhoe-14,vinodelnya-vedernikov-kaberne-sovinon-krasnoe-suhoe-14.webp
Каберне Совиньон,красное сухое Каберне Совиньон Ведерниковъ,Каберне Совиньон,Красное сухое,vinodelnya-vedernikov-kaberne-sovinon-krasnoe-suhoe-14,vinodelnya-vedernikov-kaberne-sovinon-krasnoe-suhoe-14_bottom.webp
Абрау Купаж красный полсусладкое,красное полусладкое Абрау Купаж красный полсусладкое Абрау-Дюрсо,,Красное полусладкое,abrau-dyurso-abrau-kupazh-krasnyy-polsusladkoe-kaberne-sovinon-krasnoe-polusladkoe-11,abrau-dyurso-abrau-kupazh-krasnyy-polsusladkoe-kaberne-sovinon-krasnoe-polusladkoe-11.webp
Абрау Купаж красный полсусладкое,красное полусладкое Абрау Купаж красный полсусладкое Абрау-Дюрсо,,Красное полусладкое,abrau-dyurso-abrau-kupazh-krasnyy-polsusladkoe-kaberne-sovinon-krasnoe-polusladkoe-11,abrau-dyurso-abrau-kupazh-krasnyy-polsusladkoe-kaberne-sovinon-krasnoe-polusladkoe-11_bottom.webp
Губернаторский Резерв. Белое,белое сухое Губернаторский Резерв. Белое Ведерниковъ,,Белое сухое,vinodelnya-vedernikov-gubernatorskiy-rezerv-beloe-risling-suhoe-12,vinodelnya-vedernikov-gubernatorskiy-rezerv-beloe-risling-suhoe-12.webp
Губернаторский Резерв. Белое,белое сухое Губернаторский Резерв. Белое Ведерниковъ,,Белое сухое,vinodelnya-vedernikov-gubernatorskiy-rezerv-beloe-risling-suhoe-12,vinodelnya-vedernikov-gubernatorskiy-rezerv-beloe-risling-suhoe-12_bottom.webp
Сибирьковый экстра брют,белое экстра брют Сибирьковый экстра брют Ведерниковъ,Сибирьковый,Белое экстра брют,vinodelnya-vedernikov-sibirkovyy-ekstra-bryut-beloe-117,vinodelnya-vedernikov-sibirkovyy-ekstra-bryut-beloe-117.webp
Сибирьковый экстра брют,белое экстра брют Сибирьковый экстра брют Ведерниковъ,Сибирьковый,Белое экстра брют,vinodelnya-vedernikov-sibirkovyy-ekstra-bryut-beloe-117,vinodelnya-vedernikov-sibirkovyy-ekstra-bryut-beloe-117_bottom.webp
Цимлянский Черный брют розе,розовое брют Цимлянский Черный брют розе Ведерниковъ,Цимлянский черный,Розовое брют,vinodelnya-vedernikov-tsimlyanskiy-chernyy-bryut-roze-rozovoe-129,vinodelnya-vedernikov-tsimlyanskiy-chernyy-bryut-roze-rozovoe-129.webp
Цимлянский Черный брют розе,розовое брют Цимлянский Черный брют розе Ведерниковъ,Цимлянский черный,Розовое брют,vinodelnya-vedernikov-tsimlyanskiy-chernyy-bryut-roze-rozovoe-129,vinodelnya-vedernikov-tsimlyanskiy-chernyy-bryut-roze-rozovoe-129_bottom.webp
Русское Игристое кошерное брют,белое брют Русское Игристое кошерное брют Абрау-Дюрсо,,Белое брют,abrau-dyurso-russkoe-igristoe-koshernoe-bryut-shardone-beloe-13,abrau-dyurso-russkoe-igristoe-koshernoe-bryut-shardone-beloe-13.webp
Русское Игристое кошерное брют,белое брют Русское Игристое кошерное брют Абрау-Дюрсо,,Белое брют,abrau-dyurso-russkoe-igristoe-koshernoe-bryut-shardone-beloe-13,abrau-dyurso-russkoe-igristoe-koshernoe-bryut-shardone-beloe-13_bottom.webp
Abrau Estates красное,красное сухое Abrau Estates красное Абрау-Дюрсо,,Красное сухое,abrau-dyurso-abrau-estates-krasnoe-kaberne-sovinon-suhoe-13,abrau-dyurso-abrau-estates-krasnoe-kaberne-sovinon-suhoe-13.webp
Abrau Estates красное,красное сухое Abrau Estates красное Абрау-Дюрсо,,Красное сухое,abrau-dyurso-abrau-estates-krasnoe-kaberne-sovinon-suhoe-13,abrau-dyurso-abrau-estates-krasnoe-kaberne-sovinon-suhoe-13_bottom.webp
Русское Игристое полусухое,белое полусухое Русское Игристое полусухое Абрау-Дюрсо,,Белое полусухое,abrau-dyurso-russkoe-igristoe-polusuhoe-shardone-beloe-12,abrau-dyurso-russkoe-igristoe-polusuhoe-shardone-beloe-12.webp
Русское Игристое полусухое,белое полусухое Русское Игристое полусухое Абрау-Дюрсо,,Белое полусухое,abrau-dyurso-russkoe-igristoe-polusuhoe-shardone-beloe-12,abrau-dyurso-russkoe-igristoe-polusuhoe-shardone-beloe-12_bottom.webp
Русское Игристое полусладкое,белое полусладкое Русское Игристое полусладкое Абрау-Дюрсо,,Белое полусладкое,abrau-dyurso-russkoe-igristoe-polusladkoe-shardone-beloe-12,abrau-dyurso-russkoe-igristoe-polusladkoe-shardone-beloe-12.webp
Русское Игристое полусладкое,белое полусладкое Русское Игристое полусладкое Абрау-Дюрсо,,Белое полусладкое,abrau-dyurso-russkoe-igristoe-polusladkoe-shardone-beloe-12,abrau-dyurso-russkoe-igristoe-polusladkoe-shardone-beloe-12_bottom.webp
Императорское полусладкое,белое полусладкое Императорское полусладкое Абрау-Дюрсо,,Белое полусладкое,abrau-dyurso-imperatorskoe-polusladkoe-shardone-beloe-12,abrau-dyurso-imperatorskoe-polusladkoe-shardone-beloe-12.webp
Императорское полусладкое,белое полусладкое Императорское полусладкое Абрау-Дюрсо,,Белое полусладкое,abrau-dyurso-imperatorskoe-polusladkoe-shardone-beloe-12,abrau-dyurso-imperatorskoe-polusladkoe-shardone-beloe-12_bottom.webp
Императорское полусухое,белое полусухое Императорское полусухое Абрау-Дюрсо,,Белое полусухое,abrau-dyurso-imperatorskoe-polusuhoe-shardone-beloe-12,abrau-dyurso-imperatorskoe-polusuhoe-shardone-beloe-12.webp
Императорское полусухое,белое полусухое Императорское полусухое Абрау-Дюрсо,,Белое полусухое,abrau-dyurso-imperatorskoe-polusuhoe-shardone-beloe-12,abrau-dyurso-imperatorskoe-polusuhoe-shardone-beloe-12_bottom.webp
Рислинг,белое сухое Рислинг Абрау-Дюрсо,Рислинг,Белое сухое,abrau-dyurso-risling-beloe-suhoe-12,abrau-dyurso-risling-beloe-suhoe-12.webp
Рислинг,белое сухое Рислинг Абрау-Дюрсо,Рислинг,Белое сухое,abrau-dyurso-risling-beloe-suhoe-12,abrau-dyurso-risling-beloe-suhoe-12_bottom.webp
Brut d'Or Rose,розовое брют Brut d'Or Rose Абрау-Дюрсо,Пино Нуар,Розовое брют,abrau-dyurso-brut-dor-rose-pino-nuar-rozovoe-bryut-12,abrau-dyurso-brut-dor-rose-pino-nuar-rozovoe-bryut-12.webp
Brut d'Or Rose,розовое брют Brut d'Or Rose Абрау-Дюрсо,Пино Нуар,Розовое брют,abrau-dyurso-brut-dor-rose-pino-nuar-rozovoe-bryut-12,abrau-dyurso-brut-dor-rose-pino-nuar-rozovoe-bryut-12_bottom.webp
Brut d'Or. Riesling,белое брют Brut d'Or. Riesling Абрау-Дюрсо,Рислинг,Белое брют,abrau-dyurso-brut-dor-riesling-risling-beloe-bryut-12,abrau-dyurso-brut-dor-riesling-risling-beloe-bryut-12.webp
Brut d'Or. Riesling,белое брют Brut d'Or. Riesling Абрау-Дюрсо,Рислинг,Белое брют,abrau-dyurso-brut-dor-riesling-risling-beloe-bryut-12,abrau-dyurso-brut-dor-riesling-risling-beloe-bryut-12_bottom.webp
Victor Dravigny. Extra Brut,белое брют Victor Dravigny. Extra Brut Абрау-Дюрсо,,Белое брют,abrau-dyurso-victor-dravigny-extra-brut-shardone-beloe-bryut-125,abrau-dyurso-victor-dravigny-extra-brut-shardone-beloe-bryut-125.webp
Victor Dravigny. Extra Brut,белое брют Victor Dravigny. Extra Brut Абрау-Дюрсо,,Белое брют,abrau-dyurso-victor-dravigny-extra-brut-shardone-beloe-bryut-125,abrau-dyurso-victor-dravigny-extra-brut-shardone-beloe-bryut-125_bottom.webp
Империал Brut Rose,розовое брют Империал Brut Rose Абрау-Дюрсо,Пино Нуар,Розовое брют,abrau-dyurso-imperial-brut-rose-pino-nuar-rozovoe-bryut-12,abrau-dyurso-imperial-brut-rose-pino-nuar-rozovoe-bryut-12.webp
Империал Brut Rose,розовое брют Империал Brut Rose Абрау-Дюрсо,Пино Нуар,Розовое брют,abrau-dyurso-imperial-brut-rose-pino-nuar-rozovoe-bryut-12,abrau-dyurso-imperial-brut-rose-pino-nuar-rozovoe-bryut-12_bottom.webp
Victor Dravigny. Полусладкое,белое полусладкое Victor Dravigny. Полусладкое Абрау-Дюрсо,,Белое полусладкое,abrau-dyurso-victor-dravigny-polusladkoe-sovinon-blan-beloe-12,abrau-dyurso-victor-dravigny-polusladkoe-sovinon-blan-beloe-12.webp
Victor Dravigny. Полусладкое,белое полусладкое Victor Dravigny. Полусладкое Абрау-Дюрсо,,Белое полусладкое,abrau-dyurso-victor-dravigny-polusladkoe-sovinon-blan-beloe-12,abrau-dyurso-victor-dravigny-polusladkoe-sovinon-blan-beloe-12_bottom.webp
Brut d'Or Blanc de Noirs,белое брют Brut d'Or Blanc de Noirs Абрау-Дюрсо,Пино Нуар,Белое брют,abrau-dyurso-brut-dor-blanc-de-noirs-pino-nuar-beloe-bryut-125,abrau-dyurso-brut-dor-blanc-de-noirs-pino-nuar-beloe-bryut-125.webp
Brut d'Or Blanc de Noirs,белое брют Brut d'Or Blanc de Noirs Абрау-Дюрсо,Пино Нуар,Белое брют,abrau-dyurso-brut-dor-blanc-de-noirs-pino-nuar-beloe-bryut-125,abrau-dyurso-brut-dor-blanc-de-noirs-pino-nuar-beloe-bryut-125_bottom.webp
Victor Dravigny. Красное полусладкое,красное полусладкое Victor Dravigny. Красное полусладкое Абрау-Дюрсо,Каберне Совиньон,Красное полусладкое,abrau-dyurso-victor-dravigny-krasnoe-polusladkoe-kaberne-sovinon-125,abrau-dyurso-victor-dravigny-krasnoe-polusladkoe-kaberne-sovinon-125.webp
Victor Dravigny. Красное полусладкое,красное полусладкое Victor Dravigny. Красное полусладкое Абрау-Дюрсо,Каберне Совиньон,Красное полусладкое,abrau-dyurso-victor-dravigny-krasnoe-polusladkoe-kaberne-sovinon-125,abrau-dyurso-victor-dravigny-krasnoe-polusladkoe-kaberne-sovinon-125_bottom.webp
Шардоне,белое сухое Шардоне Абрау-Дюрсо,Шардоне,Белое сухое,abrau-dyurso-shardone-beloe-suhoe-12,abrau-dyurso-shardone-beloe-suhoe-12.webp
Шардоне,белое сухое Шардоне Абрау-Дюрсо,Шардоне,Белое сухое,abrau-dyurso-shardone-beloe-suhoe-12,abrau-dyurso-shardone-beloe-suhoe-12_bottom.webp
Александр II Magnum,белое брют Александр II Magnum Абрау-Дюрсо,,Белое брют,abrau-dyurso-aleksandr-ii-magnum-shardone-beloe-bryut-125,abrau-dyurso-aleksandr-ii-magnum-shardone-beloe-bryut-125.webp
Александр II Magnum,белое брют Александр II Magnum Абрау-Дюрсо,,Белое брют,abrau-dyurso-aleksandr-ii-magnum-shardone-beloe-bryut-125,abrau-dyurso-aleksandr-ii-magnum-shardone-beloe-bryut-125_bottom.webp
Abrau-Durso Reserve Brut,белое брют Abrau-Durso Reserve Brut Абрау-Дюрсо,,Белое брют,abrau-dyurso-abrau-durso-reserve-brut-shardone-beloe-bryut-115,abrau-dyurso-abrau-durso-reserve-brut-shardone-beloe-bryut-115.webp
Abrau-Durso Reserve Brut,белое брют Abrau-Durso Reserve Brut Абрау-Дюрсо,,Белое брют,abrau-dyurso-abrau-durso-reserve-brut-shardone-beloe-bryut-115,abrau-dyurso-abrau-durso-reserve-brut-shardone-beloe-bryut-115_bottom.webp
Пино Нуар,красное сухое Пино Нуар Абрау-Дюрсо,Пино Нуар,Красное сухое,abrau-dyurso-pino-nuar-krasnoe-suhoe-125,abrau-dyurso-pino-nuar-krasnoe-suhoe-125.webp
Пино Нуар,красное сухое Пино Нуар Абрау-Дюрсо,Пино Нуар,Красное сухое,abrau-dyurso-pino-nuar-krasnoe-suhoe-125,abrau-dyurso-pino-nuar-krasnoe-suhoe-125_bottom.webp
РАШ Резерв,белое сухое РАШ Резерв Винодельня Узунов,,Белое сухое,vinodelnya-uzunov-rash-rezerv-risling-reynskiy-beloe-suhoe-127,vinodelnya-uzunov-rash-rezerv-risling-reynskiy-beloe-suhoe-127.webp
РАШ Резерв,белое сухое РАШ Резерв Винодельня Узунов,,Белое сухое,vinodelnya-uzunov-rash-rezerv-risling-reynskiy-beloe-suhoe-127,vinodelnya-uzunov-rash-rezerv-risling-reynskiy-beloe-suhoe-127_bottom.webp
Нрав,красное сухое Нрав Винодельня Узунов,,Красное сухое,vinodelnya-uzunov-nrav-krasnostop-zolotovskiy-krasnoe-suhoe-132,vinodelnya-uzunov-nrav-krasnostop-zolotovskiy-krasnoe-suhoe-132.webp
Нрав,красное сухое Нрав Винодельня Узунов,,Красное сухое,vinodelnya-uzunov-nrav-krasnostop-zolotovskiy-krasnoe-suhoe-132,vinodelnya-uzunov-nrav-krasnostop-zolotovskiy-krasnoe-suhoe-132_bottom.webp
Нрав Резерв,красное сухое Нрав Резерв Винодельня Узунов,,Красное сухое,vinodelnya-uzunov-nrav-rezerv-krasnostop-zolotovskiy-krasnoe-suhoe-139,vinodelnya-uzunov-nrav-rezerv-krasnostop-zolotovskiy-krasnoe-suhoe-139.webp
Нрав Резерв,красное сухое Нрав Резерв Винодельня Узунов,,Красное сухое,vinodelnya-uzunov-nrav-rezerv-krasnostop-zolotovskiy-krasnoe-suhoe-139,vinodelnya-uzunov-nrav-rezerv-krasnostop-zolotovskiy-krasnoe-suhoe-139_bottom.webp
Victor Dravigny. Brut Rose,розовое брют Victor Dravigny. Brut Rose Абрау-Дюрсо,,Розовое брют,abrau-dyurso-victor-dravigny-brut-rose-pino-nuar-rozovoe-bryut-12,abrau-dyurso-victor-dravigny-brut-rose-pino-nuar-rozovoe-bryut-12.webp
Victor Dravigny. Brut Rose,розовое брют Victor Dravigny. Brut Rose Абрау-Дюрсо,,Розовое брют,abrau-dyurso-victor-dravigny-brut-rose-pino-nuar-rozovoe-bryut-12,abrau-dyurso-victor-dravigny-brut-rose-pino-nuar-rozovoe-bryut-12_bottom.webp
Совиньон Кукуоба,белое экстра брют Совиньон Кукуоба Винодельня Узунов,Совиньон Блан,Белое экстра брют,vinodelnya-uzunov-sovinon-kukuoba-sovinon-blan-beloe-ekstra-bryut-12,vinodelnya-uzunov-sovinon-kukuoba-sovinon-blan-beloe-ekstra-bryut-12.webp
Совиньон Кукуоба,белое экстра брют Совиньон Кукуоба Винодельня Узунов,Совиньон Блан,Белое экстра брют,vinodelnya-uzunov-sovinon-kukuoba-sovinon-blan-beloe-ekstra-bryut-12,vinodelnya-uzunov-sovinon-kukuoba-sovinon-blan-beloe-ekstra-bryut-12_bottom.webp
Империал Brut L'Art Nouveau,белое брют Империал Brut L'Art Nouveau Абрау-Дюрсо,,Белое брют,abrau-dyurso-imperial-brut-lart-nouveau-shardone-beloe-bryut-105,abrau-dyurso-imperial-brut-lart-nouveau-shardone-beloe-bryut-105.webp
Империал Brut L'Art Nouveau,белое брют Империал Brut L'Art Nouveau Абрау-Дюрсо,,Белое брют,abrau-dyurso-imperial-brut-lart-nouveau-shardone-beloe-bryut-105,abrau-dyurso-imperial-brut-lart-nouveau-shardone-beloe-bryut-105_bottom.webp
Victor Dravigny. Полусухое,белое полусухое Victor Dravigny. Полусухое Абрау-Дюрсо,,Белое полусухое,abrau-dyurso-victor-dravigny-polusuhoe-pino-blan-beloe-12,abrau-dyurso-victor-dravigny-polusuhoe-pino-blan-beloe-12.webp
Victor Dravigny. Полусухое,белое полусухое Victor Dravigny. Полусухое Абрау-Дюрсо,,Белое полусухое,abrau-dyurso-victor-dravigny-polusuhoe-pino-blan-beloe-12,abrau-dyurso-victor-dravigny-polusuhoe-pino-blan-beloe-12_bottom.webp
Императорское брют,белое брют Императорское брют Абрау-Дюрсо,,Белое брют,abrau-dyurso-imperatorskoe-bryut-shardone-beloe-12,abrau-dyurso-imperatorskoe-bryut-shardone-beloe-12.webp
Императорское брют,белое брют Императорское брют Абрау-Дюрсо,,Белое брют,abrau-dyurso-imperatorskoe-bryut-shardone-beloe-12,abrau-dyurso-imperatorskoe-bryut-shardone-beloe-12_bottom.webp
Brut d'Or. Blanc de Blancs,белое брют Brut d'Or. Blanc de Blancs Абрау-Дюрсо,Шардоне,Белое брют,abrau-dyurso-brut-dor-blanc-de-blancs-shardone-beloe-bryut-125,abrau-dyurso-brut-dor-blanc-de-blancs-shardone-beloe-bryut-125.webp
Brut d'Or. Blanc de Blancs,белое брют Brut d'Or. Blanc de Blancs Абрау-Дюрсо,Шардоне,Белое брют,abrau-dyurso-brut-dor-blanc-de-blancs-shardone-beloe-bryut-125,abrau-dyurso-brut-dor-blanc-de-blancs-shardone-beloe-bryut-125_bottom.webp
Империал. Brut Vintage,белое брют Империал. Brut Vintage Абрау-Дюрсо,,Белое брют,abrau-dyurso-imperial-brut-vintage-shardone-beloe-bryut-12,abrau-dyurso-imperial-brut-vintage-shardone-beloe-bryut-12.webp
Империал. Brut Vintage,белое брют Империал. Brut Vintage Абрау-Дюрсо,,Белое брют,abrau-dyurso-imperial-brut-vintage-shardone-beloe-bryut-12,abrau-dyurso-imperial-brut-vintage-shardone-beloe-bryut-12_bottom.webp
Моно. Каберне Совиньон,красное сухое Моно. Каберне Совиньон Винодельня Узунов,Каберне Совиньон,Красное сухое,vinodelnya-uzunov-mono-kaberne-sovinon-krasnoe-suhoe-139,vinodelnya-uzunov-mono-kaberne-sovinon-krasnoe-suhoe-139.webp
Моно. Каберне Совиньон,красное сухое Моно. Каберне Совиньон Винодельня Узунов,Каберне Совиньон,Красное сухое,vinodelnya-uzunov-mono-kaberne-sovinon-krasnoe-suhoe-139,vinodelnya-uzunov-mono-kaberne-sovinon-krasnoe-suhoe-139_bottom.webp
Моно. Красностоп,красное сухое Моно. Красностоп Винодельня Узунов,Красностоп Золотовский,Красное сухое,vinodelnya-uzunov-mono-krasnostop-krasnostop-zolotovskiy-krasnoe-suhoe-139,vinodelnya-uzunov-mono-krasnostop-krasnostop-zolotovskiy-krasnoe-suhoe-139.webp
Моно. Красностоп,красное сухое Моно. Красностоп Винодельня Узунов,Красностоп Золотовский,Красное сухое,vinodelnya-uzunov-mono-krasnostop-krasnostop-zolotovskiy-krasnoe-suhoe-139,vinodelnya-uzunov-mono-krasnostop-krasnostop-zolotovskiy-krasnoe-suhoe-139_bottom.webp
Моно. Саперави,красное сухое Моно. Саперави Винодельня Узунов,Саперави,Красное сухое,vinodelnya-uzunov-mono-saperavi-krasnoe-suhoe-139,vinodelnya-uzunov-mono-saperavi-krasnoe-suhoe-139.webp
Моно. Саперави,красное сухое Моно. Саперави Винодельня Узунов,Саперави,Красное сухое,vinodelnya-uzunov-mono-saperavi-krasnoe-suhoe-139,vinodelnya-uzunov-mono-saperavi-krasnoe-suhoe-139_bottom.webp
"Legend of Crimea ""Muscat Ottonel""","белое сухое Legend of Crimea ""Muscat Ottonel"" Золотое Поле",Мускат Оттонель,Белое сухое,zolotoe-pole-legend-of-crimea-muscat-ottonel-muskat-ottonel-beloe-suhoe-14,zolotoe-pole-legend-of-crimea-muscat-ottonel-muskat-ottonel-beloe-suhoe-14.webp
"Legend of Crimea ""Muscat Ottonel""","белое сухое Legend of Crimea ""Muscat Ottonel"" Золотое Поле",Мускат Оттонель,Белое сухое,zolotoe-pole-legend-of-crimea-muscat-ottonel-muskat-ottonel-beloe-suhoe-14,zolotoe-pole-legend-of-crimea-muscat-ottonel-muskat-ottonel-beloe-suhoe-14_bottom.webp
Темпранильо,красное сухое Темпранильо Alma Valley,Темпранильо,Красное сухое,alma-valley-tempranilo-krasnoe-suhoe-13,alma-valley-tempranilo-krasnoe-suhoe-13.webp
Темпранильо,красное сухое Темпранильо Alma Valley,Темпранильо,Красное сухое,alma-valley-tempranilo-krasnoe-suhoe-13,alma-valley-tempranilo-krasnoe-suhoe-13_bottom.webp
"KAFFA ""Вионье""","белое сухое KAFFA ""Вионье"" Золотое Поле",Вионье,Белое сухое,zolotoe-pole-kaffa-vione-beloe-suhoe-13,zolotoe-pole-kaffa-vione-beloe-suhoe-13.webp
"KAFFA ""Вионье""","белое сухое KAFFA ""Вионье"" Золотое Поле",Вионье,Белое сухое,zolotoe-pole-kaffa-vione-beloe-suhoe-13,zolotoe-pole-kaffa-vione-beloe-suhoe-13_bottom.webp
Каберне Фран,красное сухое Каберне Фран Alma Valley,Каберне Фран,Красное сухое,alma-valley-kaberne-fran-krasnoe-suhoe-145,alma-valley-kaberne-fran-krasnoe-suhoe-145.webp
Каберне Фран,красное сухое Каберне Фран Alma Valley,Каберне Фран,Красное сухое,alma-valley-kaberne-fran-krasnoe-suhoe-145,alma-valley-kaberne-fran-krasnoe-suhoe-145_bottom.webp
"Legend of Crimea ""Cabernet Sauvignon""","красное сухое Legend of Crimea ""Cabernet Sauvignon"" Золотое Поле",Каберне Совиньон,Красное сухое,zolotoe-pole-legend-of-crimea-cabernet-sauvignon-kaberne-sovinon-krasnoe-suhoe-125,zolotoe-pole-legend-of-crimea-cabernet-sauvignon-kaberne-sovinon-krasnoe-suhoe-125.webp
"Legend of Crimea ""Cabernet Sauvignon""","красное сухое Legend of Crimea ""Cabernet Sauvignon"" Золотое Поле",Каберне Совиньон,Красное сухое,zolotoe-pole-legend-of-crimea-cabernet-sauvignon-kaberne-sovinon-krasnoe-suhoe-125,zolotoe-pole-legend-of-crimea-cabernet-sauvignon-kaberne-sovinon-krasnoe-suhoe-125_bottom.webp
"KAFFA ""Мальбек""","красное сухое KAFFA ""Мальбек"" Золотое Поле",Мальбек,Красное сухое,zolotoe-pole-kaffa-malbek-krasnoe-suhoe-125,zolotoe-pole-kaffa-malbek-krasnoe-suhoe-125.webp
"KAFFA ""Мальбек""","красное сухое KAFFA ""Мальбек"" Золотое Поле",Мальбек,Красное сухое,zolotoe-pole-kaffa-malbek-krasnoe-suhoe-125,zolotoe-pole-kaffa-malbek-krasnoe-suhoe-125_bottom.webp
"KAFFA ""Каберне Фран""","красное сухое KAFFA ""Каберне Фран"" Золотое Поле",Каберне Фран,Красное сухое,zolotoe-pole-kaffa-kaberne-fran-krasnoe-suhoe-14,zolotoe-pole-kaffa-kaberne-fran-krasnoe-suhoe-14.webp
"KAFFA ""Каберне Фран""","красное сухое KAFFA ""Каберне Фран"" Золотое Поле",Каберне Фран,Красное сухое,zolotoe-pole-kaffa-kaberne-fran-krasnoe-suhoe-14,zolotoe-pole-kaffa-kaberne-fran-krasnoe-suhoe-14_bottom.webp
"Legend of Crimea ""Chardonnay""","белое сухое Legend of Crimea ""Chardonnay"" Золотое Поле",Шардоне,Белое сухое,zolotoe-pole-legend-of-crimea-chardonnay-shardone-beloe-suhoe-13,zolotoe-pole-legend-of-crimea-chardonnay-shardone-beloe-suhoe-13.webp
"Legend of Crimea ""Chardonnay""","белое сухое Legend of Crimea ""Chardonnay"" Золотое Поле",Шардоне,Белое сухое,zolotoe-pole-legend-of-crimea-chardonnay-shardone-beloe-suhoe-13,zolotoe-pole-legend-of-crimea-chardonnay-shardone-beloe-suhoe-13_bottom.webp
Совиньон Блан,белое сухое Совиньон Блан Винодельня Узунов,Совиньон Блан,Белое сухое,vinodelnya-uzunov-sovinon-blan-beloe-suhoe-125,vinodelnya-uzunov-sovinon-blan-beloe-suhoe-125.webp
Совиньон Блан,белое сухое Совиньон Блан Винодельня Узунов,Совиньон Блан,Белое сухое,vinodelnya-uzunov-sovinon-blan-beloe-suhoe-125,vinodelnya-uzunov-sovinon-blan-beloe-suhoe-125_bottom.webp
"Legend of Crimea ""White Blend""","белое сухое Legend of Crimea ""White Blend"" Золотое Поле",,Белое сухое,zolotoe-pole-legend-of-crimea-white-blend-malvaziya-beloe-suhoe-135,zolotoe-pole-legend-of-crimea-white-blend-malvaziya-beloe-suhoe-135.webp
"Legend of Crimea ""White Blend""","белое сухое Legend of Crimea ""White Blend"" Золотое Поле",,Белое сухое,zolotoe-pole-legend-of-crimea-white-blend-malvaziya-beloe-suhoe-135,zolotoe-pole-legend-of-crimea-white-blend-malvaziya-beloe-suhoe-135_bottom.webp
"Legend of Crimea ""Malbec""","красное сухое Legend of Crimea ""Malbec"" Золотое Поле",Мальбек,Красное сухое,zolotoe-pole-legend-of-crimea-malbec-malbek-krasnoe-suhoe-125,zolotoe-pole-legend-of-crimea-malbec-malbek-krasnoe-suhoe-125.webp
"Legend of Crimea ""Malbec""","красное сухое Legend of Crimea ""Malbec"" Золотое Поле",Мальбек,Красное сухое,zolotoe-pole-legend-of-crimea-malbec-malbek-krasnoe-suhoe-125,zolotoe-pole-legend-of-crimea-malbec-malbek-krasnoe-suhoe-125_bottom.webp
"KAFFA ""Москато Джалло""","белое сухое KAFFA ""Москато Джалло"" Золотое Поле",Москато-джалло,Белое сухое,zolotoe-pole-kaffa-moskato-dzhallo-moskato-dzhallo-beloe-suhoe-135,zolotoe-pole-kaffa-moskato-dzhallo-moskato-dzhallo-beloe-suhoe-135.webp
"KAFFA ""Москато Джалло""","белое сухое KAFFA ""Москато Джалло"" Золотое Поле",Москато-джалло,Белое сухое,zolotoe-pole-kaffa-moskato-dzhallo-moskato-dzhallo-beloe-suhoe-135,zolotoe-pole-kaffa-moskato-dzhallo-moskato-dzhallo-beloe-suhoe-135_bottom.webp
"KAFFA ""Шардоне""","белое сухое KAFFA ""Шардоне"" Золотое Поле",Шардоне,Белое сухое,zolotoe-pole-kaffa-shardone-beloe-suhoe-125,zolotoe-pole-kaffa-shardone-beloe-suhoe-125.webp
"KAFFA ""Шардоне""","белое сухое KAFFA ""Шардоне"" Золотое Поле",Шардоне,Белое сухое,zolotoe-pole-kaffa-shardone-beloe-suhoe-125,zolotoe-pole-kaffa-shardone-beloe-suhoe-125_bottom.webp
"Legend of Crimea ""Sauvignon Blanc""","белое сухое Legend of Crimea ""Sauvignon Blanc"" Золотое Поле",Совиньон Блан,Белое сухое,zolotoe-pole-legend-of-crimea-sauvignon-blanc-sovinon-blan-beloe-suhoe-13,zolotoe-pole-legend-of-crimea-sauvignon-blanc-sovinon-blan-beloe-suhoe-13.webp
"Legend of Crimea ""Sauvignon Blanc""","белое сухое Legend of Crimea ""Sauvignon Blanc"" Золотое Поле",Совиньон Блан,Белое сухое,zolotoe-pole-legend-of-crimea-sauvignon-blanc-sovinon-blan-beloe-suhoe-13,zolotoe-pole-legend-of-crimea-sauvignon-blanc-sovinon-blan-beloe-suhoe-13_bottom.webp
"KAFFA ""Саперави""","красное сухое KAFFA ""Саперави"" Золотое Поле",Саперави,Красное сухое,zolotoe-pole-kaffa-saperavi-krasnoe-suhoe-14,zolotoe-pole-kaffa-saperavi-krasnoe-suhoe-14.webp
"KAFFA ""Саперави""","красное сухое KAFFA ""Саперави"" Золотое Поле",Саперави,Красное сухое,zolotoe-pole-kaffa-saperavi-krasnoe-suhoe-14,zolotoe-pole-kaffa-saperavi-krasnoe-suhoe-14_bottom.webp
"Legend of Crimea ""Red Blend""","красное сухое Legend of Crimea ""Red Blend"" Золотое Поле",,Красное сухое,zolotoe-pole-legend-of-crimea-red-blend-kaberne-sovinon-krasnoe-suhoe-14,zolotoe-pole-legend-of-crimea-red-blend-kaberne-sovinon-krasnoe-suhoe-14.webp
"Legend of Crimea ""Red Blend""","красное сухое Legend of Crimea ""Red Blend"" Золотое Поле",,Красное сухое,zolotoe-pole-legend-of-crimea-red-blend-kaberne-sovinon-krasnoe-suhoe-14,zolotoe-pole-legend-of-crimea-red-blend-kaberne-sovinon-krasnoe-suhoe-14_bottom.webp
Шираз,красное сухое Шираз Alma Valley,Шираз,Красное сухое,alma-valley-shiraz-krasnoe-suhoe-13,alma-valley-shiraz-krasnoe-suhoe-13.webp
Шираз,красное сухое Шираз Alma Valley,Шираз,Красное сухое,alma-valley-shiraz-krasnoe-suhoe-13,alma-valley-shiraz-krasnoe-suhoe-13_bottom.webp
"Legend of Crimea ""Pinot Gris Rose""","розовое сухое Legend of Crimea ""Pinot Gris Rose"" Золотое Поле",Пино Гри,Розовое сухое,zolotoe-pole-legend-of-crimea-pinot-gris-rose-pino-gri-rozovoe-suhoe-135,zolotoe-pole-legend-of-crimea-pinot-gris-rose-pino-gri-rozovoe-suhoe-135.webp
"Legend of Crimea ""Pinot Gris Rose""","розовое сухое Legend of Crimea ""Pinot Gris Rose"" Золотое Поле",Пино Гри,Розовое сухое,zolotoe-pole-legend-of-crimea-pinot-gris-rose-pino-gri-rozovoe-suhoe-135,zolotoe-pole-legend-of-crimea-pinot-gris-rose-pino-gri-rozovoe-suhoe-135_bottom.webp
"KAFFA ""Каберне Совиньон""","красное сухое KAFFA ""Каберне Совиньон"" Золотое Поле",Каберне Совиньон,Красное сухое,zolotoe-pole-kaffa-kaberne-sovinon-krasnoe-suhoe-125,zolotoe-pole-kaffa-kaberne-sovinon-krasnoe-suhoe-125.webp
"KAFFA ""Каберне Совиньон""","красное сухое KAFFA ""Каберне Совиньон"" Золотое Поле",Каберне Совиньон,Красное сухое,zolotoe-pole-kaffa-kaberne-sovinon-krasnoe-suhoe-125,zolotoe-pole-kaffa-kaberne-sovinon-krasnoe-suhoe-125_bottom.webp
Пино Нуар,красное сухое Пино Нуар Alma Valley,Пино Нуар,Красное сухое,alma-valley-pino-nuar-krasnoe-suhoe-13,alma-valley-pino-nuar-krasnoe-suhoe-13.webp
Пино Нуар,красное сухое Пино Нуар Alma Valley,Пино Нуар,Красное сухое,alma-valley-pino-nuar-krasnoe-suhoe-13,alma-valley-pino-nuar-krasnoe-suhoe-13_bottom.webp
Мерло,красное сухое Мерло Alma Valley,Мерло,Красное сухое,alma-valley-merlo-krasnoe-suhoe-13,alma-valley-merlo-krasnoe-suhoe-13.webp
Мерло,красное сухое Мерло Alma Valley,Мерло,Красное сухое,alma-valley-merlo-krasnoe-suhoe-13,alma-valley-merlo-krasnoe-suhoe-13_bottom.webp
Траминер,белое сухое Траминер Alma Valley,Траминер,Белое сухое,alma-valley-traminer-beloe-suhoe-125,alma-valley-traminer-beloe-suhoe-125.webp
Траминер,белое сухое Траминер Alma Valley,Траминер,Белое сухое,alma-valley-traminer-beloe-suhoe-125,alma-valley-traminer-beloe-suhoe-125_bottom.webp
Коломбар,белое полусухое Коломбар Alma Valley,Коломбар,Белое полусухое,alma-valley-kolombar-beloe-polusuhoe-135,alma-valley-kolombar-beloe-polusuhoe-135.webp
Коломбар,белое полусухое Коломбар Alma Valley,Коломбар,Белое полусухое,alma-valley-kolombar-beloe-polusuhoe-135,alma-valley-kolombar-beloe-polusuhoe-135_bottom.webp
Семильон,белое сухое Семильон Alma Valley,Семильон,Белое сухое,alma-valley-semilon-beloe-suhoe-135,alma-valley-semilon-beloe-suhoe-135.webp
Семильон,белое сухое Семильон Alma Valley,Семильон,Белое сухое,alma-valley-semilon-beloe-suhoe-135,alma-valley-semilon-beloe-suhoe-135_bottom.webp
Пино Гри,белое полусухое Пино Гри Alma Valley,Пино Гри,Белое полусухое,alma-valley-pino-gri-beloe-polusuhoe-15,alma-valley-pino-gri-beloe-polusuhoe-15.webp
Пино Гри,белое полусухое Пино Гри Alma Valley,Пино Гри,Белое полусухое,alma-valley-pino-gri-beloe-polusuhoe-15,alma-valley-pino-gri-beloe-polusuhoe-15_bottom.webp
Рисланер,белое полусладкое Рисланер Alma Valley,Рисланер,Белое полусладкое,alma-valley-rislaner-beloe-polusladkoe-125,alma-valley-rislaner-beloe-polusladkoe-125.webp
Рисланер,белое полусладкое Рисланер Alma Valley,Рисланер,Белое полусладкое,alma-valley-rislaner-beloe-polusladkoe-125,alma-valley-rislaner-beloe-polusladkoe-125_bottom.webp
Рислинг,белое полусухое Рислинг Alma Valley,Рислинг,Белое полусухое,alma-valley-risling-beloe-polusuhoe-125,alma-valley-risling-beloe-polusuhoe-125.webp
Рислинг,белое полусухое Рислинг Alma Valley,Рислинг,Белое полусухое,alma-valley-risling-beloe-polusuhoe-125,alma-valley-risling-beloe-polusuhoe-125_bottom.webp
Кокур,белое сухое Кокур Alma Valley,Кокур,Белое сухое,alma-valley-kokur-beloe-suhoe-14,alma-valley-kokur-beloe-suhoe-14.webp
Кокур,белое сухое Кокур Alma Valley,Кокур,Белое сухое,alma-valley-kokur-beloe-suhoe-14,alma-valley-kokur-beloe-suhoe-14_bottom.webp
"Солнце, воздух, виноград","белое полусладкое Солнце, воздух, виноград Alma Valley",,Белое полусладкое,alma-valley-solntse-vozduh-vinograd-kokur-beloe-polusladkoe-13,alma-valley-solntse-vozduh-vinograd-kokur-beloe-polusladkoe-13.webp
"Солнце, воздух, виноград","белое полусладкое Солнце, воздух, виноград Alma Valley",,Белое полусладкое,alma-valley-solntse-vozduh-vinograd-kokur-beloe-polusladkoe-13,alma-valley-solntse-vozduh-vinograd-kokur-beloe-polusladkoe-13_bottom.webp
"Солнце, воздух, виноград","розовое полусладкое Солнце, воздух, виноград Alma Valley",,Розовое полусладкое,alma-valley-solntse-vozduh-vinograd-sira-shiraz-rozovoe-polusladkoe-12,alma-valley-solntse-vozduh-vinograd-sira-shiraz-rozovoe-polusladkoe-12.webp
"Солнце, воздух, виноград","розовое полусладкое Солнце, воздух, виноград Alma Valley",,Розовое полусладкое,alma-valley-solntse-vozduh-vinograd-sira-shiraz-rozovoe-polusladkoe-12,alma-valley-solntse-vozduh-vinograd-sira-shiraz-rozovoe-polusladkoe-12_bottom.webp
"Солнце, воздух, виноград","белое полусухое Солнце, воздух, виноград Alma Valley",,Белое полусухое,alma-valley-solntse-vozduh-vinograd-shardone-beloe-polusuhoe-13,alma-valley-solntse-vozduh-vinograd-shardone-beloe-polusuhoe-13.webp
"Солнце, воздух, виноград","белое полусухое Солнце, воздух, виноград Alma Valley",,Белое полусухое,alma-valley-solntse-vozduh-vinograd-shardone-beloe-polusuhoe-13,alma-valley-solntse-vozduh-vinograd-shardone-beloe-polusuhoe-13_bottom.webp
Совиньон Блан Резерв,белое сухое Совиньон Блан Резерв Alma Valley,Совиньон Блан,Белое сухое,alma-valley-sovinon-blan-rezerv-beloe-suhoe-14,alma-valley-sovinon-blan-rezerv-beloe-suhoe-14.webp
Совиньон Блан Резерв,белое сухое Совиньон Блан Резерв Alma Valley,Совиньон Блан,Белое сухое,alma-valley-sovinon-blan-rezerv-beloe-suhoe-14,alma-valley-sovinon-blan-rezerv-beloe-suhoe-14_bottom.webp
"Солнце, воздух, виноград","красное полусухое Солнце, воздух, виноград Alma Valley",,Красное полусухое,alma-valley-solntse-vozduh-vinograd-sira-shiraz-krasnoe-polusuhoe-135,alma-valley-solntse-vozduh-vinograd-sira-shiraz-krasnoe-polusuhoe-135.webp
"Солнце, воздух, виноград","красное полусухое Солнце, воздух, виноград Alma Valley",,Красное полусухое,alma-valley-solntse-vozduh-vinograd-sira-shiraz-krasnoe-polusuhoe-135,alma-valley-solntse-vozduh-vinograd-sira-shiraz-krasnoe-polusuhoe-135_bottom.webp
"Солнце, воздух, виноград","красное полусладкое Солнце, воздух, виноград Alma Valley",,Красное полусладкое,alma-valley-solntse-vozduh-vinograd-merlo-krasnoe-polusladkoe-14,alma-valley-solntse-vozduh-vinograd-merlo-krasnoe-polusladkoe-14.webp
"Солнце, воздух, виноград","красное полусладкое Солнце, воздух, виноград Alma Valley",,Красное полусладкое,alma-valley-solntse-vozduh-vinograd-merlo-krasnoe-polusladkoe-14,alma-valley-solntse-vozduh-vinograd-merlo-krasnoe-polusladkoe-14_bottom.webp
Каберне Совиньон Резерв,красное сухое Каберне Совиньон Резерв Alma Valley,Каберне Совиньон,Красное сухое,alma-valley-kaberne-sovinon-rezerv-krasnoe-suhoe-15,alma-valley-kaberne-sovinon-rezerv-krasnoe-suhoe-15.webp
Каберне Совиньон Резерв,красное сухое Каберне Совиньон Резерв Alma Valley,Каберне Совиньон,Красное сухое,alma-valley-kaberne-sovinon-rezerv-krasnoe-suhoe-15,alma-valley-kaberne-sovinon-rezerv-krasnoe-suhoe-15_bottom.webp
Пино Блан,белое сухое Пино Блан Alma Valley,Пино Блан,Белое сухое,alma-valley-pino-blan-beloe-suhoe-14,alma-valley-pino-blan-beloe-suhoe-14.webp
Пино Блан,белое сухое Пино Блан Alma Valley,Пино Блан,Белое сухое,alma-valley-pino-blan-beloe-suhoe-14,alma-valley-pino-blan-beloe-suhoe-14_bottom.webp
Гравити,белое сухое Гравити Alma Valley,,Белое сухое,alma-valley-graviti-pino-blan-beloe-suhoe-135,alma-valley-graviti-pino-blan-beloe-suhoe-135.webp
Гравити,белое сухое Гравити Alma Valley,,Белое сухое,alma-valley-graviti-pino-blan-beloe-suhoe-135,alma-valley-graviti-pino-blan-beloe-suhoe-135_bottom.webp
Пино Блан Резерв,белое сухое Пино Блан Резерв Alma Valley,Пино Блан,Белое сухое,alma-valley-pino-blan-rezerv-beloe-suhoe-14,alma-valley-pino-blan-rezerv-beloe-suhoe-14.webp
Пино Блан Резерв,белое сухое Пино Блан Резерв Alma Valley,Пино Блан,Белое сухое,alma-valley-pino-blan-rezerv-beloe-suhoe-14,alma-valley-pino-blan-rezerv-beloe-suhoe-14_bottom.webp
Мадера,белое сладкое Мадера ЗМВ Коктебель,,Белое сладкое,zmv-koktebel-madera-albilo-beloe-sladkoe-19,zmv-koktebel-madera-albilo-beloe-sladkoe-19.webp
Мадера,белое сладкое Мадера ЗМВ Коктебель,,Белое сладкое,zmv-koktebel-madera-albilo-beloe-sladkoe-19,zmv-koktebel-madera-albilo-beloe-sladkoe-19_bottom.webp
Пино Нуар,белое экстра брют Пино Нуар Alma Valley,Пино Нуар,Белое экстра брют,alma-valley-pino-nuar-beloe-ekstra-bryut-115,alma-valley-pino-nuar-beloe-ekstra-bryut-115.webp
Пино Нуар,белое экстра брют Пино Нуар Alma Valley,Пино Нуар,Белое экстра брют,alma-valley-pino-nuar-beloe-ekstra-bryut-115,alma-valley-pino-nuar-beloe-ekstra-bryut-115_bottom.webp
Пино Нуар Резерв,красное сухое Пино Нуар Резерв Alma Valley,Пино Нуар,Красное сухое,alma-valley-pino-nuar-rezerv-krasnoe-suhoe-14,alma-valley-pino-nuar-rezerv-krasnoe-suhoe-14.webp
Пино Нуар Резерв,красное сухое Пино Нуар Резерв Alma Valley,Пино Нуар,Красное сухое,alma-valley-pino-nuar-rezerv-krasnoe-suhoe-14,alma-valley-pino-nuar-rezerv-krasnoe-suhoe-14_bottom.webp
Шардоне Резерв,белое сухое Шардоне Резерв Alma Valley,Шардоне,Белое сухое,alma-valley-shardone-rezerv-beloe-suhoe-14,alma-valley-shardone-rezerv-beloe-suhoe-14.webp
Шардоне Резерв,белое сухое Шардоне Резерв Alma Valley,Шардоне,Белое сухое,alma-valley-shardone-rezerv-beloe-suhoe-14,alma-valley-shardone-rezerv-beloe-suhoe-14_bottom.webp
Мускат янтарный десертный,белое сладкое Мускат янтарный десертный ЗМВ Коктебель,Мускат,Белое сладкое,zmv-koktebel-muskat-yantarnyy-desertnyy-beloe-sladkoe-16,zmv-koktebel-muskat-yantarnyy-desertnyy-beloe-sladkoe-16.webp
Мускат янтарный десертный,белое сладкое Мускат янтарный десертный ЗМВ Коктебель,Мускат,Белое сладкое,zmv-koktebel-muskat-yantarnyy-desertnyy-beloe-sladkoe-16,zmv-koktebel-muskat-yantarnyy-desertnyy-beloe-sladkoe-16_bottom.webp
Ркацители десертное,белое сладкое Ркацители десертное ЗМВ Коктебель,Ркацители,Белое сладкое,zmv-koktebel-rkatsiteli-desertnoe-beloe-sladkoe-16,zmv-koktebel-rkatsiteli-desertnoe-beloe-sladkoe-16.webp
Ркацители десертное,белое сладкое Ркацители десертное ЗМВ Коктебель,Ркацители,Белое сладкое,zmv-koktebel-rkatsiteli-desertnoe-beloe-sladkoe-16,zmv-koktebel-rkatsiteli-desertnoe-beloe-sladkoe-16_bottom.webp
Мускат десертный,розовое сладкое Мускат десертный ЗМВ Коктебель,Мускат,Розовое сладкое,zmv-koktebel-muskat-desertnyy-rozovoe-sladkoe-16,zmv-koktebel-muskat-desertnyy-rozovoe-sladkoe-16.webp
Мускат десертный,розовое сладкое Мускат десертный ЗМВ Коктебель,Мускат,Розовое сладкое,zmv-koktebel-muskat-desertnyy-rozovoe-sladkoe-16,zmv-koktebel-muskat-desertnyy-rozovoe-sladkoe-16_bottom.webp
Портвейн - красное креплёное,красное сладкое Портвейн - красное креплёное ЗМВ Коктебель,,Красное сладкое,zmv-koktebel-portveyn-krasnoe-kreplyonoe-kaberne-sovinon-sladkoe-17,zmv-koktebel-portveyn-krasnoe-kreplyonoe-kaberne-sovinon-sladkoe-17.webp
Портвейн - красное креплёное,красное сладкое Портвейн - красное креплёное ЗМВ Коктебель,,Красное сладкое,zmv-koktebel-portveyn-krasnoe-kreplyonoe-kaberne-sovinon-sladkoe-17,zmv-koktebel-portveyn-krasnoe-kreplyonoe-kaberne-sovinon-sladkoe-17_bottom.webp
Портвейн - белое креплёное,белое сладкое Портвейн - белое креплёное ЗМВ Коктебель,,Белое сладкое,zmv-koktebel-portveyn-beloe-kreplyonoe-aligote-sladkoe-17,zmv-koktebel-portveyn-beloe-kreplyonoe-aligote-sladkoe-17.webp
Портвейн - белое креплёное,белое сладкое Портвейн - белое креплёное ЗМВ Коктебель,,Белое сладкое,zmv-koktebel-portveyn-beloe-kreplyonoe-aligote-sladkoe-17,zmv-koktebel-portveyn-beloe-kreplyonoe-aligote-sladkoe-17_bottom.webp
Траминер десертное,белое сладкое Траминер десертное ЗМВ Коктебель,Траминер,Белое сладкое,zmv-koktebel-traminer-desertnoe-beloe-sladkoe-16,zmv-koktebel-traminer-desertnoe-beloe-sladkoe-16.webp
Траминер десертное,белое сладкое Траминер десертное ЗМВ Коктебель,Траминер,Белое сладкое,zmv-koktebel-traminer-desertnoe-beloe-sladkoe-16,zmv-koktebel-traminer-desertnoe-beloe-sladkoe-16_bottom.webp
Мерло Резерв,красное сухое Мерло Резерв Alma Valley,Мерло,Красное сухое,alma-valley-merlo-rezerv-krasnoe-suhoe-15,alma-valley-merlo-rezerv-krasnoe-suhoe-15.webp
Мерло Резерв,красное сухое Мерло Резерв Alma Valley,Мерло,Красное сухое,alma-valley-merlo-rezerv-krasnoe-suhoe-15,alma-valley-merlo-rezerv-krasnoe-suhoe-15_bottom.webp
Шираз (Сира) Резерв,красное сухое Шираз (Сира) Резерв Alma Valley,Шираз,Красное сухое,alma-valley-shiraz-sira-rezerv-krasnoe-suhoe-14,alma-valley-shiraz-sira-rezerv-krasnoe-suhoe-14.webp
Шираз (Сира) Резерв,красное сухое Шираз (Сира) Резерв Alma Valley,Шираз,Красное сухое,alma-valley-shiraz-sira-rezerv-krasnoe-suhoe-14,alma-valley-shiraz-sira-rezerv-krasnoe-suhoe-14_bottom.webp
Темпранильо Резерв,красное сухое Темпранильо Резерв Alma Valley,Темпранильо,Красное сухое,alma-valley-tempranilo-rezerv-krasnoe-suhoe-14,alma-valley-tempranilo-rezerv-krasnoe-suhoe-14.webp
Темпранильо Резерв,красное сухое Темпранильо Резерв Alma Valley,Темпранильо,Красное сухое,alma-valley-tempranilo-rezerv-krasnoe-suhoe-14,alma-valley-tempranilo-rezerv-krasnoe-suhoe-14_bottom.webp
Каберне Фран Резерв,красное сухое Каберне Фран Резерв Alma Valley,Каберне Фран,Красное сухое,alma-valley-kaberne-fran-rezerv-krasnoe-suhoe-15,alma-valley-kaberne-fran-rezerv-krasnoe-suhoe-15.webp
Каберне Фран Резерв,красное сухое Каберне Фран Резерв Alma Valley,Каберне Фран,Красное сухое,alma-valley-kaberne-fran-rezerv-krasnoe-suhoe-15,alma-valley-kaberne-fran-rezerv-krasnoe-suhoe-15_bottom.webp
Шардоне,белое сухое Шардоне Alma Valley,Шардоне,Белое сухое,alma-valley-shardone-beloe-suhoe-135,alma-valley-shardone-beloe-suhoe-135.webp
Шардоне,белое сухое Шардоне Alma Valley,Шардоне,Белое сухое,alma-valley-shardone-beloe-suhoe-135,alma-valley-shardone-beloe-suhoe-135_bottom.webp
"Атмосфера - Шардоне, Мерло, Ркацители, Мускат Розовый, Мускат Гамбургский","розовое полусухое Атмосфера - Шардоне, Мерло, Ркацители, Мускат Розовый, Мускат Гамбургский ЗМВ Коктебель",,Розовое полусухое,zmv-koktebel-atmosfera-shardone-merlo-rkatsiteli-muskat-rozovyy-muskat-gamburgskiy-rozovoe-polusuhoe-12,zmv-koktebel-atmosfera-shardone-merlo-rkatsiteli-muskat-rozovyy-muskat-gamburgskiy-rozovoe-polusuhoe-12.webp
"Атмосфера - Шардоне, Мерло, Ркацители, Мускат Розовый, Мускат Гамбургский","розовое полусухое Атмосфера - Шардоне, Мерло, Ркацители, Мускат Розовый, Мускат Гамбургский ЗМВ Коктебель",,Розовое полусухое,zmv-koktebel-atmosfera-shardone-merlo-rkatsiteli-muskat-rozovyy-muskat-gamburgskiy-rozovoe-polusuhoe-12,zmv-koktebel-atmosfera-shardone-merlo-rkatsiteli-muskat-rozovyy-muskat-gamburgskiy-rozovoe-polusuhoe-12_bottom.webp
"Атмосфера - Каберне Совиньон, Каберне Фран, Мерло, Бастардо Магарачский","красное сухое Атмосфера - Каберне Совиньон, Каберне Фран, Мерло, Бастардо Магарачский ЗМВ Коктебель",,Красное сухое,zmv-koktebel-atmosfera-kaberne-sovinon-kaberne-fran-merlo-bastardo-magarachskiy-krasnoe-suhoe-13,zmv-koktebel-atmosfera-kaberne-sovinon-kaberne-fran-merlo-bastardo-magarachskiy-krasnoe-suhoe-13.webp
"Атмосфера - Каберне Совиньон, Каберне Фран, Мерло, Бастардо Магарачский","красное сухое Атмосфера - Каберне Совиньон, Каберне Фран, Мерло, Бастардо Магарачский ЗМВ Коктебель",,Красное сухое,zmv-koktebel-atmosfera-kaberne-sovinon-kaberne-fran-merlo-bastardo-magarachskiy-krasnoe-suhoe-13,zmv-koktebel-atmosfera-kaberne-sovinon-kaberne-fran-merlo-bastardo-magarachskiy-krasnoe-suhoe-13_bottom.webp
Гранд Купаж,красное сухое Гранд Купаж ЗМВ Коктебель,,Красное сухое,zmv-koktebel-grand-kupazh-kaberne-sovinon-krasnoe-suhoe-13,zmv-koktebel-grand-kupazh-kaberne-sovinon-krasnoe-suhoe-13.webp
Гранд Купаж,красное сухое Гранд Купаж ЗМВ Коктебель,,Красное сухое,zmv-koktebel-grand-kupazh-kaberne-sovinon-krasnoe-suhoe-13,zmv-koktebel-grand-kupazh-kaberne-sovinon-krasnoe-suhoe-13_bottom.webp
"Блан, Алиготе","белое сухое Блан, Алиготе ЗМВ Коктебель",Алиготе,Белое сухое,zmv-koktebel-blan-aligote-beloe-suhoe-12,zmv-koktebel-blan-aligote-beloe-suhoe-12.webp
"Блан, Алиготе","белое сухое Блан, Алиготе ЗМВ Коктебель",Алиготе,Белое сухое,zmv-koktebel-blan-aligote-beloe-suhoe-12,zmv-koktebel-blan-aligote-beloe-suhoe-12_bottom.webp
Реликта Экстра Брют,белое экстра брют Реликта Экстра Брют Реликта,,Белое экстра брют,relikta-relikta-ekstra-bryut-shardone-beloe-105,relikta-relikta-ekstra-bryut-shardone-beloe-105.webp
Реликта Экстра Брют,белое экстра брют Реликта Экстра Брют Реликта,,Белое экстра брют,relikta-relikta-ekstra-bryut-shardone-beloe-105,relikta-relikta-ekstra-bryut-shardone-beloe-105_bottom.webp
Мерло,красное сухое Мерло ЗМВ Коктебель,Мерло,Красное сухое,zmv-koktebel-merlo-krasnoe-suhoe-13,zmv-koktebel-merlo-krasnoe-suhoe-13.webp
Мерло,красное сухое Мерло ЗМВ Коктебель,Мерло,Красное сухое,zmv-koktebel-merlo-krasnoe-suhoe-13,zmv-koktebel-merlo-krasnoe-suhoe-13_bottom.webp
"Розе, Мерло","розовое сухое Розе, Мерло ЗМВ Коктебель",Мерло,Розовое сухое,zmv-koktebel-roze-merlo-rozovoe-suhoe-12,zmv-koktebel-roze-merlo-rozovoe-suhoe-12.webp
"Розе, Мерло","розовое сухое Розе, Мерло ЗМВ Коктебель",Мерло,Розовое сухое,zmv-koktebel-roze-merlo-rozovoe-suhoe-12,zmv-koktebel-roze-merlo-rozovoe-suhoe-12_bottom.webp
"Оранж, Ркацители","белое сухое Оранж, Ркацители ЗМВ Коктебель",Ркацители,Белое сухое,zmv-koktebel-oranzh-rkatsiteli-beloe-suhoe-125,zmv-koktebel-oranzh-rkatsiteli-beloe-suhoe-125.webp
"Оранж, Ркацители","белое сухое Оранж, Ркацители ЗМВ Коктебель",Ркацители,Белое сухое,zmv-koktebel-oranzh-rkatsiteli-beloe-suhoe-125,zmv-koktebel-oranzh-rkatsiteli-beloe-suhoe-125_bottom.webp
"Руж, Рубиновый Магарача","красное сухое Руж, Рубиновый Магарача ЗМВ Коктебель",Рубиновый Магарача,Красное сухое,zmv-koktebel-ruzh-rubinovyy-magaracha-krasnoe-suhoe-135,zmv-koktebel-ruzh-rubinovyy-magaracha-krasnoe-suhoe-135.webp
"Руж, Рубиновый Магарача","красное сухое Руж, Рубиновый Магарача ЗМВ Коктебель",Рубиновый Магарача,Красное сухое,zmv-koktebel-ruzh-rubinovyy-magaracha-krasnoe-suhoe-135,zmv-koktebel-ruzh-rubinovyy-magaracha-krasnoe-suhoe-135_bottom.webp
"Атмосфера - Ркацители, Алиготе, Кокур, Мускат Белый, Шардоне","белое полусладкое Атмосфера - Ркацители, Алиготе, Кокур, Мускат Белый, Шардоне ЗМВ Коктебель",,Белое полусладкое,zmv-koktebel-atmosfera-rkatsiteli-aligote-kokur-muskat-belyy-shardone-beloe-polusladkoe-11,zmv-koktebel-atmosfera-rkatsiteli-aligote-kokur-muskat-belyy-shardone-beloe-polusladkoe-11.webp
"Атмосфера - Ркацители, Алиготе, Кокур, Мускат Белый, Шардоне","белое полусладкое Атмосфера - Ркацители, Алиготе, Кокур, Мускат Белый, Шардоне ЗМВ Коктебель",,Белое полусладкое,zmv-koktebel-atmosfera-rkatsiteli-aligote-kokur-muskat-belyy-shardone-beloe-polusladkoe-11,zmv-koktebel-atmosfera-rkatsiteli-aligote-kokur-muskat-belyy-shardone-beloe-polusladkoe-11_bottom.webp
Шардоне,белое сухое Шардоне ЗМВ Коктебель,Шардоне,Белое сухое,zmv-koktebel-shardone-beloe-suhoe-12,zmv-koktebel-shardone-beloe-suhoe-12.webp
Шардоне,белое сухое Шардоне ЗМВ Коктебель,Шардоне,Белое сухое,zmv-koktebel-shardone-beloe-suhoe-12,zmv-koktebel-shardone-beloe-suhoe-12_bottom.webp
Бастардо,красное сухое Бастардо ЗМВ Коктебель,Бастардо,Красное сухое,zmv-koktebel-bastardo-krasnoe-suhoe-14,zmv-koktebel-bastardo-krasnoe-suhoe-14.webp
Бастардо,красное сухое Бастардо ЗМВ Коктебель,Бастардо,Красное сухое,zmv-koktebel-bastardo-krasnoe-suhoe-14,zmv-koktebel-bastardo-krasnoe-suhoe-14_bottom.webp
Пино гри десертное,белое сладкое Пино гри десертное ЗМВ Коктебель,Пино Гри,Белое сладкое,zmv-koktebel-pino-gri-desertnoe-beloe-sladkoe-16,zmv-koktebel-pino-gri-desertnoe-beloe-sladkoe-16.webp
Пино гри десертное,белое сладкое Пино гри десертное ЗМВ Коктебель,Пино Гри,Белое сладкое,zmv-koktebel-pino-gri-desertnoe-beloe-sladkoe-16,zmv-koktebel-pino-gri-desertnoe-beloe-sladkoe-16_bottom.webp
Пино Нуар брют,розовое брют Пино Нуар брют ЗМВ Коктебель,Пино Нуар,Розовое брют,zmv-koktebel-pino-nuar-bryut-rozovoe-11,zmv-koktebel-pino-nuar-bryut-rozovoe-11.webp
Пино Нуар брют,розовое брют Пино Нуар брют ЗМВ Коктебель,Пино Нуар,Розовое брют,zmv-koktebel-pino-nuar-bryut-rozovoe-11,zmv-koktebel-pino-nuar-bryut-rozovoe-11_bottom.webp
"Атмосфера - Алиготе, Ркацители, Шардоне","белое сухое Атмосфера - Алиготе, Ркацители, Шардоне ЗМВ Коктебель",,Белое сухое,zmv-koktebel-atmosfera-aligote-rkatsiteli-shardone-beloe-suhoe-11,zmv-koktebel-atmosfera-aligote-rkatsiteli-shardone-beloe-suhoe-11.webp
"Атмосфера - Алиготе, Ркацители, Шардоне","белое сухое Атмосфера - Алиготе, Ркацители, Шардоне ЗМВ Коктебель",,Белое сухое,zmv-koktebel-atmosfera-aligote-rkatsiteli-shardone-beloe-suhoe-11,zmv-koktebel-atmosfera-aligote-rkatsiteli-shardone-beloe-suhoe-11_bottom.webp
"Реликта Антей Магарачский, Мускат Белый","розовое полусухое Реликта Антей Магарачский, Мускат Белый Реликта",,Розовое полусухое,relikta-relikta-antey-magarachskiy-muskat-belyy-rozovoe-polusuhoe-11,relikta-relikta-antey-magarachskiy-muskat-belyy-rozovoe-polusuhoe-11.webp
"Реликта Антей Магарачский, Мускат Белый","розовое полусухое Реликта Антей Магарачский, Мускат Белый Реликта",,Розовое полусухое,relikta-relikta-antey-magarachskiy-muskat-belyy-rozovoe-polusuhoe-11,relikta-relikta-antey-magarachskiy-muskat-belyy-rozovoe-polusuhoe-11_bottom.webp
Реликта Декабрьский,красное полусладкое Реликта Декабрьский Реликта,,Красное полусладкое,relikta-relikta-dekabrskiy-krasnoe-polusladkoe-125,relikta-relikta-dekabrskiy-krasnoe-polusladkoe-125.webp
Реликта Декабрьский,красное полусладкое Реликта Декабрьский Реликта,,Красное полусладкое,relikta-relikta-dekabrskiy-krasnoe-polusladkoe-125,relikta-relikta-dekabrskiy-krasnoe-polusladkoe-125_bottom.webp
Реликта Мускат,белое полусухое Реликта Мускат Реликта,Мускат,Белое полусухое,relikta-relikta-muskat-beloe-polusuhoe-12,relikta-relikta-muskat-beloe-polusuhoe-12.webp
Реликта Мускат,белое полусухое Реликта Мускат Реликта,Мускат,Белое полусухое,relikta-relikta-muskat-beloe-polusuhoe-12,relikta-relikta-muskat-beloe-polusuhoe-12_bottom.webp
Кагор Высшего Качества,красное сладкое Кагор Высшего Качества ЗМВ Коктебель,,Красное сладкое,zmv-koktebel-kagor-vysshego-kachestva-kaberne-sovinon-krasnoe-sladkoe-16,zmv-koktebel-kagor-vysshego-kachestva-kaberne-sovinon-krasnoe-sladkoe-16.webp
Кагор Высшего Качества,красное сладкое Кагор Высшего Качества ЗМВ Коктебель,,Красное сладкое,zmv-koktebel-kagor-vysshego-kachestva-kaberne-sovinon-krasnoe-sladkoe-16,zmv-koktebel-kagor-vysshego-kachestva-kaberne-sovinon-krasnoe-sladkoe-16_bottom.webp
"Атмосфера - Каберне Совиньон, Мерло, Пино Черный","красное полусладкое Атмосфера - Каберне Совиньон, Мерло, Пино Черный ЗМВ Коктебель",,Красное полусладкое,zmv-koktebel-atmosfera-kaberne-sovinon-merlo-pino-chernyy-krasnoe-polusladkoe-13,zmv-koktebel-atmosfera-kaberne-sovinon-merlo-pino-chernyy-krasnoe-polusladkoe-13.webp
"Атмосфера - Каберне Совиньон, Мерло, Пино Черный","красное полусладкое Атмосфера - Каберне Совиньон, Мерло, Пино Черный ЗМВ Коктебель",,Красное полусладкое,zmv-koktebel-atmosfera-kaberne-sovinon-merlo-pino-chernyy-krasnoe-polusladkoe-13,zmv-koktebel-atmosfera-kaberne-sovinon-merlo-pino-chernyy-krasnoe-polusladkoe-13_bottom.webp
Кокур брют,белое брют Кокур брют ЗМВ Коктебель,Кокур,Белое брют,zmv-koktebel-kokur-bryut-beloe-11,zmv-koktebel-kokur-bryut-beloe-11.webp
Кокур брют,белое брют Кокур брют ЗМВ Коктебель,Кокур,Белое брют,zmv-koktebel-kokur-bryut-beloe-11,zmv-koktebel-kokur-bryut-beloe-11_bottom.webp
Реликта Петнат,розовое экстра брют Реликта Петнат Реликта,Антей магарачский,Розовое экстра брют,relikta-relikta-petnat-antey-magarachskiy-rozovoe-ekstra-bryut-11,relikta-relikta-petnat-antey-magarachskiy-rozovoe-ekstra-bryut-11.webp
Реликта Петнат,розовое экстра брют Реликта Петнат Реликта,Антей магарачский,Розовое экстра брют,relikta-relikta-petnat-antey-magarachskiy-rozovoe-ekstra-bryut-11,relikta-relikta-petnat-antey-magarachskiy-rozovoe-ekstra-bryut-11_bottom.webp
Темная роза,розовое сухое Темная роза Le K2,,Розовое сухое,le-k2-temnaya-roza-sira-rozovoe-suhoe-13,le-k2-temnaya-roza-sira-rozovoe-suhoe-13.webp
Темная роза,розовое сухое Темная роза Le K2,,Розовое сухое,le-k2-temnaya-roza-sira-rozovoe-suhoe-13,le-k2-temnaya-roza-sira-rozovoe-suhoe-13_bottom.webp
Вассал,белое сухое Вассал Le K2,Рислинг,Белое сухое,le-k2-vassal-risling-beloe-suhoe-14,le-k2-vassal-risling-beloe-suhoe-14.webp
Вассал,белое сухое Вассал Le K2,Рислинг,Белое сухое,le-k2-vassal-risling-beloe-suhoe-14,le-k2-vassal-risling-beloe-suhoe-14_bottom.webp
Реликта Первенец,белое сухое Реликта Первенец Реликта,Первенец Магарача,Белое сухое,relikta-relikta-pervenets-pervenets-magaracha-beloe-suhoe-12,relikta-relikta-pervenets-pervenets-magaracha-beloe-suhoe-12.webp
Реликта Первенец,белое сухое Реликта Первенец Реликта,Первенец Магарача,Белое сухое,relikta-relikta-pervenets-pervenets-magaracha-beloe-suhoe-12,relikta-relikta-pervenets-pervenets-magaracha-beloe-suhoe-12_bottom.webp
Реликта Мускат Белый,белое сухое Реликта Мускат Белый Реликта,Мускат Белый,Белое сухое,relikta-relikta-muskat-belyy-beloe-suhoe-12,relikta-relikta-muskat-belyy-beloe-suhoe-12.webp
Реликта Мускат Белый,белое сухое Реликта Мускат Белый Реликта,Мускат Белый,Белое сухое,relikta-relikta-muskat-belyy-beloe-suhoe-12,relikta-relikta-muskat-belyy-beloe-suhoe-12_bottom.webp
Grand Karsov,белое сухое Grand Karsov Château Le Grand Vostock,Шардоне,Белое сухое,chteau-le-grand-vostock-grand-karsov-shardone-beloe-suhoe-14,chteau-le-grand-vostock-grand-karsov-shardone-beloe-suhoe-14.webp
Grand Karsov,белое сухое Grand Karsov Château Le Grand Vostock,Шардоне,Белое сухое,chteau-le-grand-vostock-grand-karsov-shardone-beloe-suhoe-14,chteau-le-grand-vostock-grand-karsov-shardone-beloe-suhoe-14_bottom.webp
В тумане,белое сухое В тумане Le K2,Совиньон Блан,Белое сухое,le-k2-v-tumane-sovinon-blan-beloe-suhoe-127,le-k2-v-tumane-sovinon-blan-beloe-suhoe-127.webp
В тумане,белое сухое В тумане Le K2,Совиньон Блан,Белое сухое,le-k2-v-tumane-sovinon-blan-beloe-suhoe-127,le-k2-v-tumane-sovinon-blan-beloe-suhoe-127_bottom.webp
Le Chene Royal Reserve,красное сухое Le Chene Royal Reserve Château Le Grand Vostock,,Красное сухое,chteau-le-grand-vostock-le-chene-royal-reserve-merlo-krasnoe-suhoe-145,chteau-le-grand-vostock-le-chene-royal-reserve-merlo-krasnoe-suhoe-145.webp
Le Chene Royal Reserve,красное сухое Le Chene Royal Reserve Château Le Grand Vostock,,Красное сухое,chteau-le-grand-vostock-le-chene-royal-reserve-merlo-krasnoe-suhoe-145,chteau-le-grand-vostock-le-chene-royal-reserve-merlo-krasnoe-suhoe-145_bottom.webp
Cabernet Sauvignon Reserve,красное сухое Cabernet Sauvignon Reserve Château Le Grand Vostock,Каберне Совиньон,Красное сухое,chteau-le-grand-vostock-cabernet-sauvignon-reserve-kaberne-sovinon-krasnoe-suhoe-14,chteau-le-grand-vostock-cabernet-sauvignon-reserve-kaberne-sovinon-krasnoe-suhoe-14.webp
Cabernet Sauvignon Reserve,красное сухое Cabernet Sauvignon Reserve Château Le Grand Vostock,Каберне Совиньон,Красное сухое,chteau-le-grand-vostock-cabernet-sauvignon-reserve-kaberne-sovinon-krasnoe-suhoe-14,chteau-le-grand-vostock-cabernet-sauvignon-reserve-kaberne-sovinon-krasnoe-suhoe-14_bottom.webp
Cuvee Karsov Reserve,белое сухое Cuvee Karsov Reserve Château Le Grand Vostock,,Белое сухое,chteau-le-grand-vostock-cuvee-karsov-reserve-shardone-beloe-suhoe-14,chteau-le-grand-vostock-cuvee-karsov-reserve-shardone-beloe-suhoe-14.webp
Cuvee Karsov Reserve,белое сухое Cuvee Karsov Reserve Château Le Grand Vostock,,Белое сухое,chteau-le-grand-vostock-cuvee-karsov-reserve-shardone-beloe-suhoe-14,chteau-le-grand-vostock-cuvee-karsov-reserve-shardone-beloe-suhoe-14_bottom.webp
Реликта Мерло,красное сухое Реликта Мерло Реликта,Мерло,Красное сухое,relikta-relikta-merlo-krasnoe-suhoe-135,relikta-relikta-merlo-krasnoe-suhoe-135.webp
Реликта Мерло,красное сухое Реликта Мерло Реликта,Мерло,Красное сухое,relikta-relikta-merlo-krasnoe-suhoe-135,relikta-relikta-merlo-krasnoe-suhoe-135_bottom.webp
Реликта Сира,красное сухое Реликта Сира Реликта,Сира,Красное сухое,relikta-relikta-sira-krasnoe-suhoe-13,relikta-relikta-sira-krasnoe-suhoe-13.webp
Реликта Сира,красное сухое Реликта Сира Реликта,Сира,Красное сухое,relikta-relikta-sira-krasnoe-suhoe-13,relikta-relikta-sira-krasnoe-suhoe-13_bottom.webp
Реликта Траминер,белое сухое Реликта Траминер Реликта,Траминер,Белое сухое,relikta-relikta-traminer-beloe-suhoe-11,relikta-relikta-traminer-beloe-suhoe-11.webp
Реликта Траминер,белое сухое Реликта Траминер Реликта,Траминер,Белое сухое,relikta-relikta-traminer-beloe-suhoe-11,relikta-relikta-traminer-beloe-suhoe-11_bottom.webp
"Реликта Мерло, Каберне Совиньон","красное сухое Реликта Мерло, Каберне Совиньон Реликта",,Красное сухое,relikta-relikta-merlo-kaberne-sovinon-krasnoe-suhoe-135,relikta-relikta-merlo-kaberne-sovinon-krasnoe-suhoe-135.webp
"Реликта Мерло, Каберне Совиньон","красное сухое Реликта Мерло, Каберне Совиньон Реликта",,Красное сухое,relikta-relikta-merlo-kaberne-sovinon-krasnoe-suhoe-135,relikta-relikta-merlo-kaberne-sovinon-krasnoe-suhoe-135_bottom.webp
"Реликта Сира, Каберне Фран","красное сухое Реликта Сира, Каберне Фран Реликта",,Красное сухое,relikta-relikta-sira-kaberne-fran-krasnoe-suhoe-13,relikta-relikta-sira-kaberne-fran-krasnoe-suhoe-13.webp
"Реликта Сира, Каберне Фран","красное сухое Реликта Сира, Каберне Фран Реликта",,Красное сухое,relikta-relikta-sira-kaberne-fran-krasnoe-suhoe-13,relikta-relikta-sira-kaberne-fran-krasnoe-suhoe-13_bottom.webp
Реликта Шардоне,белое сухое Реликта Шардоне Реликта,Шардоне,Белое сухое,relikta-relikta-shardone-beloe-suhoe-12,relikta-relikta-shardone-beloe-suhoe-12.webp
Реликта Шардоне,белое сухое Реликта Шардоне Реликта,Шардоне,Белое сухое,relikta-relikta-shardone-beloe-suhoe-12,relikta-relikta-shardone-beloe-suhoe-12_bottom.webp
Каменоломня,красное сухое Каменоломня Le K2,Сира,Красное сухое,le-k2-kamenolomnya-sira-krasnoe-suhoe-145,le-k2-kamenolomnya-sira-krasnoe-suhoe-145.webp
Каменоломня,красное сухое Каменоломня Le K2,Сира,Красное сухое,le-k2-kamenolomnya-sira-krasnoe-suhoe-145,le-k2-kamenolomnya-sira-krasnoe-suhoe-145_bottom.webp
Реликта Рислинг,белое сухое Реликта Рислинг Реликта,Рислинг,Белое сухое,relikta-relikta-risling-beloe-suhoe-12,relikta-relikta-risling-beloe-suhoe-12.webp
Реликта Рислинг,белое сухое Реликта Рислинг Реликта,Рислинг,Белое сухое,relikta-relikta-risling-beloe-suhoe-12,relikta-relikta-risling-beloe-suhoe-12_bottom.webp
Пино нуар Пи,красное сухое Пино нуар Пи Le K2,Пино Нуар,Красное сухое,le-k2-pino-nuar-pi-krasnoe-suhoe-133,le-k2-pino-nuar-pi-krasnoe-suhoe-133.webp
Пино нуар Пи,красное сухое Пино нуар Пи Le K2,Пино Нуар,Красное сухое,le-k2-pino-nuar-pi-krasnoe-suhoe-133,le-k2-pino-nuar-pi-krasnoe-suhoe-133_bottom.webp
Реликта Варвары,красное сухое Реликта Варвары Реликта,,Красное сухое,relikta-relikta-varvary-antey-magarachskiy-krasnoe-suhoe-13-15,relikta-relikta-varvary-antey-magarachskiy-krasnoe-suhoe-13-15.webp
Реликта Варвары,красное сухое Реликта Варвары Реликта,,Красное сухое,relikta-relikta-varvary-antey-magarachskiy-krasnoe-suhoe-13-15,relikta-relikta-varvary-antey-magarachskiy-krasnoe-suhoe-13-15_bottom.webp
Pinot Gris Reserve,белое сухое Pinot Gris Reserve Château Le Grand Vostock,Пино Гри,Белое сухое,chteau-le-grand-vostock-pinot-gris-reserve-pino-gri-beloe-suhoe-135,chteau-le-grand-vostock-pinot-gris-reserve-pino-gri-beloe-suhoe-135.webp
Pinot Gris Reserve,белое сухое Pinot Gris Reserve Château Le Grand Vostock,Пино Гри,Белое сухое,chteau-le-grand-vostock-pinot-gris-reserve-pino-gri-beloe-suhoe-135,chteau-le-grand-vostock-pinot-gris-reserve-pino-gri-beloe-suhoe-135_bottom.webp
Fagotine,розовое полусладкое Fagotine Château Le Grand Vostock,Пино Гри,Розовое полусладкое,chteau-le-grand-vostock-fagotine-pino-gri-rozovoe-polusladkoe-11,chteau-le-grand-vostock-fagotine-pino-gri-rozovoe-polusladkoe-11.webp
Fagotine,розовое полусладкое Fagotine Château Le Grand Vostock,Пино Гри,Розовое полусладкое,chteau-le-grand-vostock-fagotine-pino-gri-rozovoe-polusladkoe-11,chteau-le-grand-vostock-fagotine-pino-gri-rozovoe-polusladkoe-11_bottom.webp
Pinot Gris Rose Reserve,розовое сухое Pinot Gris Rose Reserve Château Le Grand Vostock,Пино Гри,Розовое сухое,chteau-le-grand-vostock-pinot-gris-rose-reserve-pino-gri-rozovoe-suhoe-14,chteau-le-grand-vostock-pinot-gris-rose-reserve-pino-gri-rozovoe-suhoe-14.webp
Pinot Gris Rose Reserve,розовое сухое Pinot Gris Rose Reserve Château Le Grand Vostock,Пино Гри,Розовое сухое,chteau-le-grand-vostock-pinot-gris-rose-reserve-pino-gri-rozovoe-suhoe-14,chteau-le-grand-vostock-pinot-gris-rose-reserve-pino-gri-rozovoe-suhoe-14_bottom.webp
Fagotine,белое полусладкое Fagotine Château Le Grand Vostock,,Белое полусладкое,chteau-le-grand-vostock-fagotine-pino-gri-beloe-polusladkoe-105,chteau-le-grand-vostock-fagotine-pino-gri-beloe-polusladkoe-105.webp
Fagotine,белое полусладкое Fagotine Château Le Grand Vostock,,Белое полусладкое,chteau-le-grand-vostock-fagotine-pino-gri-beloe-polusladkoe-105,chteau-le-grand-vostock-fagotine-pino-gri-beloe-polusladkoe-105_bottom.webp
Достойный,красное сухое Достойный Собер Баш,Достойный,Красное сухое,sober-bash-dostoynyy-krasnoe-suhoe-14,sober-bash-dostoynyy-krasnoe-suhoe-14.webp
Достойный,красное сухое Достойный Собер Баш,Достойный,Красное сухое,sober-bash-dostoynyy-krasnoe-suhoe-14,sober-bash-dostoynyy-krasnoe-suhoe-14_bottom.webp
Эндемы Пино Нуар,розовое брют Эндемы Пино Нуар Дербент Вино,Пино Нуар,Розовое брют,derbent-vino-endemy-pino-nuar-rozovoe-bryut-105-125,derbent-vino-endemy-pino-nuar-rozovoe-bryut-105-125.webp
Эндемы Пино Нуар,розовое брют Эндемы Пино Нуар Дербент Вино,Пино Нуар,Розовое брют,derbent-vino-endemy-pino-nuar-rozovoe-bryut-105-125,derbent-vino-endemy-pino-nuar-rozovoe-bryut-105-125_bottom.webp
Эндемы Алиготе,белое брют Эндемы Алиготе Дербент Вино,Алиготе,Белое брют,derbent-vino-endemy-aligote-beloe-bryut-105-125,derbent-vino-endemy-aligote-beloe-bryut-105-125.webp
Эндемы Алиготе,белое брют Эндемы Алиготе Дербент Вино,Алиготе,Белое брют,derbent-vino-endemy-aligote-beloe-bryut-105-125,derbent-vino-endemy-aligote-beloe-bryut-105-125_bottom.webp
Cabernet Franc Reserve,красное сухое Cabernet Franc Reserve Château Le Grand Vostock,Каберне Фран,Красное сухое,chteau-le-grand-vostock-cabernet-franc-reserve-kaberne-fran-krasnoe-suhoe-14,chteau-le-grand-vostock-cabernet-franc-reserve-kaberne-fran-krasnoe-suhoe-14.webp
Cabernet Franc Reserve,красное сухое Cabernet Franc Reserve Château Le Grand Vostock,Каберне Фран,Красное сухое,chteau-le-grand-vostock-cabernet-franc-reserve-kaberne-fran-krasnoe-suhoe-14,chteau-le-grand-vostock-cabernet-franc-reserve-kaberne-fran-krasnoe-suhoe-14_bottom.webp
Sauvignon Blanc Reserve,белое сухое Sauvignon Blanc Reserve Château Le Grand Vostock,Совиньон Блан,Белое сухое,chteau-le-grand-vostock-sauvignon-blanc-reserve-sovinon-blan-beloe-suhoe-14,chteau-le-grand-vostock-sauvignon-blanc-reserve-sovinon-blan-beloe-suhoe-14.webp
Sauvignon Blanc Reserve,белое сухое Sauvignon Blanc Reserve Château Le Grand Vostock,Совиньон Блан,Белое сухое,chteau-le-grand-vostock-sauvignon-blanc-reserve-sovinon-blan-beloe-suhoe-14,chteau-le-grand-vostock-sauvignon-blanc-reserve-sovinon-blan-beloe-suhoe-14_bottom.webp
Krasnostop Reserve,красное сухое Krasnostop Reserve Château Le Grand Vostock,Красностоп,Красное сухое,chteau-le-grand-vostock-krasnostop-reserve-krasnostop-krasnoe-suhoe-14,chteau-le-grand-vostock-krasnostop-reserve-krasnostop-krasnoe-suhoe-14.webp
Krasnostop Reserve,красное сухое Krasnostop Reserve Château Le Grand Vostock,Красностоп,Красное сухое,chteau-le-grand-vostock-krasnostop-reserve-krasnostop-krasnoe-suhoe-14,chteau-le-grand-vostock-krasnostop-reserve-krasnostop-krasnoe-suhoe-14_bottom.webp
Aligote Reserve,белое сухое Aligote Reserve Château Le Grand Vostock,Алиготе,Белое сухое,chteau-le-grand-vostock-aligote-reserve-aligote-beloe-suhoe-13,chteau-le-grand-vostock-aligote-reserve-aligote-beloe-suhoe-13.webp
Aligote Reserve,белое сухое Aligote Reserve Château Le Grand Vostock,Алиготе,Белое сухое,chteau-le-grand-vostock-aligote-reserve-aligote-beloe-suhoe-13,chteau-le-grand-vostock-aligote-reserve-aligote-beloe-suhoe-13_bottom.webp
Chardonnay Reserve,белое сухое Chardonnay Reserve Château Le Grand Vostock,Шардоне,Белое сухое,chteau-le-grand-vostock-chardonnay-reserve-shardone-beloe-suhoe-14,chteau-le-grand-vostock-chardonnay-reserve-shardone-beloe-suhoe-14.webp
Chardonnay Reserve,белое сухое Chardonnay Reserve Château Le Grand Vostock,Шардоне,Белое сухое,chteau-le-grand-vostock-chardonnay-reserve-shardone-beloe-suhoe-14,chteau-le-grand-vostock-chardonnay-reserve-shardone-beloe-suhoe-14_bottom.webp
Pinot Noir Reserve,красное сухое Pinot Noir Reserve Château Le Grand Vostock,Пино Нуар,Красное сухое,chteau-le-grand-vostock-pinot-noir-reserve-pino-nuar-krasnoe-suhoe-135,chteau-le-grand-vostock-pinot-noir-reserve-pino-nuar-krasnoe-suhoe-135.webp
Pinot Noir Reserve,красное сухое Pinot Noir Reserve Château Le Grand Vostock,Пино Нуар,Красное сухое,chteau-le-grand-vostock-pinot-noir-reserve-pino-nuar-krasnoe-suhoe-135,chteau-le-grand-vostock-pinot-noir-reserve-pino-nuar-krasnoe-suhoe-135_bottom.webp
Каберне совиньон Резерва,красное сухое Каберне совиньон Резерва Вилла Уркуста,Каберне Совиньон,Красное сухое,villa-urkusta-kaberne-sovinon-rezerva-krasnoe-suhoe-15,villa-urkusta-kaberne-sovinon-rezerva-krasnoe-suhoe-15.webp
Каберне совиньон Резерва,красное сухое Каберне совиньон Резерва Вилла Уркуста,Каберне Совиньон,Красное сухое,villa-urkusta-kaberne-sovinon-rezerva-krasnoe-suhoe-15,villa-urkusta-kaberne-sovinon-rezerva-krasnoe-suhoe-15_bottom.webp
Каберне совиньон Розе де Сенье,розовое сухое Каберне совиньон Розе де Сенье Вилла Уркуста,Каберне Совиньон,Розовое сухое,villa-urkusta-kaberne-sovinon-roze-de-sene-rozovoe-suhoe-13,villa-urkusta-kaberne-sovinon-roze-de-sene-rozovoe-suhoe-13.webp
Каберне совиньон Розе де Сенье,розовое сухое Каберне совиньон Розе де Сенье Вилла Уркуста,Каберне Совиньон,Розовое сухое,villa-urkusta-kaberne-sovinon-roze-de-sene-rozovoe-suhoe-13,villa-urkusta-kaberne-sovinon-roze-de-sene-rozovoe-suhoe-13_bottom.webp
Каберне совиньон Классик,красное сухое Каберне совиньон Классик Вилла Уркуста,Каберне Совиньон,Красное сухое,villa-urkusta-kaberne-sovinon-klassik-krasnoe-suhoe-139,villa-urkusta-kaberne-sovinon-klassik-krasnoe-suhoe-139.webp
Каберне совиньон Классик,красное сухое Каберне совиньон Классик Вилла Уркуста,Каберне Совиньон,Красное сухое,villa-urkusta-kaberne-sovinon-klassik-krasnoe-suhoe-139,villa-urkusta-kaberne-sovinon-klassik-krasnoe-suhoe-139_bottom.webp
Каберне совиньон Классик,красное сухое Каберне совиньон Классик Вилла Уркуста,Каберне Совиньон,Красное сухое,villa-urkusta-kaberne-sovinon-klassik-krasnoe-suhoe-12,villa-urkusta-kaberne-sovinon-klassik-krasnoe-suhoe-12.webp
Каберне совиньон Классик,красное сухое Каберне совиньон Классик Вилла Уркуста,Каберне Совиньон,Красное сухое,villa-urkusta-kaberne-sovinon-klassik-krasnoe-suhoe-12,villa-urkusta-kaberne-sovinon-klassik-krasnoe-suhoe-12_bottom.webp
Красностоп,красное сухое Красностоп Собер Баш,Красностоп Золотовский,Красное сухое,sober-bash-krasnostop-krasnostop-zolotovskiy-krasnoe-suhoe-14,sober-bash-krasnostop-krasnostop-zolotovskiy-krasnoe-suhoe-14.webp
Красностоп,красное сухое Красностоп Собер Баш,Красностоп Золотовский,Красное сухое,sober-bash-krasnostop-krasnostop-zolotovskiy-krasnoe-suhoe-14,sober-bash-krasnostop-krasnostop-zolotovskiy-krasnoe-suhoe-14_bottom.webp
Гравити,красное сухое Гравити Alma Valley,,Красное сухое,alma-valley-graviti-kaberne-sovinon-krasnoe-suhoe-15,alma-valley-graviti-kaberne-sovinon-krasnoe-suhoe-15.webp
Гравити,красное сухое Гравити Alma Valley,,Красное сухое,alma-valley-graviti-kaberne-sovinon-krasnoe-suhoe-15,alma-valley-graviti-kaberne-sovinon-krasnoe-suhoe-15_bottom.webp
Эндемы Каберне Фран,красное сухое Эндемы Каберне Фран Дербент Вино,Каберне Фран,Красное сухое,derbent-vino-endemy-kaberne-fran-krasnoe-suhoe-13,derbent-vino-endemy-kaberne-fran-krasnoe-suhoe-13.webp
Эндемы Каберне Фран,красное сухое Эндемы Каберне Фран Дербент Вино,Каберне Фран,Красное сухое,derbent-vino-endemy-kaberne-fran-krasnoe-suhoe-13,derbent-vino-endemy-kaberne-fran-krasnoe-suhoe-13_bottom.webp
Кавказиан Ркацители,белое сухое Кавказиан Ркацители Дербент Вино,Ркацители,Белое сухое,derbent-vino-kavkazian-rkatsiteli-beloe-suhoe-12,derbent-vino-kavkazian-rkatsiteli-beloe-suhoe-12.webp
Кавказиан Ркацители,белое сухое Кавказиан Ркацители Дербент Вино,Ркацители,Белое сухое,derbent-vino-kavkazian-rkatsiteli-beloe-suhoe-12,derbent-vino-kavkazian-rkatsiteli-beloe-suhoe-12_bottom.webp
Каберне совиньон Блан де Нуар,белое сухое Каберне совиньон Блан де Нуар Вилла Уркуста,Каберне Совиньон,Белое сухое,villa-urkusta-kaberne-sovinon-blan-de-nuar-beloe-suhoe-13,villa-urkusta-kaberne-sovinon-blan-de-nuar-beloe-suhoe-13.webp
Каберне совиньон Блан де Нуар,белое сухое Каберне совиньон Блан де Нуар Вилла Уркуста,Каберне Совиньон,Белое сухое,villa-urkusta-kaberne-sovinon-blan-de-nuar-beloe-suhoe-13,villa-urkusta-kaberne-sovinon-blan-de-nuar-beloe-suhoe-13_bottom.webp
Vostock Blanc,белое сухое Vostock Blanc Château Le Grand Vostock,,Белое сухое,chteau-le-grand-vostock-vostock-blanc-sovinon-blan-beloe-suhoe-135,chteau-le-grand-vostock-vostock-blanc-sovinon-blan-beloe-suhoe-135.webp
Vostock Blanc,белое сухое Vostock Blanc Château Le Grand Vostock,,Белое сухое,chteau-le-grand-vostock-vostock-blanc-sovinon-blan-beloe-suhoe-135,chteau-le-grand-vostock-vostock-blanc-sovinon-blan-beloe-suhoe-135_bottom.webp
Sauvignon Blanc,белое сухое Sauvignon Blanc Château Le Grand Vostock,Совиньон Блан,Белое сухое,chteau-le-grand-vostock-sauvignon-blanc-sovinon-blan-beloe-suhoe-14,chteau-le-grand-vostock-sauvignon-blanc-sovinon-blan-beloe-suhoe-14.webp
Sauvignon Blanc,белое сухое Sauvignon Blanc Château Le Grand Vostock,Совиньон Блан,Белое сухое,chteau-le-grand-vostock-sauvignon-blanc-sovinon-blan-beloe-suhoe-14,chteau-le-grand-vostock-sauvignon-blanc-sovinon-blan-beloe-suhoe-14_bottom.webp
Эндемы Мерло,красное сухое Эндемы Мерло Дербент Вино,Мерло,Красное сухое,derbent-vino-endemy-merlo-krasnoe-suhoe-13,derbent-vino-endemy-merlo-krasnoe-suhoe-13.webp
Эндемы Мерло,красное сухое Эндемы Мерло Дербент Вино,Мерло,Красное сухое,derbent-vino-endemy-merlo-krasnoe-suhoe-13,derbent-vino-endemy-merlo-krasnoe-suhoe-13_bottom.webp
Merlot,красное сухое Merlot Château Le Grand Vostock,Мерло,Красное сухое,chteau-le-grand-vostock-merlot-merlo-krasnoe-suhoe-14,chteau-le-grand-vostock-merlot-merlo-krasnoe-suhoe-14.webp
Merlot,красное сухое Merlot Château Le Grand Vostock,Мерло,Красное сухое,chteau-le-grand-vostock-merlot-merlo-krasnoe-suhoe-14,chteau-le-grand-vostock-merlot-merlo-krasnoe-suhoe-14_bottom.webp
Кавказиан Джараули,красное полусладкое Кавказиан Джараули Дербент Вино,,Красное полусладкое,derbent-vino-kavkazian-dzharauli-moldova-krasnoe-polusladkoe-11,derbent-vino-kavkazian-dzharauli-moldova-krasnoe-polusladkoe-11.webp
Кавказиан Джараули,красное полусладкое Кавказиан Джараули Дербент Вино,,Красное полусладкое,derbent-vino-kavkazian-dzharauli-moldova-krasnoe-polusladkoe-11,derbent-vino-kavkazian-dzharauli-moldova-krasnoe-polusladkoe-11_bottom.webp
Эндемы Шардоне,белое сухое Эндемы Шардоне Дербент Вино,Шардоне,Белое сухое,derbent-vino-endemy-shardone-beloe-suhoe-13,derbent-vino-endemy-shardone-beloe-suhoe-13.webp
Эндемы Шардоне,белое сухое Эндемы Шардоне Дербент Вино,Шардоне,Белое сухое,derbent-vino-endemy-shardone-beloe-suhoe-13,derbent-vino-endemy-shardone-beloe-suhoe-13_bottom.webp
Кавказиан,красное полусладкое Кавказиан Дербент Вино,,Красное полусладкое,derbent-vino-kavkazian-merlo-krasnoe-polusladkoe-105-125,derbent-vino-kavkazian-merlo-krasnoe-polusladkoe-105-125.webp
Кавказиан,красное полусладкое Кавказиан Дербент Вино,,Красное полусладкое,derbent-vino-kavkazian-merlo-krasnoe-polusladkoe-105-125,derbent-vino-kavkazian-merlo-krasnoe-polusladkoe-105-125_bottom.webp
Cabernet Sauvignon,красное сухое Cabernet Sauvignon Château Le Grand Vostock,Каберне Совиньон,Красное сухое,chteau-le-grand-vostock-cabernet-sauvignon-kaberne-sovinon-krasnoe-suhoe-14,chteau-le-grand-vostock-cabernet-sauvignon-kaberne-sovinon-krasnoe-suhoe-14.webp
Cabernet Sauvignon,красное сухое Cabernet Sauvignon Château Le Grand Vostock,Каберне Совиньон,Красное сухое,chteau-le-grand-vostock-cabernet-sauvignon-kaberne-sovinon-krasnoe-suhoe-14,chteau-le-grand-vostock-cabernet-sauvignon-kaberne-sovinon-krasnoe-suhoe-14_bottom.webp
Aligote,белое сухое Aligote Château Le Grand Vostock,Алиготе,Белое сухое,chteau-le-grand-vostock-aligote-aligote-beloe-suhoe-125,chteau-le-grand-vostock-aligote-aligote-beloe-suhoe-125.webp
Aligote,белое сухое Aligote Château Le Grand Vostock,Алиготе,Белое сухое,chteau-le-grand-vostock-aligote-aligote-beloe-suhoe-125,chteau-le-grand-vostock-aligote-aligote-beloe-suhoe-125_bottom.webp
Кавказиан,белое брют Кавказиан Дербент Вино,Ркацители,Белое брют,derbent-vino-kavkazian-rkatsiteli-beloe-bryut-105-125,derbent-vino-kavkazian-rkatsiteli-beloe-bryut-105-125.webp
Кавказиан,белое брют Кавказиан Дербент Вино,Ркацители,Белое брют,derbent-vino-kavkazian-rkatsiteli-beloe-bryut-105-125,derbent-vino-kavkazian-rkatsiteli-beloe-bryut-105-125_bottom.webp
Эндемы Каберне Совиньон,красное сухое Эндемы Каберне Совиньон Дербент Вино,Каберне Совиньон,Красное сухое,derbent-vino-endemy-kaberne-sovinon-krasnoe-suhoe-13,derbent-vino-endemy-kaberne-sovinon-krasnoe-suhoe-13.webp
Эндемы Каберне Совиньон,красное сухое Эндемы Каберне Совиньон Дербент Вино,Каберне Совиньон,Красное сухое,derbent-vino-endemy-kaberne-sovinon-krasnoe-suhoe-13,derbent-vino-endemy-kaberne-sovinon-krasnoe-suhoe-13_bottom.webp
Эндемы Саперави,красное сухое Эндемы Саперави Дербент Вино,Саперави,Красное сухое,derbent-vino-endemy-saperavi-krasnoe-suhoe-13,derbent-vino-endemy-saperavi-krasnoe-suhoe-13.webp
Эндемы Саперави,красное сухое Эндемы Саперави Дербент Вино,Саперави,Красное сухое,derbent-vino-endemy-saperavi-krasnoe-suhoe-13,derbent-vino-endemy-saperavi-krasnoe-suhoe-13_bottom.webp
Cadet Karsov,белое сухое Cadet Karsov Château Le Grand Vostock,,Белое сухое,chteau-le-grand-vostock-cadet-karsov-shardone-beloe-suhoe-135,chteau-le-grand-vostock-cadet-karsov-shardone-beloe-suhoe-135.webp
Cadet Karsov,белое сухое Cadet Karsov Château Le Grand Vostock,,Белое сухое,chteau-le-grand-vostock-cadet-karsov-shardone-beloe-suhoe-135,chteau-le-grand-vostock-cadet-karsov-shardone-beloe-suhoe-135_bottom.webp
Каберне совиньон Кларет,розовое полусухое Каберне совиньон Кларет Вилла Уркуста,Каберне Совиньон,Розовое полусухое,villa-urkusta-kaberne-sovinon-klaret-rozovoe-polusuhoe-15,villa-urkusta-kaberne-sovinon-klaret-rozovoe-polusuhoe-15.webp
Каберне совиньон Кларет,розовое полусухое Каберне совиньон Кларет Вилла Уркуста,Каберне Совиньон,Розовое полусухое,villa-urkusta-kaberne-sovinon-klaret-rozovoe-polusuhoe-15,villa-urkusta-kaberne-sovinon-klaret-rozovoe-polusuhoe-15_bottom.webp
Chardonnay,белое сухое Chardonnay Château Le Grand Vostock,Шардоне,Белое сухое,chteau-le-grand-vostock-chardonnay-shardone-beloe-suhoe-14,chteau-le-grand-vostock-chardonnay-shardone-beloe-suhoe-14.webp
Chardonnay,белое сухое Chardonnay Château Le Grand Vostock,Шардоне,Белое сухое,chteau-le-grand-vostock-chardonnay-shardone-beloe-suhoe-14,chteau-le-grand-vostock-chardonnay-shardone-beloe-suhoe-14_bottom.webp
Каберне Фран,красное сухое Каберне Фран Собер Баш,Каберне Фран,Красное сухое,sober-bash-kaberne-fran-krasnoe-suhoe-13,sober-bash-kaberne-fran-krasnoe-suhoe-13.webp
Каберне Фран,красное сухое Каберне Фран Собер Баш,Каберне Фран,Красное сухое,sober-bash-kaberne-fran-krasnoe-suhoe-13,sober-bash-kaberne-fran-krasnoe-suhoe-13_bottom.webp
Эндемы Совиньон,белое брют Эндемы Совиньон Дербент Вино,Совиньон,Белое брют,derbent-vino-endemy-sovinon-beloe-bryut-105-125,derbent-vino-endemy-sovinon-beloe-bryut-105-125.webp
Эндемы Совиньон,белое брют Эндемы Совиньон Дербент Вино,Совиньон,Белое брют,derbent-vino-endemy-sovinon-beloe-bryut-105-125,derbent-vino-endemy-sovinon-beloe-bryut-105-125_bottom.webp
Дэсоно Каберне Совиньон,красное сухое Дэсоно Каберне Совиньон Дербент Вино,Каберне Совиньон,Красное сухое,derbent-vino-desono-kaberne-sovinon-krasnoe-suhoe-125,derbent-vino-desono-kaberne-sovinon-krasnoe-suhoe-125.webp
Дэсоно Каберне Совиньон,красное сухое Дэсоно Каберне Совиньон Дербент Вино,Каберне Совиньон,Красное сухое,derbent-vino-desono-kaberne-sovinon-krasnoe-suhoe-125,derbent-vino-desono-kaberne-sovinon-krasnoe-suhoe-125_bottom.webp
Дэсоно Совиньон экстра брют,белое экстра брют Дэсоно Совиньон экстра брют Дербент Вино,Совиньон Блан,Белое экстра брют,derbent-vino-desono-sovinon-ekstra-bryut-sovinon-blan-beloe-105-125,derbent-vino-desono-sovinon-ekstra-bryut-sovinon-blan-beloe-105-125.webp
Дэсоно Совиньон экстра брют,белое экстра брют Дэсоно Совиньон экстра брют Дербент Вино,Совиньон Блан,Белое экстра брют,derbent-vino-desono-sovinon-ekstra-bryut-sovinon-blan-beloe-105-125,derbent-vino-desono-sovinon-ekstra-bryut-sovinon-blan-beloe-105-125_bottom.webp
Дэсоно Саперави,красное сухое Дэсоно Саперави Дербент Вино,Саперави,Красное сухое,derbent-vino-desono-saperavi-krasnoe-suhoe-125,derbent-vino-desono-saperavi-krasnoe-suhoe-125.webp
Дэсоно Саперави,красное сухое Дэсоно Саперави Дербент Вино,Саперави,Красное сухое,derbent-vino-desono-saperavi-krasnoe-suhoe-125,derbent-vino-desono-saperavi-krasnoe-suhoe-125_bottom.webp
Дэсоно Шардоне,белое сухое Дэсоно Шардоне Дербент Вино,Шардоне,Белое сухое,derbent-vino-desono-shardone-beloe-suhoe-125,derbent-vino-desono-shardone-beloe-suhoe-125.webp
Дэсоно Шардоне,белое сухое Дэсоно Шардоне Дербент Вино,Шардоне,Белое сухое,derbent-vino-desono-shardone-beloe-suhoe-125,derbent-vino-desono-shardone-beloe-suhoe-125_bottom.webp
Дэсоно Мерло,красное сухое Дэсоно Мерло Дербент Вино,Мерло,Красное сухое,derbent-vino-desono-merlo-krasnoe-suhoe-125,derbent-vino-desono-merlo-krasnoe-suhoe-125.webp
Дэсоно Мерло,красное сухое Дэсоно Мерло Дербент Вино,Мерло,Красное сухое,derbent-vino-desono-merlo-krasnoe-suhoe-125,derbent-vino-desono-merlo-krasnoe-suhoe-125_bottom.webp
Дэсоно Рислинг,белое сухое Дэсоно Рислинг Дербент Вино,Рислинг,Белое сухое,derbent-vino-desono-risling-beloe-suhoe-125,derbent-vino-desono-risling-beloe-suhoe-125.webp
Дэсоно Рислинг,белое сухое Дэсоно Рислинг Дербент Вино,Рислинг,Белое сухое,derbent-vino-desono-risling-beloe-suhoe-125,derbent-vino-desono-risling-beloe-suhoe-125_bottom.webp
Эндемы Шардоне,белое брют Эндемы Шардоне Дербент Вино,Шардоне,Белое брют,derbent-vino-endemy-shardone-beloe-bryut-105-125,derbent-vino-endemy-shardone-beloe-bryut-105-125.webp
Эндемы Шардоне,белое брют Эндемы Шардоне Дербент Вино,Шардоне,Белое брют,derbent-vino-endemy-shardone-beloe-bryut-105-125,derbent-vino-endemy-shardone-beloe-bryut-105-125_bottom.webp
Дэсоно Саперави розе,розовое сухое Дэсоно Саперави розе Дербент Вино,Саперави,Розовое сухое,derbent-vino-desono-saperavi-roze-rozovoe-suhoe-125,derbent-vino-desono-saperavi-roze-rozovoe-suhoe-125.webp
Дэсоно Саперави розе,розовое сухое Дэсоно Саперави розе Дербент Вино,Саперави,Розовое сухое,derbent-vino-desono-saperavi-roze-rozovoe-suhoe-125,derbent-vino-desono-saperavi-roze-rozovoe-suhoe-125_bottom.webp
Дэсоно Ркацители оранж,белое сухое Дэсоно Ркацители оранж Дербент Вино,Ркацители,Белое сухое,derbent-vino-desono-rkatsiteli-oranzh-beloe-suhoe-125,derbent-vino-desono-rkatsiteli-oranzh-beloe-suhoe-125.webp
Дэсоно Ркацители оранж,белое сухое Дэсоно Ркацители оранж Дербент Вино,Ркацители,Белое сухое,derbent-vino-desono-rkatsiteli-oranzh-beloe-suhoe-125,derbent-vino-desono-rkatsiteli-oranzh-beloe-suhoe-125_bottom.webp
Граф Воронцов. Брют белое,белое брют Граф Воронцов. Брют белое Дербент Вино,,Белое брют,derbent-vino-graf-vorontsov-bryut-beloe-sovinon-blan-105-125,derbent-vino-graf-vorontsov-bryut-beloe-sovinon-blan-105-125.webp
Граф Воронцов. Брют белое,белое брют Граф Воронцов. Брют белое Дербент Вино,,Белое брют,derbent-vino-graf-vorontsov-bryut-beloe-sovinon-blan-105-125,derbent-vino-graf-vorontsov-bryut-beloe-sovinon-blan-105-125_bottom.webp
Ди Каспико,красное полусладкое Ди Каспико Дербент Вино,Мерло,Красное полусладкое,derbent-vino-di-kaspiko-merlo-krasnoe-polusladkoe-11,derbent-vino-di-kaspiko-merlo-krasnoe-polusladkoe-11.webp
Ди Каспико,красное полусладкое Ди Каспико Дербент Вино,Мерло,Красное полусладкое,derbent-vino-di-kaspiko-merlo-krasnoe-polusladkoe-11,derbent-vino-di-kaspiko-merlo-krasnoe-polusladkoe-11_bottom.webp
Ди Каспико Ркацители,белое сухое Ди Каспико Ркацители Дербент Вино,Ркацители,Белое сухое,derbent-vino-di-kaspiko-rkatsiteli-beloe-suhoe-12,derbent-vino-di-kaspiko-rkatsiteli-beloe-suhoe-12.webp
Ди Каспико Ркацители,белое сухое Ди Каспико Ркацители Дербент Вино,Ркацители,Белое сухое,derbent-vino-di-kaspiko-rkatsiteli-beloe-suhoe-12,derbent-vino-di-kaspiko-rkatsiteli-beloe-suhoe-12_bottom.webp
Ди Каспико Рислинг,белое сухое Ди Каспико Рислинг Дербент Вино,Рислинг,Белое сухое,derbent-vino-di-kaspiko-risling-beloe-suhoe-12,derbent-vino-di-kaspiko-risling-beloe-suhoe-12.webp
Ди Каспико Рислинг,белое сухое Ди Каспико Рислинг Дербент Вино,Рислинг,Белое сухое,derbent-vino-di-kaspiko-risling-beloe-suhoe-12,derbent-vino-di-kaspiko-risling-beloe-suhoe-12_bottom.webp
Ди Каспико Каберне Совиньон,красное сухое Ди Каспико Каберне Совиньон Дербент Вино,Каберне Совиньон,Красное сухое,derbent-vino-di-kaspiko-kaberne-sovinon-krasnoe-suhoe-135,derbent-vino-di-kaspiko-kaberne-sovinon-krasnoe-suhoe-135.webp
Ди Каспико Каберне Совиньон,красное сухое Ди Каспико Каберне Совиньон Дербент Вино,Каберне Совиньон,Красное сухое,derbent-vino-di-kaspiko-kaberne-sovinon-krasnoe-suhoe-135,derbent-vino-di-kaspiko-kaberne-sovinon-krasnoe-suhoe-135_bottom.webp
Саперави,красное сухое Саперави Собер Баш,Саперави,Красное сухое,sober-bash-saperavi-krasnoe-suhoe-13,sober-bash-saperavi-krasnoe-suhoe-13.webp
Саперави,красное сухое Саперави Собер Баш,Саперави,Красное сухое,sober-bash-saperavi-krasnoe-suhoe-13,sober-bash-saperavi-krasnoe-suhoe-13_bottom.webp
Ди Каспико Мерло,красное сухое Ди Каспико Мерло Дербент Вино,Мерло,Красное сухое,derbent-vino-di-kaspiko-merlo-krasnoe-suhoe-13,derbent-vino-di-kaspiko-merlo-krasnoe-suhoe-13.webp
Ди Каспико Мерло,красное сухое Ди Каспико Мерло Дербент Вино,Мерло,Красное сухое,derbent-vino-di-kaspiko-merlo-krasnoe-suhoe-13,derbent-vino-di-kaspiko-merlo-krasnoe-suhoe-13_bottom.webp
Ди Каспико Совиньон,белое сухое Ди Каспико Совиньон Дербент Вино,Совиньон Блан,Белое сухое,derbent-vino-di-kaspiko-sovinon-sovinon-blan-beloe-suhoe-12,derbent-vino-di-kaspiko-sovinon-sovinon-blan-beloe-suhoe-12.webp
Ди Каспико Совиньон,белое сухое Ди Каспико Совиньон Дербент Вино,Совиньон Блан,Белое сухое,derbent-vino-di-kaspiko-sovinon-sovinon-blan-beloe-suhoe-12,derbent-vino-di-kaspiko-sovinon-sovinon-blan-beloe-suhoe-12_bottom.webp
Ди Каспико,белое полусладкое Ди Каспико Дербент Вино,,Белое полусладкое,derbent-vino-di-kaspiko-rkatsiteli-beloe-polusladkoe-11,derbent-vino-di-kaspiko-rkatsiteli-beloe-polusladkoe-11.webp
Ди Каспико,белое полусладкое Ди Каспико Дербент Вино,,Белое полусладкое,derbent-vino-di-kaspiko-rkatsiteli-beloe-polusladkoe-11,derbent-vino-di-kaspiko-rkatsiteli-beloe-polusladkoe-11_bottom.webp
Ди Каспико Саперави,красное сухое Ди Каспико Саперави Дербент Вино,Саперави,Красное сухое,derbent-vino-di-kaspiko-saperavi-krasnoe-suhoe-13,derbent-vino-di-kaspiko-saperavi-krasnoe-suhoe-13.webp
Ди Каспико Саперави,красное сухое Ди Каспико Саперави Дербент Вино,Саперави,Красное сухое,derbent-vino-di-kaspiko-saperavi-krasnoe-suhoe-13,derbent-vino-di-kaspiko-saperavi-krasnoe-suhoe-13_bottom.webp
Ди Каспико,белое полусладкое Ди Каспико Дербент Вино,,Белое полусладкое,derbent-vino-di-kaspiko-shardone-beloe-polusladkoe-105-125,derbent-vino-di-kaspiko-shardone-beloe-polusladkoe-105-125.webp
Ди Каспико,белое полусладкое Ди Каспико Дербент Вино,,Белое полусладкое,derbent-vino-di-kaspiko-shardone-beloe-polusladkoe-105-125,derbent-vino-di-kaspiko-shardone-beloe-polusladkoe-105-125_bottom.webp
Граф Воронцов. Белое полусладкое,белое полусладкое Граф Воронцов. Белое полусладкое Дербент Вино,,Белое полусладкое,derbent-vino-graf-vorontsov-beloe-polusladkoe-sovinon-blan-105-125,derbent-vino-graf-vorontsov-beloe-polusladkoe-sovinon-blan-105-125.webp
Граф Воронцов. Белое полусладкое,белое полусладкое Граф Воронцов. Белое полусладкое Дербент Вино,,Белое полусладкое,derbent-vino-graf-vorontsov-beloe-polusladkoe-sovinon-blan-105-125,derbent-vino-graf-vorontsov-beloe-polusladkoe-sovinon-blan-105-125_bottom.webp
Ди Каспико Шардоне,белое сухое Ди Каспико Шардоне Дербент Вино,Шардоне,Белое сухое,derbent-vino-di-kaspiko-shardone-beloe-suhoe-125,derbent-vino-di-kaspiko-shardone-beloe-suhoe-125.webp
Ди Каспико Шардоне,белое сухое Ди Каспико Шардоне Дербент Вино,Шардоне,Белое сухое,derbent-vino-di-kaspiko-shardone-beloe-suhoe-125,derbent-vino-di-kaspiko-shardone-beloe-suhoe-125_bottom.webp
Ди Каспико,белое брют Ди Каспико Дербент Вино,,Белое брют,derbent-vino-di-kaspiko-shardone-beloe-bryut-105-125,derbent-vino-di-kaspiko-shardone-beloe-bryut-105-125.webp
Ди Каспико,белое брют Ди Каспико Дербент Вино,,Белое брют,derbent-vino-di-kaspiko-shardone-beloe-bryut-105-125,derbent-vino-di-kaspiko-shardone-beloe-bryut-105-125_bottom.webp
Афа,красное сухое Афа Собер Баш,,Красное сухое,sober-bash-afa-kaberne-sovinon-krasnoe-suhoe-125,sober-bash-afa-kaberne-sovinon-krasnoe-suhoe-125.webp
Афа,красное сухое Афа Собер Баш,,Красное сухое,sober-bash-afa-kaberne-sovinon-krasnoe-suhoe-125,sober-bash-afa-kaberne-sovinon-krasnoe-suhoe-125_bottom.webp
Дэсоно Рислинг экстра брют,белое экстра брют Дэсоно Рислинг экстра брют Дербент Вино,Рислинг,Белое экстра брют,derbent-vino-desono-risling-ekstra-bryut-beloe-105-125,derbent-vino-desono-risling-ekstra-bryut-beloe-105-125.webp
Дэсоно Рислинг экстра брют,белое экстра брют Дэсоно Рислинг экстра брют Дербент Вино,Рислинг,Белое экстра брют,derbent-vino-desono-risling-ekstra-bryut-beloe-105-125,derbent-vino-desono-risling-ekstra-bryut-beloe-105-125_bottom.webp
Граф Воронцов. Брют розовое,розовое брют Граф Воронцов. Брют розовое Дербент Вино,,Розовое брют,derbent-vino-graf-vorontsov-bryut-rozovoe-pervenets-magaracha-105-125,derbent-vino-graf-vorontsov-bryut-rozovoe-pervenets-magaracha-105-125.webp
Граф Воронцов. Брют розовое,розовое брют Граф Воронцов. Брют розовое Дербент Вино,,Розовое брют,derbent-vino-graf-vorontsov-bryut-rozovoe-pervenets-magaracha-105-125,derbent-vino-graf-vorontsov-bryut-rozovoe-pervenets-magaracha-105-125_bottom.webp
Ди Каспико Фиори ди Маре Верде,розовое полусухое Ди Каспико Фиори ди Маре Верде Дербент Вино,,Розовое полусухое,derbent-vino-di-kaspiko-fiori-di-mare-verde-avgustin-rozovoe-polusuhoe-10,derbent-vino-di-kaspiko-fiori-di-mare-verde-avgustin-rozovoe-polusuhoe-10.webp
Ди Каспико Фиори ди Маре Верде,розовое полусухое Ди Каспико Фиори ди Маре Верде Дербент Вино,,Розовое полусухое,derbent-vino-di-kaspiko-fiori-di-mare-verde-avgustin-rozovoe-polusuhoe-10,derbent-vino-di-kaspiko-fiori-di-mare-verde-avgustin-rozovoe-polusuhoe-10_bottom.webp
Ди Каспико Розе,розовое сухое Ди Каспико Розе Дербент Вино,,Розовое сухое,derbent-vino-di-kaspiko-roze-shardone-rozovoe-suhoe-12,derbent-vino-di-kaspiko-roze-shardone-rozovoe-suhoe-12.webp
Ди Каспико Розе,розовое сухое Ди Каспико Розе Дербент Вино,,Розовое сухое,derbent-vino-di-kaspiko-roze-shardone-rozovoe-suhoe-12,derbent-vino-di-kaspiko-roze-shardone-rozovoe-suhoe-12_bottom.webp
Рислинг,белое сухое Рислинг Собер Баш,Рислинг Рейнский,Белое сухое,sober-bash-risling-risling-reynskiy-beloe-suhoe-12,sober-bash-risling-risling-reynskiy-beloe-suhoe-12.webp
Рислинг,белое сухое Рислинг Собер Баш,Рислинг Рейнский,Белое сухое,sober-bash-risling-risling-reynskiy-beloe-suhoe-12,sober-bash-risling-risling-reynskiy-beloe-suhoe-12_bottom.webp
Рубин & Рубин,красное сухое Рубин & Рубин Собер Баш,Рубин АЗОС,Красное сухое,sober-bash-rubin-rubin-rubin-azos-krasnoe-suhoe-14,sober-bash-rubin-rubin-rubin-azos-krasnoe-suhoe-14.webp
Рубин & Рубин,красное сухое Рубин & Рубин Собер Баш,Рубин АЗОС,Красное сухое,sober-bash-rubin-rubin-rubin-azos-krasnoe-suhoe-14,sober-bash-rubin-rubin-rubin-azos-krasnoe-suhoe-14_bottom.webp
Грани. Плечистик,красное сухое Грани. Плечистик Собер Баш,Плечистик,Красное сухое,sober-bash-grani-plechistik-krasnoe-suhoe-12,sober-bash-grani-plechistik-krasnoe-suhoe-12.webp
Грани. Плечистик,красное сухое Грани. Плечистик Собер Баш,Плечистик,Красное сухое,sober-bash-grani-plechistik-krasnoe-suhoe-12,sober-bash-grani-plechistik-krasnoe-suhoe-12_bottom.webp
Саперави Амфора,красное сухое Саперави Амфора Собер Баш,Саперави,Красное сухое,sober-bash-saperavi-amfora-krasnoe-suhoe-14,sober-bash-saperavi-amfora-krasnoe-suhoe-14.webp
Саперави Амфора,красное сухое Саперави Амфора Собер Баш,Саперави,Красное сухое,sober-bash-saperavi-amfora-krasnoe-suhoe-14,sober-bash-saperavi-amfora-krasnoe-suhoe-14_bottom.webp
Ркацители,белое сухое Ркацители Собер Баш,Ркацители,Белое сухое,sober-bash-rkatsiteli-beloe-suhoe-14,sober-bash-rkatsiteli-beloe-suhoe-14.webp
Ркацители,белое сухое Ркацители Собер Баш,Ркацители,Белое сухое,sober-bash-rkatsiteli-beloe-suhoe-14,sober-bash-rkatsiteli-beloe-suhoe-14_bottom.webp
Красностоп Амфора,красное сухое Красностоп Амфора Собер Баш,Красностоп Золотовский,Красное сухое,sober-bash-krasnostop-amfora-krasnostop-zolotovskiy-krasnoe-suhoe-13,sober-bash-krasnostop-amfora-krasnostop-zolotovskiy-krasnoe-suhoe-13.webp
Красностоп Амфора,красное сухое Красностоп Амфора Собер Баш,Красностоп Золотовский,Красное сухое,sober-bash-krasnostop-amfora-krasnostop-zolotovskiy-krasnoe-suhoe-13,sober-bash-krasnostop-amfora-krasnostop-zolotovskiy-krasnoe-suhoe-13_bottom.webp
Хихви,белое сухое Хихви Собер Баш,Хихви,Белое сухое,sober-bash-hihvi-beloe-suhoe-15,sober-bash-hihvi-beloe-suhoe-15.webp
Хихви,белое сухое Хихви Собер Баш,Хихви,Белое сухое,sober-bash-hihvi-beloe-suhoe-15,sober-bash-hihvi-beloe-suhoe-15_bottom.webp
Грани. Кумшацкий,белое сухое Грани. Кумшацкий Собер Баш,Кумшацкий белый,Белое сухое,sober-bash-grani-kumshatskiy-kumshatskiy-belyy-beloe-suhoe-11,sober-bash-grani-kumshatskiy-kumshatskiy-belyy-beloe-suhoe-11.webp
Грани. Кумшацкий,белое сухое Грани. Кумшацкий Собер Баш,Кумшацкий белый,Белое сухое,sober-bash-grani-kumshatskiy-kumshatskiy-belyy-beloe-suhoe-11,sober-bash-grani-kumshatskiy-kumshatskiy-belyy-beloe-suhoe-11_bottom.webp
Каберне Фран,розовое сухое Каберне Фран Собер Баш,Каберне Фран,Розовое сухое,sober-bash-kaberne-fran-rozovoe-suhoe-12,sober-bash-kaberne-fran-rozovoe-suhoe-12.webp
Каберне Фран,розовое сухое Каберне Фран Собер Баш,Каберне Фран,Розовое сухое,sober-bash-kaberne-fran-rozovoe-suhoe-12,sober-bash-kaberne-fran-rozovoe-suhoe-12_bottom.webp
Ркацители Амфора,белое сухое Ркацители Амфора Собер Баш,Ркацители,Белое сухое,sober-bash-rkatsiteli-amfora-beloe-suhoe-135,sober-bash-rkatsiteli-amfora-beloe-suhoe-135.webp
Ркацители Амфора,белое сухое Ркацители Амфора Собер Баш,Ркацители,Белое сухое,sober-bash-rkatsiteli-amfora-beloe-suhoe-135,sober-bash-rkatsiteli-amfora-beloe-suhoe-135_bottom.webp
Хихви Амфора,белое сухое Хихви Амфора Собер Баш,Хихви,Белое сухое,sober-bash-hihvi-amfora-beloe-suhoe-14,sober-bash-hihvi-amfora-beloe-suhoe-14.webp
Хихви Амфора,белое сухое Хихви Амфора Собер Баш,Хихви,Белое сухое,sober-bash-hihvi-amfora-beloe-suhoe-14,sober-bash-hihvi-amfora-beloe-suhoe-14_bottom.webp
Грани. Мускат,белое сухое Грани. Мускат Собер Баш,Мускат Джалло,Белое сухое,sober-bash-grani-muskat-muskat-dzhialo-beloe-suhoe-12,sober-bash-grani-muskat-muskat-dzhialo-beloe-suhoe-12.webp
Грани. Мускат,белое сухое Грани. Мускат Собер Баш,Мускат Джалло,Белое сухое,sober-bash-grani-muskat-muskat-dzhialo-beloe-suhoe-12,sober-bash-grani-muskat-muskat-dzhialo-beloe-suhoe-12_bottom.webp
Каберне Фран,красное сухое Каберне Фран Собер Баш,Каберне Фран,Красное сухое,sober-bash-kaberne-fran-krasnoe-suhoe-127,sober-bash-kaberne-fran-krasnoe-suhoe-127.webp
Каберне Фран,красное сухое Каберне Фран Собер Баш,Каберне Фран,Красное сухое,sober-bash-kaberne-fran-krasnoe-suhoe-127,sober-bash-kaberne-fran-krasnoe-suhoe-127_bottom.webp
Аврора 2024,розовое сухое Аврора 2024 Собер Баш,Красностоп Золотовский,Розовое сухое,sober-bash-avrora-2024-krasnostop-zolotovskiy-rozovoe-suhoe-14,sober-bash-avrora-2024-krasnostop-zolotovskiy-rozovoe-suhoe-14.webp
Аврора 2024,розовое сухое Аврора 2024 Собер Баш,Красностоп Золотовский,Розовое сухое,sober-bash-avrora-2024-krasnostop-zolotovskiy-rozovoe-suhoe-14,sober-bash-avrora-2024-krasnostop-zolotovskiy-rozovoe-suhoe-14_bottom.webp
Пухляковский,белое сухое Пухляковский Собер Баш,Пухляковский,Белое сухое,sober-bash-puhlyakovskiy-beloe-suhoe-12,sober-bash-puhlyakovskiy-beloe-suhoe-12.webp
Пухляковский,белое сухое Пухляковский Собер Баш,Пухляковский,Белое сухое,sober-bash-puhlyakovskiy-beloe-suhoe-12,sober-bash-puhlyakovskiy-beloe-suhoe-12_bottom.webp
Кумшацкий,белое сухое Кумшацкий Собер Баш,Кумшацкий белый,Белое сухое,sober-bash-kumshatskiy-kumshatskiy-belyy-beloe-suhoe-11,sober-bash-kumshatskiy-kumshatskiy-belyy-beloe-suhoe-11.webp
Кумшацкий,белое сухое Кумшацкий Собер Баш,Кумшацкий белый,Белое сухое,sober-bash-kumshatskiy-kumshatskiy-belyy-beloe-suhoe-11,sober-bash-kumshatskiy-kumshatskiy-belyy-beloe-suhoe-11_bottom.webp
Две долины. Лиури 2023,розовое сухое Две долины. Лиури 2023 Собер Баш,,Розовое сухое,sober-bash-dve-doliny-liuri-2023-dostoynyy-rozovoe-suhoe-13,sober-bash-dve-doliny-liuri-2023-dostoynyy-rozovoe-suhoe-13.webp
Две долины. Лиури 2023,розовое сухое Две долины. Лиури 2023 Собер Баш,,Розовое сухое,sober-bash-dve-doliny-liuri-2023-dostoynyy-rozovoe-suhoe-13,sober-bash-dve-doliny-liuri-2023-dostoynyy-rozovoe-suhoe-13_bottom.webp
Две долины. Цимлянский 2023,красное сухое Две долины. Цимлянский 2023 Собер Баш,,Красное сухое,sober-bash-dve-doliny-tsimlyanskiy-2023-tsimlyanskiy-chernyy-krasnoe-suhoe-13,sober-bash-dve-doliny-tsimlyanskiy-2023-tsimlyanskiy-chernyy-krasnoe-suhoe-13.webp
Две долины. Цимлянский 2023,красное сухое Две долины. Цимлянский 2023 Собер Баш,,Красное сухое,sober-bash-dve-doliny-tsimlyanskiy-2023-tsimlyanskiy-chernyy-krasnoe-suhoe-13,sober-bash-dve-doliny-tsimlyanskiy-2023-tsimlyanskiy-chernyy-krasnoe-suhoe-13_bottom.webp
Рислинг,белое сухое Рислинг Собер Баш,Рислинг Рейнский,Белое сухое,sober-bash-risling-risling-reynskiy-beloe-suhoe-11,sober-bash-risling-risling-reynskiy-beloe-suhoe-11.webp
Рислинг,белое сухое Рислинг Собер Баш,Рислинг Рейнский,Белое сухое,sober-bash-risling-risling-reynskiy-beloe-suhoe-11,sober-bash-risling-risling-reynskiy-beloe-suhoe-11_bottom.webp
Пино Гри,белое сухое Пино Гри Собер Баш,Пино Гри,Белое сухое,sober-bash-pino-gri-beloe-suhoe-11,sober-bash-pino-gri-beloe-suhoe-11.webp
Пино Гри,белое сухое Пино Гри Собер Баш,Пино Гри,Белое сухое,sober-bash-pino-gri-beloe-suhoe-11,sober-bash-pino-gri-beloe-suhoe-11_bottom.webp
Корвина,красное сухое Корвина Собер Баш,,Красное сухое,sober-bash-korvina-krasnostop-zolotovskiy-krasnoe-suhoe-14,sober-bash-korvina-krasnostop-zolotovskiy-krasnoe-suhoe-14.webp
Корвина,красное сухое Корвина Собер Баш,,Красное сухое,sober-bash-korvina-krasnostop-zolotovskiy-krasnoe-suhoe-14,sober-bash-korvina-krasnostop-zolotovskiy-krasnoe-suhoe-14_bottom.webp
Трезвая голова. Розовое,розовое сухое Трезвая голова. Розовое Собер Баш,,Розовое сухое,sober-bash-trezvaya-golova-rozovoe-krasnostop-zolotovskiy-suhoe-115,sober-bash-trezvaya-golova-rozovoe-krasnostop-zolotovskiy-suhoe-115.webp
Трезвая голова. Розовое,розовое сухое Трезвая голова. Розовое Собер Баш,,Розовое сухое,sober-bash-trezvaya-golova-rozovoe-krasnostop-zolotovskiy-suhoe-115,sober-bash-trezvaya-golova-rozovoe-krasnostop-zolotovskiy-suhoe-115_bottom.webp
Две долины. Каберне Фран 2023,красное полусухое Две долины. Каберне Фран 2023 Собер Баш,,Красное полусухое,sober-bash-dve-doliny-kaberne-fran-2023-krasnoe-polusuhoe-14,sober-bash-dve-doliny-kaberne-fran-2023-krasnoe-polusuhoe-14.webp
Две долины. Каберне Фран 2023,красное полусухое Две долины. Каберне Фран 2023 Собер Баш,,Красное полусухое,sober-bash-dve-doliny-kaberne-fran-2023-krasnoe-polusuhoe-14,sober-bash-dve-doliny-kaberne-fran-2023-krasnoe-polusuhoe-14_bottom.webp
Две долины. Мюллер Тургау 2023,белое сухое Две долины. Мюллер Тургау 2023 Собер Баш,Мюллер тургау,Белое сухое,sober-bash-dve-doliny-myuller-turgau-2023-beloe-suhoe-117,sober-bash-dve-doliny-myuller-turgau-2023-beloe-suhoe-117.webp
Две долины. Мюллер Тургау 2023,белое сухое Две долины. Мюллер Тургау 2023 Собер Баш,Мюллер тургау,Белое сухое,sober-bash-dve-doliny-myuller-turgau-2023-beloe-suhoe-117,sober-bash-dve-doliny-myuller-turgau-2023-beloe-suhoe-117_bottom.webp
Две долины. Саперави-Качич,красное полусухое Две долины. Саперави-Качич Собер Баш,Саперави,Красное полусухое,sober-bash-dve-doliny-saperavi-kachich-krasnoe-polusuhoe-15,sober-bash-dve-doliny-saperavi-kachich-krasnoe-polusuhoe-15.webp
Две долины. Саперави-Качич,красное полусухое Две долины. Саперави-Качич Собер Баш,Саперави,Красное полусухое,sober-bash-dve-doliny-saperavi-kachich-krasnoe-polusuhoe-15,sober-bash-dve-doliny-saperavi-kachich-krasnoe-polusuhoe-15_bottom.webp
Две долины. Аури,белое сухое Две долины. Аури Собер Баш,,Белое сухое,sober-bash-dve-doliny-auri-mtsvane-kahetinskiy-beloe-suhoe-125,sober-bash-dve-doliny-auri-mtsvane-kahetinskiy-beloe-suhoe-125.webp
Две долины. Аури,белое сухое Две долины. Аури Собер Баш,,Белое сухое,sober-bash-dve-doliny-auri-mtsvane-kahetinskiy-beloe-suhoe-125,sober-bash-dve-doliny-auri-mtsvane-kahetinskiy-beloe-suhoe-125_bottom.webp
Трезвая голова. Саперави,красное сухое Трезвая голова. Саперави Собер Баш,Саперави,Красное сухое,sober-bash-trezvaya-golova-saperavi-krasnoe-suhoe-14,sober-bash-trezvaya-golova-saperavi-krasnoe-suhoe-14.webp
Трезвая голова. Саперави,красное сухое Трезвая голова. Саперави Собер Баш,Саперави,Красное сухое,sober-bash-trezvaya-golova-saperavi-krasnoe-suhoe-14,sober-bash-trezvaya-golova-saperavi-krasnoe-suhoe-14_bottom.webp
Трезвая голова. Ркацители,белое сухое Трезвая голова. Ркацители Собер Баш,Ркацители,Белое сухое,sober-bash-trezvaya-golova-rkatsiteli-beloe-suhoe-12,sober-bash-trezvaya-golova-rkatsiteli-beloe-suhoe-12.webp
Трезвая голова. Ркацители,белое сухое Трезвая голова. Ркацители Собер Баш,Ркацители,Белое сухое,sober-bash-trezvaya-golova-rkatsiteli-beloe-suhoe-12,sober-bash-trezvaya-golova-rkatsiteli-beloe-suhoe-12_bottom.webp
Трезвая голова. Цимлянский+Голубок,красное сухое Трезвая голова. Цимлянский+Голубок Собер Баш,,Красное сухое,sober-bash-trezvaya-golova-tsimlyanskiygolubok-tsimlyanskiy-chernyy-krasnoe-suhoe-135,sober-bash-trezvaya-golova-tsimlyanskiygolubok-tsimlyanskiy-chernyy-krasnoe-suhoe-135.webp
Трезвая голова. Цимлянский+Голубок,красное сухое Трезвая голова. Цимлянский+Голубок Собер Баш,,Красное сухое,sober-bash-trezvaya-golova-tsimlyanskiygolubok-tsimlyanskiy-chernyy-krasnoe-suhoe-135,sober-bash-trezvaya-golova-tsimlyanskiygolubok-tsimlyanskiy-chernyy-krasnoe-suhoe-135_bottom.webp
Трезвая голова. Сибирьковый+Пино Гри,белое сухое Трезвая голова. Сибирьковый+Пино Гри Собер Баш,,Белое сухое,sober-bash-trezvaya-golova-sibirkovyypino-gri-beloe-suhoe-11,sober-bash-trezvaya-golova-sibirkovyypino-gri-beloe-suhoe-11.webp
Трезвая голова. Сибирьковый+Пино Гри,белое сухое Трезвая голова. Сибирьковый+Пино Гри Собер Баш,,Белое сухое,sober-bash-trezvaya-golova-sibirkovyypino-gri-beloe-suhoe-11,sober-bash-trezvaya-golova-sibirkovyypino-gri-beloe-suhoe-11_bottom.webp
Трезвая голова. Рислинг,белое сухое Трезвая голова. Рислинг Собер Баш,Рислинг Рейнский,Белое сухое,sober-bash-trezvaya-golova-risling-risling-reynskiy-beloe-suhoe-10,sober-bash-trezvaya-golova-risling-risling-reynskiy-beloe-suhoe-10.webp
Трезвая голова. Рислинг,белое сухое Трезвая голова. Рислинг Собер Баш,Рислинг Рейнский,Белое сухое,sober-bash-trezvaya-golova-risling-risling-reynskiy-beloe-suhoe-10,sober-bash-trezvaya-golova-risling-risling-reynskiy-beloe-suhoe-10_bottom.webp
"Игристое жемчужное вино полусладкое белое ""Ди Каспико Фиори ди Маре"" (Di Caspico Fiori di Mare)","белое полусладкое Игристое жемчужное вино полусладкое белое ""Ди Каспико Фиори ди Маре"" (Di Caspico Fiori di Mare) Дербент Вино",Цитронный Магарача,Белое полусладкое,igristoe-zhemchuzhnoe-vino-polusladkoe-beloe-di-kaspiko-fiori-di-mare-di-caspico-fiori-di-mare,igristoe-zhemchuzhnoe-vino-polusladkoe-beloe-di-kaspiko-fiori-di-mare-di-caspico-fiori-di-mare.webp
"Игристое жемчужное вино полусладкое белое ""Ди Каспико Фиори ди Маре"" (Di Caspico Fiori di Mare)","белое полусладкое Игристое жемчужное вино полусладкое белое ""Ди Каспико Фиори ди Маре"" (Di Caspico Fiori di Mare) Дербент Вино",Цитронный Магарача,Белое полусладкое,igristoe-zhemchuzhnoe-vino-polusladkoe-beloe-di-kaspiko-fiori-di-mare-di-caspico-fiori-di-mare,igristoe-zhemchuzhnoe-vino-polusladkoe-beloe-di-kaspiko-fiori-di-mare-di-caspico-fiori-di-mare_bottom.webp
Игристое вино брют белое Di Caspico,белое брют Игристое вино брют белое Di Caspico Дербент Вино,,Белое брют,igristoe-vino-bryut-beloe-di-caspico,igristoe-vino-bryut-beloe-di-caspico.webp
Игристое вино брют белое Di Caspico,белое брют Игристое вино брют белое Di Caspico Дербент Вино,,Белое брют,igristoe-vino-bryut-beloe-di-caspico,igristoe-vino-bryut-beloe-di-caspico_bottom.webp
"Игристое жемчужное вино полусладкое розовое ""Ди Каспико Фиори ди Маре"" (Di Caspico Fiori di Mare)","розовое полусладкое Игристое жемчужное вино полусладкое розовое ""Ди Каспико Фиори ди Маре"" (Di Caspico Fiori di Mare) Дербент Вино",Пино Нуар,Розовое полусладкое,igristoe-zhemchuzhnoe-vino-polusladkoe-rozovoe-di-kaspiko-fiori-di-mare-di-caspico-fiori-di-mare,igristoe-zhemchuzhnoe-vino-polusladkoe-rozovoe-di-kaspiko-fiori-di-mare-di-caspico-fiori-di-mare.webp
"Игристое жемчужное вино полусладкое розовое ""Ди Каспико Фиори ди Маре"" (Di Caspico Fiori di Mare)","розовое полусладкое Игристое жемчужное вино полусладкое розовое ""Ди Каспико Фиори ди Маре"" (Di Caspico Fiori di Mare) Дербент Вино",Пино Нуар,Розовое полусладкое,igristoe-zhemchuzhnoe-vino-polusladkoe-rozovoe-di-kaspiko-fiori-di-mare-di-caspico-fiori-di-mare,igristoe-zhemchuzhnoe-vino-polusladkoe-rozovoe-di-kaspiko-fiori-di-mare-di-caspico-fiori-di-mare_bottom.webp
Игристое вино экстра брют белое Di Caspico,белое экстра брют Игристое вино экстра брют белое Di Caspico Дербент Вино,,Белое экстра брют,igristoe-vino-ekstra-bryut-beloe-di-caspico,igristoe-vino-ekstra-bryut-beloe-di-caspico.webp
Игристое вино экстра брют белое Di Caspico,белое экстра брют Игристое вино экстра брют белое Di Caspico Дербент Вино,,Белое экстра брют,igristoe-vino-ekstra-bryut-beloe-di-caspico,igristoe-vino-ekstra-bryut-beloe-di-caspico_bottom.webp
Cabernet Franc-Pinot Noir 2021,красное сухое Cabernet Franc-Pinot Noir 2021 Vibes,Каберне Фран,Красное сухое,cabernet-franc-pinot-noir-2021,cabernet-franc-pinot-noir-2021.webp
Cabernet Franc-Pinot Noir 2021,красное сухое Cabernet Franc-Pinot Noir 2021 Vibes,Каберне Фран,Красное сухое,cabernet-franc-pinot-noir-2021,cabernet-franc-pinot-noir-2021_bottom.webp
Cabernet Franc-Pinot Noir 2022,красное сухое Cabernet Franc-Pinot Noir 2022 Vibes,Каберне Фран,Красное сухое,cabernet-franc-pinot-noir-2022,cabernet-franc-pinot-noir-2022.webp
Cabernet Franc-Pinot Noir 2022,красное сухое Cabernet Franc-Pinot Noir 2022 Vibes,Каберне Фран,Красное сухое,cabernet-franc-pinot-noir-2022,cabernet-franc-pinot-noir-2022_bottom.webp
"VIBES, Chardonnay Barrel Fermented 2021","белое сухое VIBES, Chardonnay Barrel Fermented 2021 Vibes",Шардоне,Белое сухое,vibes-chardonnay-barrel-fermented-2021,vibes-chardonnay-barrel-fermented-2021.webp
"VIBES, Chardonnay Barrel Fermented 2021","белое сухое VIBES, Chardonnay Barrel Fermented 2021 Vibes",Шардоне,Белое сухое,vibes-chardonnay-barrel-fermented-2021,vibes-chardonnay-barrel-fermented-2021_bottom.webp
"VIBES, Монтепульчано, Каберне Фран, Пти Вердо","красное сухое VIBES, Монтепульчано, Каберне Фран, Пти Вердо Vibes",Монтепульчано,Красное сухое,vibes-montepulchano-kaberne-fran-pti-verdo,vibes-montepulchano-kaberne-fran-pti-verdo.webp
"VIBES, Монтепульчано, Каберне Фран, Пти Вердо","красное сухое VIBES, Монтепульчано, Каберне Фран, Пти Вердо Vibes",Монтепульчано,Красное сухое,vibes-montepulchano-kaberne-fran-pti-verdo,vibes-montepulchano-kaberne-fran-pti-verdo_bottom.webp
Pinot Noir 2024,белое сухое Pinot Noir 2024 One Barrel by Dmitry Maslov (OBDM),Пино Нуар,Белое сухое,pinot-noir-2024,pinot-noir-2024.webp
Pinot Noir 2024,белое сухое Pinot Noir 2024 One Barrel by Dmitry Maslov (OBDM),Пино Нуар,Белое сухое,pinot-noir-2024,pinot-noir-2024_bottom.webp
Chardonnay 2024,белое сухое Chardonnay 2024  One Barrel by Dmitry Maslov (OBDM),Шардоне,Белое сухое,chardonnay-2024,chardonnay-2024.webp
Chardonnay 2024,белое сухое Chardonnay 2024  One Barrel by Dmitry Maslov (OBDM),Шардоне,Белое сухое,chardonnay-2024,chardonnay-2024_bottom.webp
"Vibes, Vermentino-Viognier Barrel Fermented 2022","белое сухое Vibes, Vermentino-Viognier Barrel Fermented 2022 Vibes",Верментино,Белое сухое,vibes-vermentino-viognier-barrel-fermented-2022,vibes-vermentino-viognier-barrel-fermented-2022.webp
"Vibes, Vermentino-Viognier Barrel Fermented 2022","белое сухое Vibes, Vermentino-Viognier Barrel Fermented 2022 Vibes",Верментино,Белое сухое,vibes-vermentino-viognier-barrel-fermented-2022,vibes-vermentino-viognier-barrel-fermented-2022_bottom.webp
Cabernet Franc 2024,красное сухое Cabernet Franc 2024 One Barrel by Dmitry Maslov (OBDM),Каберне Фран,Красное сухое,cabernet-franc-2024-one-barrel-by-dmitry-maslov-kaberne-fran-2024-uan-barrel-dmitrij-maslov,cabernet-franc-2024-one-barrel-by-dmitry-maslov-kaberne-fran-2024-uan-barrel-dmitrij-maslov.webp
Cabernet Franc 2024,красное сухое Cabernet Franc 2024 One Barrel by Dmitry Maslov (OBDM),Каберне Фран,Красное сухое,cabernet-franc-2024-one-barrel-by-dmitry-maslov-kaberne-fran-2024-uan-barrel-dmitrij-maslov,cabernet-franc-2024-one-barrel-by-dmitry-maslov-kaberne-fran-2024-uan-barrel-dmitrij-maslov_bottom.webp
"VIBES, Glera Col-Fondo 2022","белое брют VIBES, Glera Col-Fondo 2022 Vibes",Глера,Белое брют,vibes-glera-col-fondo-2022,vibes-glera-col-fondo-2022.webp
"VIBES, Glera Col-Fondo 2022","белое брют VIBES, Glera Col-Fondo 2022 Vibes",Глера,Белое брют,vibes-glera-col-fondo-2022,vibes-glera-col-fondo-2022_bottom.webp
"VIBES, Pinot Grigio 2021","белое сухое VIBES, Pinot Grigio 2021 Vibes",Пино Гриджио,Белое сухое,vibes-pinot-grigio-2021,vibes-pinot-grigio-2021.webp
"VIBES, Pinot Grigio 2021","белое сухое VIBES, Pinot Grigio 2021 Vibes",Пино Гриджио,Белое сухое,vibes-pinot-grigio-2021,vibes-pinot-grigio-2021_bottom.webp
"VIBES, Riesling-Silvaner 2022","белое сухое VIBES, Riesling-Silvaner 2022 Vibes",Рислинг,Белое сухое,vibes-riesling-silvaner-2022,vibes-riesling-silvaner-2022.webp
"VIBES, Riesling-Silvaner 2022","белое сухое VIBES, Riesling-Silvaner 2022 Vibes",Рислинг,Белое сухое,vibes-riesling-silvaner-2022,vibes-riesling-silvaner-2022_bottom.webp
Vermentino-Viognier 2022,белое сухое Vermentino-Viognier 2022 Vibes,Верментино,Белое сухое,vermentino-viognier-2022,vermentino-viognier-2022.webp
Vermentino-Viognier 2022,белое сухое Vermentino-Viognier 2022 Vibes,Верментино,Белое сухое,vermentino-viognier-2022,vermentino-viognier-2022_bottom.webp
Новый Свет полусухое коллекционное,белое полусухое Новый Свет полусухое коллекционное Новый Свет. Дом шампанских вин,Шардоне,Белое полусухое,novyj-svet-polusuhoe-kollekczionnoe,novyj-svet-polusuhoe-kollekczionnoe.webp
Новый Свет полусухое коллекционное,белое полусухое Новый Свет полусухое коллекционное Новый Свет. Дом шампанских вин,Шардоне,Белое полусухое,novyj-svet-polusuhoe-kollekczionnoe,novyj-svet-polusuhoe-kollekczionnoe_bottom.webp
Новый Свет. Рислинг Кюве де Престиж,белое экстра брют Новый Свет. Рислинг Кюве де Престиж Новый Свет. Дом шампанских вин,Рислинг,Белое экстра брют,novyj-svet-risling-kyuve-de-prestizh,novyj-svet-risling-kyuve-de-prestizh.webp
Новый Свет. Рислинг Кюве де Престиж,белое экстра брют Новый Свет. Рислинг Кюве де Престиж Новый Свет. Дом шампанских вин,Рислинг,Белое экстра брют,novyj-svet-risling-kyuve-de-prestizh,novyj-svet-risling-kyuve-de-prestizh_bottom.webp
Новый Свет. Алиготе,белое экстра брют Новый Свет. Алиготе Новый Свет. Дом шампанских вин,Алиготе,Белое экстра брют,novyj-svet-aligote,novyj-svet-aligote.webp
Новый Свет. Алиготе,белое экстра брют Новый Свет. Алиготе Новый Свет. Дом шампанских вин,Алиготе,Белое экстра брют,novyj-svet-aligote,novyj-svet-aligote_bottom.webp
Новый Свет. Шардоне Кюве Де Престиж,белое экстра брют Новый Свет. Шардоне Кюве Де Престиж Новый Свет. Дом шампанских вин,Шардоне,Белое экстра брют,novyj-svet-shardone-kyuve-de-prestizh-1,novyj-svet-shardone-kyuve-de-prestizh-1.webp
Новый Свет. Шардоне Кюве Де Престиж,белое экстра брют Новый Свет. Шардоне Кюве Де Престиж Новый Свет. Дом шампанских вин,Шардоне,Белое экстра брют,novyj-svet-shardone-kyuve-de-prestizh-1,novyj-svet-shardone-kyuve-de-prestizh-1_bottom.webp
Новый Свет. Каберне Совиньон,красное брют Новый Свет. Каберне Совиньон Новый Свет. Дом шампанских вин,Каберне Совиньон,Красное брют,novyj-svet-kaberne-sovinon,novyj-svet-kaberne-sovinon.webp
Новый Свет. Каберне Совиньон,красное брют Новый Свет. Каберне Совиньон Новый Свет. Дом шампанских вин,Каберне Совиньон,Красное брют,novyj-svet-kaberne-sovinon,novyj-svet-kaberne-sovinon_bottom.webp
Новый Свет. Каберне Совиньон полусладкое,красное полусладкое Новый Свет. Каберне Совиньон полусладкое Новый Свет. Дом шампанских вин,Каберне Совиньон,Красное полусладкое,novyj-svet-kaberne-sovinon-polusladkoe,novyj-svet-kaberne-sovinon-polusladkoe.webp
Новый Свет. Каберне Совиньон полусладкое,красное полусладкое Новый Свет. Каберне Совиньон полусладкое Новый Свет. Дом шампанских вин,Каберне Совиньон,Красное полусладкое,novyj-svet-kaberne-sovinon-polusladkoe,novyj-svet-kaberne-sovinon-polusladkoe_bottom.webp
Новый Свет. Пино Гри Миллезим,розовое брют Новый Свет. Пино Гри Миллезим Новый Свет. Дом шампанских вин,Пино Гри,Розовое брют,novyj-svet-pino-gri-millezim,novyj-svet-pino-gri-millezim.webp
Новый Свет. Пино Гри Миллезим,розовое брют Новый Свет. Пино Гри Миллезим Новый Свет. Дом шампанских вин,Пино Гри,Розовое брют,novyj-svet-pino-gri-millezim,novyj-svet-pino-gri-millezim_bottom.webp
Новый Свет выдержанное брют,белое брют Новый Свет выдержанное брют Новый Свет. Дом шампанских вин,Шардоне,Белое брют,novyj-svet-vyderzhannoe-bryut,novyj-svet-vyderzhannoe-bryut.webp
Новый Свет выдержанное брют,белое брют Новый Свет выдержанное брют Новый Свет. Дом шампанских вин,Шардоне,Белое брют,novyj-svet-vyderzhannoe-bryut,novyj-svet-vyderzhannoe-bryut_bottom.webp
Новый Свет коллекционное брют,белое брют Новый Свет коллекционное брют Новый Свет. Дом шампанских вин,Шардоне,Белое брют,novyj-svet-kollekczionnoe-bryut,novyj-svet-kollekczionnoe-bryut.webp
Новый Свет коллекционное брют,белое брют Новый Свет коллекционное брют Новый Свет. Дом шампанских вин,Шардоне,Белое брют,novyj-svet-kollekczionnoe-bryut,novyj-svet-kollekczionnoe-bryut_bottom.webp
Новый Свет. Парадизио,белое брют Новый Свет. Парадизио Новый Свет. Дом шампанских вин,Шардоне,Белое брют,novyj-svet-paradizio,novyj-svet-paradizio.webp
Новый Свет. Парадизио,белое брют Новый Свет. Парадизио Новый Свет. Дом шампанских вин,Шардоне,Белое брют,novyj-svet-paradizio,novyj-svet-paradizio_bottom.webp
Кокур Премиум,белое сухое Кокур Премиум Массандра,Кокур Белый,Белое сухое,kokur-premium,kokur-premium.webp
Кокур Премиум,белое сухое Кокур Премиум Массандра,Кокур Белый,Белое сухое,kokur-premium,kokur-premium_bottom.webp
Мускат позднего сбора розовый,розовое сладкое Мускат позднего сбора розовый Массандра,Мускат Розовый,Розовое сладкое,muskat-pozdnego-sbora-rozovyj,muskat-pozdnego-sbora-rozovyj.webp
Мускат позднего сбора розовый,розовое сладкое Мускат позднего сбора розовый Массандра,Мускат Розовый,Розовое сладкое,muskat-pozdnego-sbora-rozovyj,muskat-pozdnego-sbora-rozovyj_bottom.webp
Алиготе Авторское,белое сухое Алиготе Авторское Массандра,Алиготе,Белое сухое,aligote-avtorskoe,aligote-avtorskoe.webp
Алиготе Авторское,белое сухое Алиготе Авторское Массандра,Алиготе,Белое сухое,aligote-avtorskoe,aligote-avtorskoe_bottom.webp
Кокур Авторское,белое сухое Кокур Авторское Массандра,Кокур Белый,Белое сухое,kokur-avtorskoe,kokur-avtorskoe.webp
Кокур Авторское,белое сухое Кокур Авторское Массандра,Кокур Белый,Белое сухое,kokur-avtorskoe,kokur-avtorskoe_bottom.webp
Пино Гри Авторское,белое сухое Пино Гри Авторское Массандра,Пино Гри,Белое сухое,pino-gri-avtorskoe,pino-gri-avtorskoe.webp
Пино Гри Авторское,белое сухое Пино Гри Авторское Массандра,Пино Гри,Белое сухое,pino-gri-avtorskoe,pino-gri-avtorskoe_bottom.webp
Cаперави. Авторское вино,красное сухое Cаперави. Авторское вино Массандра,Саперави,Красное сухое,caperavi-avtorskoe-vino,caperavi-avtorskoe-vino.webp
Cаперави. Авторское вино,красное сухое Cаперави. Авторское вино Массандра,Саперави,Красное сухое,caperavi-avtorskoe-vino,caperavi-avtorskoe-vino_bottom.webp
Мускат. Авторское вино,белое сухое Мускат. Авторское вино Массандра,Мускат Белый,Белое сухое,muskat-avtorskoe-vino,muskat-avtorskoe-vino.webp
Мускат. Авторское вино,белое сухое Мускат. Авторское вино Массандра,Мускат Белый,Белое сухое,muskat-avtorskoe-vino,muskat-avtorskoe-vino_bottom.webp
Алиготе. Авторское вино,белое сухое Алиготе. Авторское вино Массандра,Алиготе,Белое сухое,aligote-avtorskoe-vino,aligote-avtorskoe-vino.webp
Алиготе. Авторское вино,белое сухое Алиготе. Авторское вино Массандра,Алиготе,Белое сухое,aligote-avtorskoe-vino,aligote-avtorskoe-vino_bottom.webp
Розе. Авторское вино,розовое сухое Розе. Авторское вино Массандра,Сира,Розовое сухое,roze-avtorskoe-vino,roze-avtorskoe-vino.webp
Розе. Авторское вино,розовое сухое Розе. Авторское вино Массандра,Сира,Розовое сухое,roze-avtorskoe-vino,roze-avtorskoe-vino_bottom.webp
Каберне Совиньон,красное сладкое Каберне Совиньон Массандра,Каберне Совиньон,Красное сладкое,kaberne-sovinon,kaberne-sovinon.webp
Каберне Совиньон,красное сладкое Каберне Совиньон Массандра,Каберне Совиньон,Красное сладкое,kaberne-sovinon,kaberne-sovinon_bottom.webp
Cары Пандас. Авторское вино,белое сухое Cары Пандас. Авторское вино Массандра,Сары Пандас,Белое сухое,cary-pandas-avtorskoe-vino,cary-pandas-avtorskoe-vino.webp
Cары Пандас. Авторское вино,белое сухое Cары Пандас. Авторское вино Массандра,Сары Пандас,Белое сухое,cary-pandas-avtorskoe-vino,cary-pandas-avtorskoe-vino_bottom.webp
Cира. Авторское вино,красное сухое Cира. Авторское вино Массандра,Сира,Красное сухое,cira-avtorskoe-vino,cira-avtorskoe-vino.webp
Cира. Авторское вино,красное сухое Cира. Авторское вино Массандра,Сира,Красное сухое,cira-avtorskoe-vino,cira-avtorskoe-vino_bottom.webp
Каберне. Авторское вино,красное сухое Каберне. Авторское вино Массандра,Каберне Совиньон,Красное сухое,kaberne-avtorskoe-vino,kaberne-avtorskoe-vino.webp
Каберне. Авторское вино,красное сухое Каберне. Авторское вино Массандра,Каберне Совиньон,Красное сухое,kaberne-avtorskoe-vino,kaberne-avtorskoe-vino_bottom.webp
Новый Свет. Золотой Рислинг,белое брют Новый Свет. Золотой Рислинг Новый Свет. Дом шампанских вин,Рислинг,Белое брют,novyj-svet-zolotoj-risling,novyj-svet-zolotoj-risling.webp
Новый Свет. Золотой Рислинг,белое брют Новый Свет. Золотой Рислинг Новый Свет. Дом шампанских вин,Рислинг,Белое брют,novyj-svet-zolotoj-risling,novyj-svet-zolotoj-risling_bottom.webp
Новый Свет. Шардоне,белое брют Новый Свет. Шардоне Новый Свет. Дом шампанских вин,Шардоне,Белое брют,novyj-svet-shardone,novyj-svet-shardone.webp
Новый Свет. Шардоне,белое брют Новый Свет. Шардоне Новый Свет. Дом шампанских вин,Шардоне,Белое брют,novyj-svet-shardone,novyj-svet-shardone_bottom.webp
Новый Свет. Шардоне Кюве де Престиж,белое брют Новый Свет. Шардоне Кюве де Престиж Новый Свет. Дом шампанских вин,Шардоне,Белое брют,novyj-svet-shardone-kyuve-de-prestizh,novyj-svet-shardone-kyuve-de-prestizh.webp
Новый Свет. Шардоне Кюве де Престиж,белое брют Новый Свет. Шардоне Кюве де Престиж Новый Свет. Дом шампанских вин,Шардоне,Белое брют,novyj-svet-shardone-kyuve-de-prestizh,novyj-svet-shardone-kyuve-de-prestizh_bottom.webp
Новый Свет. Блан Де Нуар,белое экстра брют Новый Свет. Блан Де Нуар Новый Свет. Дом шампанских вин,Пино Нуар,Белое экстра брют,novyj-svet-blan-de-nuar,novyj-svet-blan-de-nuar.webp
Новый Свет. Блан Де Нуар,белое экстра брют Новый Свет. Блан Де Нуар Новый Свет. Дом шампанских вин,Пино Нуар,Белое экстра брют,novyj-svet-blan-de-nuar,novyj-svet-blan-de-nuar_bottom.webp
Новый Свет. Каберне,розовое брют Новый Свет. Каберне Новый Свет. Дом шампанских вин,Каберне Совиньон,Розовое брют,novyj-svet-kaberne,novyj-svet-kaberne.webp
Новый Свет. Каберне,розовое брют Новый Свет. Каберне Новый Свет. Дом шампанских вин,Каберне Совиньон,Розовое брют,novyj-svet-kaberne,novyj-svet-kaberne_bottom.webp
Новый Свет полусладкое,белое полусладкое Новый Свет полусладкое Новый Свет. Дом шампанских вин,Шардоне,Белое полусладкое,novyj-svet-polusladkoe,novyj-svet-polusladkoe.webp
Новый Свет полусладкое,белое полусладкое Новый Свет полусладкое Новый Свет. Дом шампанских вин,Шардоне,Белое полусладкое,novyj-svet-polusladkoe,novyj-svet-polusladkoe_bottom.webp
Балаклава Брют Резерв Розе,розовое брют Балаклава Брют Резерв Розе Золотая Балка,Пино Блан,Розовое брют,wine,wine.webp
Балаклава Брют Резерв Розе,розовое брют Балаклава Брют Резерв Розе Золотая Балка,Пино Блан,Розовое брют,wine,wine_bottom.webp
ЛОРИО. Шардоне,белое сухое ЛОРИО. Шардоне ЛОРИО -  семейная винодельня Логуновых,Шардоне,Белое сухое,lorio-shardone,lorio-shardone.webp
ЛОРИО. Шардоне,белое сухое ЛОРИО. Шардоне ЛОРИО -  семейная винодельня Логуновых,Шардоне,Белое сухое,lorio-shardone,lorio-shardone_bottom.webp
ЛОРИО. Каберне Совиньон,красное сухое ЛОРИО. Каберне Совиньон ЛОРИО -  семейная винодельня Логуновых,Каберне Совиньон,Красное сухое,lorio-kaberne-sovinon,lorio-kaberne-sovinon.webp
ЛОРИО. Каберне Совиньон,красное сухое ЛОРИО. Каберне Совиньон ЛОРИО -  семейная винодельня Логуновых,Каберне Совиньон,Красное сухое,lorio-kaberne-sovinon,lorio-kaberne-sovinon_bottom.webp
ЛОРИО. Совиньон Блан 2024,белое сухое ЛОРИО. Совиньон Блан 2024 ЛОРИО -  семейная винодельня Логуновых,Совиньон Блан,Белое сухое,lorio-sovinon-blan-2024,lorio-sovinon-blan-2024.webp
ЛОРИО. Совиньон Блан 2024,белое сухое ЛОРИО. Совиньон Блан 2024 ЛОРИО -  семейная винодельня Логуновых,Совиньон Блан,Белое сухое,lorio-sovinon-blan-2024,lorio-sovinon-blan-2024_bottom.webp
ЛОРИО. Каберне Совиньон и Пино Нуар,красное сухое ЛОРИО. Каберне Совиньон и Пино Нуар ЛОРИО -  семейная винодельня Логуновых,Каберне Совиньон,Красное сухое,lorio-kaberne-sovinon-i-pino-nuar,lorio-kaberne-sovinon-i-pino-nuar.webp
ЛОРИО. Каберне Совиньон и Пино Нуар,красное сухое ЛОРИО. Каберне Совиньон и Пино Нуар ЛОРИО -  семейная винодельня Логуновых,Каберне Совиньон,Красное сухое,lorio-kaberne-sovinon-i-pino-nuar,lorio-kaberne-sovinon-i-pino-nuar_bottom.webp
ЛОРИО. Совиньон Блан и Шардоне,белое сухое ЛОРИО. Совиньон Блан и Шардоне ЛОРИО -  семейная винодельня Логуновых,Совиньон Блан,Белое сухое,lorio-sovinon-blan-i-shardone-1,lorio-sovinon-blan-i-shardone-1.webp
ЛОРИО. Совиньон Блан и Шардоне,белое сухое ЛОРИО. Совиньон Блан и Шардоне ЛОРИО -  семейная винодельня Логуновых,Совиньон Блан,Белое сухое,lorio-sovinon-blan-i-shardone-1,lorio-sovinon-blan-i-shardone-1_bottom.webp
ЛОРИО. Брют розовое игристое,розовое брют ЛОРИО. Брют розовое игристое ЛОРИО -  семейная винодельня Логуновых,Пино Нуар,Розовое брют,lorio-bryut-rozovoe-igristoe,lorio-bryut-rozovoe-igristoe.webp
ЛОРИО. Брют розовое игристое,розовое брют ЛОРИО. Брют розовое игристое ЛОРИО -  семейная винодельня Логуновых,Пино Нуар,Розовое брют,lorio-bryut-rozovoe-igristoe,lorio-bryut-rozovoe-igristoe_bottom.webp
ЛОРИО. Брют белое игристое,белое брют ЛОРИО. Брют белое игристое ЛОРИО -  семейная винодельня Логуновых,Шардоне,Белое брют,lorio-bryut-belyj,lorio-bryut-belyj.webp
ЛОРИО. Брют белое игристое,белое брют ЛОРИО. Брют белое игристое ЛОРИО -  семейная винодельня Логуновых,Шардоне,Белое брют,lorio-bryut-belyj,lorio-bryut-belyj_bottom.webp
"Tamara, 2022","белое сухое Tamara, 2022 WINEMAFIA",Ркацители,Белое сухое,tamara-2022,tamara-2022.webp
"Tamara, 2022","белое сухое Tamara, 2022 WINEMAFIA",Ркацители,Белое сухое,tamara-2022,tamara-2022_bottom.webp
"Glu Glu Mr.Mouse, 2022","красное сухое Glu Glu Mr.Mouse, 2022 WINEMAFIA",Саперави,Красное сухое,glu-glu-mr-mouse-2022,glu-glu-mr-mouse-2022.webp
"Glu Glu Mr.Mouse, 2022","красное сухое Glu Glu Mr.Mouse, 2022 WINEMAFIA",Саперави,Красное сухое,glu-glu-mr-mouse-2022,glu-glu-mr-mouse-2022_bottom.webp
"Daniel, 2021","красное сухое Daniel, 2021 WINEMAFIA",Красностоп Золотовский,Красное сухое,daniel-2021,daniel-2021.webp
"Daniel, 2021","красное сухое Daniel, 2021 WINEMAFIA",Красностоп Золотовский,Красное сухое,daniel-2021,daniel-2021_bottom.webp
"David, 2022","красное сухое David, 2022 WINEMAFIA",Саперави,Красное сухое,david-2022,david-2022.webp
"David, 2022","красное сухое David, 2022 WINEMAFIA",Саперави,Красное сухое,david-2022,david-2022_bottom.webp
"David, 2021","красное сухое David, 2021 WINEMAFIA",Саперави,Красное сухое,david-2021,david-2021.webp
"David, 2021","красное сухое David, 2021 WINEMAFIA",Саперави,Красное сухое,david-2021,david-2021_bottom.webp
"Amelia, 2023","белое сухое Amelia, 2023 WINEMAFIA",Рислинг,Белое сухое,amelia-2023,amelia-2023.webp
"Amelia, 2023","белое сухое Amelia, 2023 WINEMAFIA",Рислинг,Белое сухое,amelia-2023,amelia-2023_bottom.webp
"Margarita, 2022","белое сухое Margarita, 2022 WINEMAFIA",Совиньон Блан,Белое сухое,wine-1,wine-1.webp
"Margarita, 2022","белое сухое Margarita, 2022 WINEMAFIA",Совиньон Блан,Белое сухое,wine-1,wine-1_bottom.webp
"Naomi, 2022","розовое сухое Naomi, 2022 WINEMAFIA",Каберне Фран,Розовое сухое,naomi-2022,naomi-2022.webp
"Naomi, 2022","розовое сухое Naomi, 2022 WINEMAFIA",Каберне Фран,Розовое сухое,naomi-2022,naomi-2022_bottom.webp
"Arie (Выдержка бочка Франция), 2020","красное сухое Arie (Выдержка бочка Франция), 2020 WINEMAFIA",Каберне Совиньон,Красное сухое,arie-vyderzhka-bochka-francziya-2020,arie-vyderzhka-bochka-francziya-2020.webp
"Arie (Выдержка бочка Франция), 2020","красное сухое Arie (Выдержка бочка Франция), 2020 WINEMAFIA",Каберне Совиньон,Красное сухое,arie-vyderzhka-bochka-francziya-2020,arie-vyderzhka-bochka-francziya-2020_bottom.webp
Высокий берег Рислинг. Зеленая серия,белое экстра брют Высокий берег Рислинг. Зеленая серия Кубань-Вино,Рислинг,Белое экстра брют,vysokij-bereg-risling-zelenaya-seriya-2,vysokij-bereg-risling-zelenaya-seriya-2.webp
Высокий берег Рислинг. Зеленая серия,белое экстра брют Высокий берег Рислинг. Зеленая серия Кубань-Вино,Рислинг,Белое экстра брют,vysokij-bereg-risling-zelenaya-seriya-2,vysokij-bereg-risling-zelenaya-seriya-2_bottom.webp
Высокий берег Рислинг. Зеленая серия,белое брют Высокий берег Рислинг. Зеленая серия Кубань-Вино,Рислинг,Белое брют,vysokij-bereg-risling-zelenaya-seriya-1,vysokij-bereg-risling-zelenaya-seriya-1.webp
Высокий берег Рислинг. Зеленая серия,белое брют Высокий берег Рислинг. Зеленая серия Кубань-Вино,Рислинг,Белое брют,vysokij-bereg-risling-zelenaya-seriya-1,vysokij-bereg-risling-zelenaya-seriya-1_bottom.webp
Высокий берег Траминер. Зеленая серия,белое сухое Высокий берег Траминер. Зеленая серия Кубань-Вино,Траминер Розовый,Белое сухое,vysokij-bereg-traminer-zelenaya-seriya,vysokij-bereg-traminer-zelenaya-seriya.webp
Высокий берег Траминер. Зеленая серия,белое сухое Высокий берег Траминер. Зеленая серия Кубань-Вино,Траминер Розовый,Белое сухое,vysokij-bereg-traminer-zelenaya-seriya,vysokij-bereg-traminer-zelenaya-seriya_bottom.webp
Высокий берег Рислинг. Зеленая серия,белое сухое Высокий берег Рислинг. Зеленая серия Кубань-Вино,Рислинг,Белое сухое,vysokij-bereg-risling-zelenaya-seriya,vysokij-bereg-risling-zelenaya-seriya.webp
Высокий берег Рислинг. Зеленая серия,белое сухое Высокий берег Рислинг. Зеленая серия Кубань-Вино,Рислинг,Белое сухое,vysokij-bereg-risling-zelenaya-seriya,vysokij-bereg-risling-zelenaya-seriya_bottom.webp
Аристов. Кюве Александр. Розе Де Пино,розовое экстра брют Аристов. Кюве Александр. Розе Де Пино Кубань-Вино,Пино Нуар,Розовое экстра брют,aristov-kyuve-aleksandr-roze-de-pino,aristov-kyuve-aleksandr-roze-de-pino.webp
Аристов. Кюве Александр. Розе Де Пино,розовое экстра брют Аристов. Кюве Александр. Розе Де Пино Кубань-Вино,Пино Нуар,Розовое экстра брют,aristov-kyuve-aleksandr-roze-de-pino,aristov-kyuve-aleksandr-roze-de-pino_bottom.webp
Аристов. Кюве Александр. Блан Де Блан,белое экстра брют Аристов. Кюве Александр. Блан Де Блан Кубань-Вино,Шардоне,Белое экстра брют,aristov-kyuve-aleksandr-blan-de-blan,aristov-kyuve-aleksandr-blan-de-blan.webp
Аристов. Кюве Александр. Блан Де Блан,белое экстра брют Аристов. Кюве Александр. Блан Де Блан Кубань-Вино,Шардоне,Белое экстра брют,aristov-kyuve-aleksandr-blan-de-blan,aristov-kyuve-aleksandr-blan-de-blan_bottom.webp
Аристов. Кюве Александр. Блан Де Нуар,белое экстра брют Аристов. Кюве Александр. Блан Де Нуар Кубань-Вино,Пино Нуар,Белое экстра брют,aristov-kyuve-aleksandr-blan-de-nuar,aristov-kyuve-aleksandr-blan-de-nuar.webp
Аристов. Кюве Александр. Блан Де Нуар,белое экстра брют Аристов. Кюве Александр. Блан Де Нуар Кубань-Вино,Пино Нуар,Белое экстра брют,aristov-kyuve-aleksandr-blan-de-nuar,aristov-kyuve-aleksandr-blan-de-nuar_bottom.webp
Шато Тамань. Пар Ла Мер. Пино Нуар,розовое брют Шато Тамань. Пар Ла Мер. Пино Нуар Кубань-Вино,Пино Нуар,Розовое брют,shato-taman-par-la-mer-pino-nuar,shato-taman-par-la-mer-pino-nuar.webp
Шато Тамань. Пар Ла Мер. Пино Нуар,розовое брют Шато Тамань. Пар Ла Мер. Пино Нуар Кубань-Вино,Пино Нуар,Розовое брют,shato-taman-par-la-mer-pino-nuar,shato-taman-par-la-mer-pino-nuar_bottom.webp
Шато Тамань. Пар Ла Мер. Пино Блан,белое брют Шато Тамань. Пар Ла Мер. Пино Блан Кубань-Вино,Пино Блан,Белое брют,shato-taman-par-la-mer-pino-blan,shato-taman-par-la-mer-pino-blan.webp
Шато Тамань. Пар Ла Мер. Пино Блан,белое брют Шато Тамань. Пар Ла Мер. Пино Блан Кубань-Вино,Пино Блан,Белое брют,shato-taman-par-la-mer-pino-blan,shato-taman-par-la-mer-pino-blan_bottom.webp
Шато Тамань. Пар Ла Мер. Цвайгельт,красное сухое Шато Тамань. Пар Ла Мер. Цвайгельт Кубань-Вино,Цвайгельт,Красное сухое,shato-taman-par-la-mer-czvajgelt,shato-taman-par-la-mer-czvajgelt.webp
Шато Тамань. Пар Ла Мер. Цвайгельт,красное сухое Шато Тамань. Пар Ла Мер. Цвайгельт Кубань-Вино,Цвайгельт,Красное сухое,shato-taman-par-la-mer-czvajgelt,shato-taman-par-la-mer-czvajgelt_bottom.webp
Шато Тамань. Пар Ла Мер. Коралл,розовое сухое Шато Тамань. Пар Ла Мер. Коралл Кубань-Вино,Каберне Совиньон,Розовое сухое,shato-taman-par-la-mer-korall,shato-taman-par-la-mer-korall.webp
Шато Тамань. Пар Ла Мер. Коралл,розовое сухое Шато Тамань. Пар Ла Мер. Коралл Кубань-Вино,Каберне Совиньон,Розовое сухое,shato-taman-par-la-mer-korall,shato-taman-par-la-mer-korall_bottom.webp
Шато Тамань. Пар Ла Мер. Совиньон,белое сухое Шато Тамань. Пар Ла Мер. Совиньон Кубань-Вино,Совиньон Блан,Белое сухое,shato-taman-par-la-mer-sovinon,shato-taman-par-la-mer-sovinon.webp
Шато Тамань. Пар Ла Мер. Совиньон,белое сухое Шато Тамань. Пар Ла Мер. Совиньон Кубань-Вино,Совиньон Блан,Белое сухое,shato-taman-par-la-mer-sovinon,shato-taman-par-la-mer-sovinon_bottom.webp
Chateau Tamagne Nature. Vert,белое сухое Chateau Tamagne Nature. Vert  Кубань-Вино,Цветочный,Белое сухое,chateau-tamagne-nature-vert,chateau-tamagne-nature-vert.webp
Chateau Tamagne Nature. Vert,белое сухое Chateau Tamagne Nature. Vert  Кубань-Вино,Цветочный,Белое сухое,chateau-tamagne-nature-vert,chateau-tamagne-nature-vert_bottom.webp
Chateau Tamagne Nature. Orange,оранжевое сухое Chateau Tamagne Nature. Orange Кубань-Вино,Цитронный Магарача,Оранжевое сухое,chateau-tamagne-nature-orange,chateau-tamagne-nature-orange.webp
Chateau Tamagne Nature. Orange,оранжевое сухое Chateau Tamagne Nature. Orange Кубань-Вино,Цитронный Магарача,Оранжевое сухое,chateau-tamagne-nature-orange,chateau-tamagne-nature-orange_bottom.webp
Шато Тамань. GRAPE DANCE,розовое сухое Шато Тамань. GRAPE DANCE Кубань-Вино,Бианка,Розовое сухое,shato-taman-grape-dance-1,shato-taman-grape-dance-1.webp
Шато Тамань. GRAPE DANCE,розовое сухое Шато Тамань. GRAPE DANCE Кубань-Вино,Бианка,Розовое сухое,shato-taman-grape-dance-1,shato-taman-grape-dance-1_bottom.webp
Шато Тамань. GRAPE DANCE,белое сухое Шато Тамань. GRAPE DANCE Кубань-Вино,Бианка,Белое сухое,shato-taman-grape-dance,shato-taman-grape-dance.webp
Шато Тамань. GRAPE DANCE,белое сухое Шато Тамань. GRAPE DANCE Кубань-Вино,Бианка,Белое сухое,shato-taman-grape-dance,shato-taman-grape-dance_bottom.webp
Chateau Tamagne Signature. Саперави,красное сухое Chateau Tamagne Signature. Саперави Кубань-Вино,Саперави,Красное сухое,chateau-tamagne-signature-saperavi,chateau-tamagne-signature-saperavi.webp
Chateau Tamagne Signature. Саперави,красное сухое Chateau Tamagne Signature. Саперави Кубань-Вино,Саперави,Красное сухое,chateau-tamagne-signature-saperavi,chateau-tamagne-signature-saperavi_bottom.webp
Chateau Tamagne Signature. Каберне,красное сухое Chateau Tamagne Signature. Каберне Кубань-Вино,Каберне Совиньон,Красное сухое,chateau-tamagne-signature-kaberne,chateau-tamagne-signature-kaberne.webp
Chateau Tamagne Signature. Каберне,красное сухое Chateau Tamagne Signature. Каберне Кубань-Вино,Каберне Совиньон,Красное сухое,chateau-tamagne-signature-kaberne,chateau-tamagne-signature-kaberne_bottom.webp
Chateau Tamagne Signature. Шардоне,белое сухое Chateau Tamagne Signature. Шардоне Кубань-Вино,Шардоне,Белое сухое,chateau-tamagne-signature-shardone,chateau-tamagne-signature-shardone.webp
Chateau Tamagne Signature. Шардоне,белое сухое Chateau Tamagne Signature. Шардоне Кубань-Вино,Шардоне,Белое сухое,chateau-tamagne-signature-shardone,chateau-tamagne-signature-shardone_bottom.webp
Шато Тамань Полусладкое,белое полусладкое Шато Тамань Полусладкое Кубань-Вино,Шардоне,Белое полусладкое,shato-taman-polusladkoe,shato-taman-polusladkoe.webp
Шато Тамань Полусладкое,белое полусладкое Шато Тамань Полусладкое Кубань-Вино,Шардоне,Белое полусладкое,shato-taman-polusladkoe,shato-taman-polusladkoe_bottom.webp
Шато Тамань Брют,розовое брют Шато Тамань Брют Кубань-Вино,Пино Блан,Розовое брют,shato-taman-bryut-1,shato-taman-bryut-1.webp
Шато Тамань Брют,розовое брют Шато Тамань Брют Кубань-Вино,Пино Блан,Розовое брют,shato-taman-bryut-1,shato-taman-bryut-1_bottom.webp
Шато Тамань. Саперави,красное сухое Шато Тамань. Саперави Кубань-Вино,Саперави,Красное сухое,shato-taman-saperavi,shato-taman-saperavi.webp
Шато Тамань. Саперави,красное сухое Шато Тамань. Саперави Кубань-Вино,Саперави,Красное сухое,shato-taman-saperavi,shato-taman-saperavi_bottom.webp
Шато Тамань. Красностоп,красное сухое Шато Тамань. Красностоп Кубань-Вино,Красностоп,Красное сухое,shato-taman-krasnostop,shato-taman-krasnostop.webp
Шато Тамань. Красностоп,красное сухое Шато Тамань. Красностоп Кубань-Вино,Красностоп,Красное сухое,shato-taman-krasnostop,shato-taman-krasnostop_bottom.webp
Шато Тамань. Каберне,красное сухое Шато Тамань. Каберне Кубань-Вино,Каберне Совиньон,Красное сухое,shato-taman-kaberne,shato-taman-kaberne.webp
Шато Тамань. Каберне,красное сухое Шато Тамань. Каберне Кубань-Вино,Каберне Совиньон,Красное сухое,shato-taman-kaberne,shato-taman-kaberne_bottom.webp
Шато Тамань. Каберне Совиньон,розовое сухое Шато Тамань. Каберне Совиньон Кубань-Вино,Каберне Совиньон,Розовое сухое,shato-taman-kaberne-sovinon,shato-taman-kaberne-sovinon.webp
Шато Тамань. Каберне Совиньон,розовое сухое Шато Тамань. Каберне Совиньон Кубань-Вино,Каберне Совиньон,Розовое сухое,shato-taman-kaberne-sovinon,shato-taman-kaberne-sovinon_bottom.webp
Шато Тамань. Шардоне,белое сухое Шато Тамань. Шардоне Кубань-Вино,Шардоне,Белое сухое,shato-taman-shardone,shato-taman-shardone.webp
Шато Тамань. Шардоне,белое сухое Шато Тамань. Шардоне Кубань-Вино,Шардоне,Белое сухое,shato-taman-shardone,shato-taman-shardone_bottom.webp
Молодое. Шато Тамань,красное сухое Молодое. Шато Тамань Кубань-Вино,Саперави,Красное сухое,molodoe-shato-taman-1,molodoe-shato-taman-1.webp
Молодое. Шато Тамань,красное сухое Молодое. Шато Тамань Кубань-Вино,Саперави,Красное сухое,molodoe-shato-taman-1,molodoe-shato-taman-1_bottom.webp
Молодое. Шато Тамань,белое сухое Молодое. Шато Тамань Кубань-Вино,Ркацители,Белое сухое,molodoe-shato-taman,molodoe-shato-taman.webp
Молодое. Шато Тамань,белое сухое Молодое. Шато Тамань Кубань-Вино,Ркацители,Белое сухое,molodoe-shato-taman,molodoe-shato-taman_bottom.webp
Красностоп. Шато Тамань,розовое полусухое Красностоп. Шато Тамань Кубань-Вино,Красностоп Анапский,Розовое полусухое,krasnostop-shato-taman,krasnostop-shato-taman.webp
Красностоп. Шато Тамань,розовое полусухое Красностоп. Шато Тамань Кубань-Вино,Красностоп Анапский,Розовое полусухое,krasnostop-shato-taman,krasnostop-shato-taman_bottom.webp
Мускатное. Шато Тамань,белое полусухое Мускатное. Шато Тамань Кубань-Вино,Мускат,Белое полусухое,muskatnoe-shato-taman,muskatnoe-shato-taman.webp
Мускатное. Шато Тамань,белое полусухое Мускатное. Шато Тамань Кубань-Вино,Мускат,Белое полусухое,muskatnoe-shato-taman,muskatnoe-shato-taman_bottom.webp
Рислинг. Шато Тамань,белое брют Рислинг. Шато Тамань Кубань-Вино,Рислинг Рейнский,Белое брют,risling-shato-taman,risling-shato-taman.webp
Рислинг. Шато Тамань,белое брют Рислинг. Шато Тамань Кубань-Вино,Рислинг Рейнский,Белое брют,risling-shato-taman,risling-shato-taman_bottom.webp
Шато Тамань Брют,белое брют Шато Тамань Брют Кубань-Вино,Шардоне,Белое брют,shato-taman-bryut,shato-taman-bryut.webp
Шато Тамань Брют,белое брют Шато Тамань Брют Кубань-Вино,Шардоне,Белое брют,shato-taman-bryut,shato-taman-bryut_bottom.webp
Балаклава Пино Нуар,розовое брют Балаклава Пино Нуар Золотая Балка,Пино Нуар,Розовое брют,balaklava-pino-nuar,balaklava-pino-nuar.webp
Балаклава Пино Нуар,розовое брют Балаклава Пино Нуар Золотая Балка,Пино Нуар,Розовое брют,balaklava-pino-nuar,balaklava-pino-nuar_bottom.webp
Шардоне,белое сухое Шардоне Chateau Semiray,Шардоне,Белое сухое,shardone,shardone.webp
Шардоне,белое сухое Шардоне Chateau Semiray,Шардоне,Белое сухое,shardone,shardone_bottom.webp
Розе,розовое сухое Розе Chateau Semiray,Каберне Фран,Розовое сухое,roze,roze.webp
Розе,розовое сухое Розе Chateau Semiray,Каберне Фран,Розовое сухое,roze,roze_bottom.webp
ДНК. Каберне Совиньон,красное сухое ДНК. Каберне Совиньон  Усадьба Меркотан,Каберне Совиньон,Красное сухое,dnk-kaberne-sovinon,dnk-kaberne-sovinon.webp
ДНК. Каберне Совиньон,красное сухое ДНК. Каберне Совиньон  Усадьба Меркотан,Каберне Совиньон,Красное сухое,dnk-kaberne-sovinon,dnk-kaberne-sovinon_bottom.webp
ДНК. Аллели,белое сухое ДНК. Аллели Усадьба Меркотан,Совиньон Блан,Белое сухое,dnk-alleli,dnk-alleli.webp
ДНК. Аллели,белое сухое ДНК. Аллели Усадьба Меркотан,Совиньон Блан,Белое сухое,dnk-alleli,dnk-alleli_bottom.webp
ДНК. Поколение,белое полусухое ДНК. Поколение Усадьба Меркотан,Ркацители,Белое полусухое,dnk-pokolenie,dnk-pokolenie.webp
ДНК. Поколение,белое полусухое ДНК. Поколение Усадьба Меркотан,Ркацители,Белое полусухое,dnk-pokolenie,dnk-pokolenie_bottom.webp
ДНК. Аура,розовое сухое ДНК. Аура Усадьба Меркотан,Саперави,Розовое сухое,dnk-aura,dnk-aura.webp
ДНК. Аура,розовое сухое ДНК. Аура Усадьба Меркотан,Саперави,Розовое сухое,dnk-aura,dnk-aura_bottom.webp
Санджовезе резерв,красное сухое Санджовезе резерв Cellar Master,Санджовезе,Красное сухое,sand-zh-oveze-rezerv,sand-zh-oveze-rezerv.webp
Санджовезе резерв,красное сухое Санджовезе резерв Cellar Master,Санджовезе,Красное сухое,sand-zh-oveze-rezerv,sand-zh-oveze-rezerv_bottom.webp
Ребо,красное сухое Ребо Cellar Master,Ребо,Красное сухое,rebo,rebo.webp
Ребо,красное сухое Ребо Cellar Master,Ребо,Красное сухое,rebo,rebo_bottom.webp
Ребо резерв,красное сухое Ребо резерв Cellar Master,Ребо,Красное сухое,rebo-rezerv,rebo-rezerv.webp
Ребо резерв,красное сухое Ребо резерв Cellar Master,Ребо,Красное сухое,rebo-rezerv,rebo-rezerv_bottom.webp
Темелион Blanc de Blancs,белое брют Темелион Blanc de Blancs Долина Лефкадия,Шардоне,Белое брют,temelion-blanc-de-blancs,temelion-blanc-de-blancs.webp
Темелион Blanc de Blancs,белое брют Темелион Blanc de Blancs Долина Лефкадия,Шардоне,Белое брют,temelion-blanc-de-blancs,temelion-blanc-de-blancs_bottom.webp
Темелион брют розе,розовое брют Темелион брют розе Долина Лефкадия,Шардоне,Розовое брют,temelion-bryut-roze,temelion-bryut-roze.webp
Темелион брют розе,розовое брют Темелион брют розе Долина Лефкадия,Шардоне,Розовое брют,temelion-bryut-roze,temelion-bryut-roze_bottom.webp
Темелион брют,белое брют Темелион брют Долина Лефкадия,Шардоне,Белое брют,avtorskij-gid-artura-sarkisyana,avtorskij-gid-artura-sarkisyana.webp
Темелион брют,белое брют Темелион брют Долина Лефкадия,Шардоне,Белое брют,avtorskij-gid-artura-sarkisyana,avtorskij-gid-artura-sarkisyana_bottom.webp
Лефкадия Белое,белое сухое Лефкадия Белое Долина Лефкадия,Марсан,Белое сухое,lefkadiya-beloe,lefkadiya-beloe.webp
Лефкадия Белое,белое сухое Лефкадия Белое Долина Лефкадия,Марсан,Белое сухое,lefkadiya-beloe,lefkadiya-beloe_bottom.webp
Лефкадия Красное,красное сухое Лефкадия Красное Долина Лефкадия,Пти Вердо,Красное сухое,lefkadiya-krasnoe,lefkadiya-krasnoe.webp
Лефкадия Красное,красное сухое Лефкадия Красное Долина Лефкадия,Пти Вердо,Красное сухое,lefkadiya-krasnoe,lefkadiya-krasnoe_bottom.webp
Розе Мальбек,розовое сухое Розе Мальбек Долина Лефкадия,Мальбек,Розовое сухое,roze-malbek,roze-malbek.webp
Розе Мальбек,розовое сухое Розе Мальбек Долина Лефкадия,Мальбек,Розовое сухое,roze-malbek,roze-malbek_bottom.webp
Appassimento,красное сладкое Appassimento WINEMAFIA,Каберне Совиньон,Красное сладкое,appassimento,appassimento.webp
Appassimento,красное сладкое Appassimento WINEMAFIA,Каберне Совиньон,Красное сладкое,appassimento,appassimento_bottom.webp
Nosorog night,красное сухое Nosorog night WINEMAFIA,Красностоп Золотовский,Красное сухое,nosorog-night,nosorog-night.webp
Nosorog night,красное сухое Nosorog night WINEMAFIA,Красностоп Золотовский,Красное сухое,nosorog-night,nosorog-night_bottom.webp
Nosorog gold,красное сухое Nosorog gold WINEMAFIA,Красностоп,Красное сухое,nosorog-gold,nosorog-gold.webp
Nosorog gold,красное сухое Nosorog gold WINEMAFIA,Красностоп,Красное сухое,nosorog-gold,nosorog-gold_bottom.webp
Бархат,красное сухое Бархат WINEMAFIA,Каберне Совиньон,Красное сухое,barhat,barhat.webp
Бархат,красное сухое Бархат WINEMAFIA,Каберне Совиньон,Красное сухое,barhat,barhat_bottom.webp
"Потенциал 2026, 2014","красное сухое Потенциал 2026, 2014 WINEMAFIA",Каберне Совиньон,Красное сухое,potenczial-2026,potenczial-2026.webp
"Потенциал 2026, 2014","красное сухое Потенциал 2026, 2014 WINEMAFIA",Каберне Совиньон,Красное сухое,potenczial-2026,potenczial-2026_bottom.webp
Arie Riserva,красное сухое Arie Riserva WINEMAFIA,Каберне Совиньон,Красное сухое,arie-riserva,arie-riserva.webp
Arie Riserva,красное сухое Arie Riserva WINEMAFIA,Каберне Совиньон,Красное сухое,arie-riserva,arie-riserva_bottom.webp
"David, 2020","красное сухое David, 2020 WINEMAFIA",Саперави,Красное сухое,david,david.webp
"David, 2020","красное сухое David, 2020 WINEMAFIA",Саперави,Красное сухое,david,david_bottom.webp
"Opium, 2020","красное сухое Opium, 2020 WINEMAFIA",Каберне Совиньон,Красное сухое,opium,opium.webp
"Opium, 2020","красное сухое Opium, 2020 WINEMAFIA",Каберне Совиньон,Красное сухое,opium,opium_bottom.webp
Arie  (Выдержка сталь) 2020,красное сухое Arie  (Выдержка сталь) 2020 WINEMAFIA,Каберне Совиньон,Красное сухое,arie,arie.webp
Arie  (Выдержка сталь) 2020,красное сухое Arie  (Выдержка сталь) 2020 WINEMAFIA,Каберне Совиньон,Красное сухое,arie,arie_bottom.webp
"Daniel, 2022","красное сухое Daniel, 2022 WINEMAFIA",Красностоп,Красное сухое,daniel-22,daniel-22.webp
"Daniel, 2022","красное сухое Daniel, 2022 WINEMAFIA",Красностоп,Красное сухое,daniel-22,daniel-22_bottom.webp
"Ruby, 2021","красное сухое Ruby, 2021 WINEMAFIA",Красностоп,Красное сухое,ruby,ruby.webp
"Ruby, 2021","красное сухое Ruby, 2021 WINEMAFIA",Красностоп,Красное сухое,ruby,ruby_bottom.webp
"Glu Glu Butch, 2022","красное сухое Glu Glu Butch, 2022 WINEMAFIA",Красностоп,Красное сухое,glu-glu-butch,glu-glu-butch.webp
"Glu Glu Butch, 2022","красное сухое Glu Glu Butch, 2022 WINEMAFIA",Красностоп,Красное сухое,glu-glu-butch,glu-glu-butch_bottom.webp
"Glu Glu Samba, 2022","красное сухое Glu Glu Samba, 2022 WINEMAFIA",Каберне Совиньон,Красное сухое,glu-glu-samba,glu-glu-samba.webp
"Glu Glu Samba, 2022","красное сухое Glu Glu Samba, 2022 WINEMAFIA",Каберне Совиньон,Красное сухое,glu-glu-samba,glu-glu-samba_bottom.webp
"Naomi, 2023","розовое сухое Naomi, 2023 WINEMAFIA",Каберне Фран,Розовое сухое,naomi-2023,naomi-2023.webp
"Naomi, 2023","розовое сухое Naomi, 2023 WINEMAFIA",Каберне Фран,Розовое сухое,naomi-2023,naomi-2023_bottom.webp
"Orange, 2023","белое сухое Orange, 2023 WINEMAFIA",Рислинг,Белое сухое,orange,orange.webp
"Orange, 2023","белое сухое Orange, 2023 WINEMAFIA",Рислинг,Белое сухое,orange,orange_bottom.webp
"Eleonora, 2021","белое сухое Eleonora, 2021 WINEMAFIA",Мцване Кахетинский,Белое сухое,eleonora,eleonora.webp
"Eleonora, 2021","белое сухое Eleonora, 2021 WINEMAFIA",Мцване Кахетинский,Белое сухое,eleonora,eleonora_bottom.webp
"Tamara, 2023","белое сухое Tamara, 2023 WINEMAFIA",Ркацители,Белое сухое,tamara,tamara.webp
"Tamara, 2023","белое сухое Tamara, 2023 WINEMAFIA",Ркацители,Белое сухое,tamara,tamara_bottom.webp
"Margarita, 2023","белое сухое Margarita, 2023 WINEMAFIA",Совиньон Блан,Белое сухое,margarita,margarita.webp
"Margarita, 2023","белое сухое Margarita, 2023 WINEMAFIA",Совиньон Блан,Белое сухое,margarita,margarita_bottom.webp
"Amelia, 2022","белое сухое Amelia, 2022 WINEMAFIA",Рислинг,Белое сухое,amelia,amelia.webp
"Amelia, 2022","белое сухое Amelia, 2022 WINEMAFIA",Рислинг,Белое сухое,amelia,amelia_bottom.webp
"Riesling, 2024","белое сухое Riesling, 2024 WINEMAFIA",Рислинг,Белое сухое,riesling,riesling.webp
"Riesling, 2024","белое сухое Riesling, 2024 WINEMAFIA",Рислинг,Белое сухое,riesling,riesling_bottom.webp
"Sacrum, брют, розовое","розовое брют Sacrum, брют, розовое WINEMAFIA",Каберне Совиньон,Розовое брют,sacrum-bryut-rozovoe,sacrum-bryut-rozovoe.webp
"Sacrum, брют, розовое","розовое брют Sacrum, брют, розовое WINEMAFIA",Каберне Совиньон,Розовое брют,sacrum-bryut-rozovoe,sacrum-bryut-rozovoe_bottom.webp
"Sacrum, брют, белое","белое экстра брют Sacrum, брют, белое WINEMAFIA",Совиньон Блан,Белое экстра брют,sacrum-bryut-beloe,sacrum-bryut-beloe.webp
"Sacrum, брют, белое","белое экстра брют Sacrum, брют, белое WINEMAFIA",Совиньон Блан,Белое экстра брют,sacrum-bryut-beloe,sacrum-bryut-beloe_bottom.webp
Toile de vin cabernet sauvignon,красное сухое Toile de vin cabernet sauvignon AYA Organic Wine & Vineyards,Каберне Совиньон,Красное сухое,toile-de-vin-cabernet-sauvignon,toile-de-vin-cabernet-sauvignon.webp
Toile de vin cabernet sauvignon,красное сухое Toile de vin cabernet sauvignon AYA Organic Wine & Vineyards,Каберне Совиньон,Красное сухое,toile-de-vin-cabernet-sauvignon,toile-de-vin-cabernet-sauvignon_bottom.webp
Toile de vin merlot,красное сухое Toile de vin merlot AYA Organic Wine & Vineyards,Мерло,Красное сухое,toile-de-vin-merlot,toile-de-vin-merlot.webp
Toile de vin merlot,красное сухое Toile de vin merlot AYA Organic Wine & Vineyards,Мерло,Красное сухое,toile-de-vin-merlot,toile-de-vin-merlot_bottom.webp
Marquetry cabernet franc,красное сухое Marquetry cabernet franc AYA Organic Wine & Vineyards,Каберне Фран,Красное сухое,marquetry-cabernet-franc,marquetry-cabernet-franc.webp
Marquetry cabernet franc,красное сухое Marquetry cabernet franc AYA Organic Wine & Vineyards,Каберне Фран,Красное сухое,marquetry-cabernet-franc,marquetry-cabernet-franc_bottom.webp
Marquetry syrah,красное сухое Marquetry syrah AYA Organic Wine & Vineyards,Сира,Красное сухое,marquetry-syrah,marquetry-syrah.webp
Marquetry syrah,красное сухое Marquetry syrah AYA Organic Wine & Vineyards,Сира,Красное сухое,marquetry-syrah,marquetry-syrah_bottom.webp
"Marquetry syrah, merlot, cabernet franc","красное сухое Marquetry syrah, merlot, cabernet franc AYA Organic Wine & Vineyards",Сира,Красное сухое,marquetry-syrah-merlot-cabernet-franc,marquetry-syrah-merlot-cabernet-franc.webp
"Marquetry syrah, merlot, cabernet franc","красное сухое Marquetry syrah, merlot, cabernet franc AYA Organic Wine & Vineyards",Сира,Красное сухое,marquetry-syrah-merlot-cabernet-franc,marquetry-syrah-merlot-cabernet-franc_bottom.webp
Appassimento merlot,красное сухое Appassimento merlot AYA Organic Wine & Vineyards,Мерло,Красное сухое,appassimento-merlot,appassimento-merlot.webp
Appassimento merlot,красное сухое Appassimento merlot AYA Organic Wine & Vineyards,Мерло,Красное сухое,appassimento-merlot,appassimento-merlot_bottom.webp
"Khrustaleva 76 merlot, полусухое, розовое","розовое полусухое Khrustaleva 76 merlot, полусухое, розовое AYA Organic Wine & Vineyards",Мерло,Розовое полусухое,khrustaleva-76-merlot-polusuhoe-rozovoe,khrustaleva-76-merlot-polusuhoe-rozovoe.webp
"Khrustaleva 76 merlot, полусухое, розовое","розовое полусухое Khrustaleva 76 merlot, полусухое, розовое AYA Organic Wine & Vineyards",Мерло,Розовое полусухое,khrustaleva-76-merlot-polusuhoe-rozovoe,khrustaleva-76-merlot-polusuhoe-rozovoe_bottom.webp
Toile de vin chardonnay,белое сухое Toile de vin chardonnay AYA Organic Wine & Vineyards,Шардоне,Белое сухое,toile-de-vin-chardonnay,toile-de-vin-chardonnay.webp
Toile de vin chardonnay,белое сухое Toile de vin chardonnay AYA Organic Wine & Vineyards,Шардоне,Белое сухое,toile-de-vin-chardonnay,toile-de-vin-chardonnay_bottom.webp
Toile de vin pinot blanc,белое сухое Toile de vin pinot blanc AYA Organic Wine & Vineyards,Пино Блан,Белое сухое,toile-de-vin-pinot-blanc,toile-de-vin-pinot-blanc.webp
Toile de vin pinot blanc,белое сухое Toile de vin pinot blanc AYA Organic Wine & Vineyards,Пино Блан,Белое сухое,toile-de-vin-pinot-blanc,toile-de-vin-pinot-blanc_bottom.webp
Evolution pinot noir,розовое сухое Evolution pinot noir AYA Organic Wine & Vineyards,Пино Нуар,Розовое сухое,evolution-pinot-noir,evolution-pinot-noir.webp
Evolution pinot noir,розовое сухое Evolution pinot noir AYA Organic Wine & Vineyards,Пино Нуар,Розовое сухое,evolution-pinot-noir,evolution-pinot-noir_bottom.webp
Evolution reserve pinot noir,красное сухое Evolution reserve pinot noir AYA Organic Wine & Vineyards,Пино Нуар,Красное сухое,evolution-reserve-pinot-noir,evolution-reserve-pinot-noir.webp
Evolution reserve pinot noir,красное сухое Evolution reserve pinot noir AYA Organic Wine & Vineyards,Пино Нуар,Красное сухое,evolution-reserve-pinot-noir,evolution-reserve-pinot-noir_bottom.webp
"Evolution pinot noir, брют, белое","белое брют Evolution pinot noir, брют, белое AYA Organic Wine & Vineyards",Пино Нуар,Белое брют,evolution-pinot-noir-bryut-beloe,evolution-pinot-noir-bryut-beloe.webp
"Evolution pinot noir, брют, белое","белое брют Evolution pinot noir, брют, белое AYA Organic Wine & Vineyards",Пино Нуар,Белое брют,evolution-pinot-noir-bryut-beloe,evolution-pinot-noir-bryut-beloe_bottom.webp
"Evolution pinot noir, брют, розовое","розовое брют Evolution pinot noir, брют, розовое AYA Organic Wine & Vineyards",Пино Нуар,Розовое брют,evolution-pinot-noir-bryut-rozovoe,evolution-pinot-noir-bryut-rozovoe.webp
"Evolution pinot noir, брют, розовое","розовое брют Evolution pinot noir, брют, розовое AYA Organic Wine & Vineyards",Пино Нуар,Розовое брют,evolution-pinot-noir-bryut-rozovoe,evolution-pinot-noir-bryut-rozovoe_bottom.webp
"Khrustaleva 76 muscat, брют, белое","белое брют Khrustaleva 76 muscat, брют, белое AYA Organic Wine & Vineyards",Мускат,Белое брют,khrustaleva-76-muscat-bryut-beloe,khrustaleva-76-muscat-bryut-beloe.webp
"Khrustaleva 76 muscat, брют, белое","белое брют Khrustaleva 76 muscat, брют, белое AYA Organic Wine & Vineyards",Мускат,Белое брют,khrustaleva-76-muscat-bryut-beloe,khrustaleva-76-muscat-bryut-beloe_bottom.webp
"Khrustaleva 76 muscat, полусладкое, белое","белое полусладкое Khrustaleva 76 muscat, полусладкое, белое AYA Organic Wine & Vineyards",Мускат,Белое полусладкое,khrustaleva-76-muscat-polusladkoe-beloe,khrustaleva-76-muscat-polusladkoe-beloe.webp
"Khrustaleva 76 muscat, полусладкое, белое","белое полусладкое Khrustaleva 76 muscat, полусладкое, белое AYA Organic Wine & Vineyards",Мускат,Белое полусладкое,khrustaleva-76-muscat-polusladkoe-beloe,khrustaleva-76-muscat-polusladkoe-beloe_bottom.webp
AGORA Пино нуар,красное полусладкое AGORA Пино нуар AGORA WINERY,Пино Нуар,Красное полусладкое,agora-pino-nuar,agora-pino-nuar.webp
AGORA Пино нуар,красное полусладкое AGORA Пино нуар AGORA WINERY,Пино Нуар,Красное полусладкое,agora-pino-nuar,agora-pino-nuar_bottom.webp
AGORA Саперави,красное полусладкое AGORA Саперави AGORA WINERY,Саперави,Красное полусладкое,agora-saperavi,agora-saperavi.webp
AGORA Саперави,красное полусладкое AGORA Саперави AGORA WINERY,Саперави,Красное полусладкое,agora-saperavi,agora-saperavi_bottom.webp
AGORA Блэк Стоун,красное сухое AGORA Блэк Стоун AGORA WINERY,Каберне Совиньон,Красное сухое,agora-blek-stoun,agora-blek-stoun.webp
AGORA Блэк Стоун,красное сухое AGORA Блэк Стоун AGORA WINERY,Каберне Совиньон,Красное сухое,agora-blek-stoun,agora-blek-stoun_bottom.webp
AGORA Терруарное Каберне совиньон,красное сухое AGORA Терруарное Каберне совиньон AGORA WINERY,Каберне Совиньон,Красное сухое,agora-terruarnoe-kaberne-sovinon,agora-terruarnoe-kaberne-sovinon.webp
AGORA Терруарное Каберне совиньон,красное сухое AGORA Терруарное Каберне совиньон AGORA WINERY,Каберне Совиньон,Красное сухое,agora-terruarnoe-kaberne-sovinon,agora-terruarnoe-kaberne-sovinon_bottom.webp
AGORA Терруарное Бастардо,красное сухое AGORA Терруарное Бастардо AGORA WINERY,Бастардо,Красное сухое,agora-terruarnoe-bastardo,agora-terruarnoe-bastardo.webp
AGORA Терруарное Бастардо,красное сухое AGORA Терруарное Бастардо AGORA WINERY,Бастардо,Красное сухое,agora-terruarnoe-bastardo,agora-terruarnoe-bastardo_bottom.webp
"AGORA, VINTAGE Blanc de Blancs extra brut","белое экстра брют AGORA, VINTAGE Blanc de Blancs extra brut AGORA WINERY",Шардоне,Белое экстра брют,agora-vintage-blanc-de-blancs-extra-brut,agora-vintage-blanc-de-blancs-extra-brut.webp
"AGORA, VINTAGE Blanc de Blancs extra brut","белое экстра брют AGORA, VINTAGE Blanc de Blancs extra brut AGORA WINERY",Шардоне,Белое экстра брют,agora-vintage-blanc-de-blancs-extra-brut,agora-vintage-blanc-de-blancs-extra-brut_bottom.webp
"AGORA, VINTAGE Blanc de Noirs extra brut","белое экстра брют AGORA, VINTAGE Blanc de Noirs extra brut AGORA WINERY",Пино Нуар,Белое экстра брют,agora-vintage-blanc-de-noirs-extra-brut,agora-vintage-blanc-de-noirs-extra-brut.webp
"AGORA, VINTAGE Blanc de Noirs extra brut","белое экстра брют AGORA, VINTAGE Blanc de Noirs extra brut AGORA WINERY",Пино Нуар,Белое экстра брют,agora-vintage-blanc-de-noirs-extra-brut,agora-vintage-blanc-de-noirs-extra-brut_bottom.webp
Agora Yachting Sauvignon,белое сухое Agora Yachting Sauvignon AGORA WINERY,Совиньон Блан,Белое сухое,agora-yachting-sauvignon,agora-yachting-sauvignon.webp
Agora Yachting Sauvignon,белое сухое Agora Yachting Sauvignon AGORA WINERY,Совиньон Блан,Белое сухое,agora-yachting-sauvignon,agora-yachting-sauvignon_bottom.webp
Agora Yachting Chardonnay,белое сухое Agora Yachting Chardonnay AGORA WINERY,Шардоне,Белое сухое,agora-yachting-chardonnay,agora-yachting-chardonnay.webp
Agora Yachting Chardonnay,белое сухое Agora Yachting Chardonnay AGORA WINERY,Шардоне,Белое сухое,agora-yachting-chardonnay,agora-yachting-chardonnay_bottom.webp
Agora Yachting Pinot Grigio,белое сухое Agora Yachting Pinot Grigio AGORA WINERY,Пино Гриджио,Белое сухое,agora-yachting-pinot-grigio,agora-yachting-pinot-grigio.webp
Agora Yachting Pinot Grigio,белое сухое Agora Yachting Pinot Grigio AGORA WINERY,Пино Гриджио,Белое сухое,agora-yachting-pinot-grigio,agora-yachting-pinot-grigio_bottom.webp
Agora Yachting Cabernet Sauvignon,красное сухое Agora Yachting Cabernet Sauvignon AGORA WINERY,Каберне Совиньон,Красное сухое,agora-yachting-cabernet-sauvignon,agora-yachting-cabernet-sauvignon.webp
Agora Yachting Cabernet Sauvignon,красное сухое Agora Yachting Cabernet Sauvignon AGORA WINERY,Каберне Совиньон,Красное сухое,agora-yachting-cabernet-sauvignon,agora-yachting-cabernet-sauvignon_bottom.webp
Agora Yachting Merlot,красное сухое Agora Yachting Merlot AGORA WINERY,Мерло,Красное сухое,agora-yachting-merlot,agora-yachting-merlot.webp
Agora Yachting Merlot,красное сухое Agora Yachting Merlot AGORA WINERY,Мерло,Красное сухое,agora-yachting-merlot,agora-yachting-merlot_bottom.webp
Agora Yachting Shiraz,красное сухое Agora Yachting Shiraz AGORA WINERY,Шираз,Красное сухое,agora-yachting-shiraz,agora-yachting-shiraz.webp
Agora Yachting Shiraz,красное сухое Agora Yachting Shiraz AGORA WINERY,Шираз,Красное сухое,agora-yachting-shiraz,agora-yachting-shiraz_bottom.webp
AGORA Мускат,белое полусладкое AGORA Мускат AGORA WINERY,Мускат,Белое полусладкое,agora-muskat,agora-muskat.webp
AGORA Мускат,белое полусладкое AGORA Мускат AGORA WINERY,Мускат,Белое полусладкое,agora-muskat,agora-muskat_bottom.webp
AGORA Рислинг,белое полусухое AGORA Рислинг AGORA WINERY,Рислинг,Белое полусухое,agora-risling,agora-risling.webp
AGORA Рислинг,белое полусухое AGORA Рислинг AGORA WINERY,Рислинг,Белое полусухое,agora-risling,agora-risling_bottom.webp
AGORA Совиньон,белое сухое AGORA Совиньон AGORA WINERY,Совиньон Блан,Белое сухое,agora-sovinon,agora-sovinon.webp
AGORA Совиньон,белое сухое AGORA Совиньон AGORA WINERY,Совиньон Блан,Белое сухое,agora-sovinon,agora-sovinon_bottom.webp
AGORA Шардоне,белое сухое AGORA Шардоне AGORA WINERY,Шардоне,Белое сухое,agora-shardone,agora-shardone.webp
AGORA Шардоне,белое сухое AGORA Шардоне AGORA WINERY,Шардоне,Белое сухое,agora-shardone,agora-shardone_bottom.webp
AGORA Каберне Совиньон,красное сухое AGORA Каберне Совиньон AGORA WINERY,Каберне Совиньон,Красное сухое,agora-kaberne-sovinon,agora-kaberne-sovinon.webp
AGORA Каберне Совиньон,красное сухое AGORA Каберне Совиньон AGORA WINERY,Каберне Совиньон,Красное сухое,agora-kaberne-sovinon,agora-kaberne-sovinon_bottom.webp
AGORA Мускат Черный,красное сладкое AGORA Мускат Черный AGORA WINERY,Мускат,Красное сладкое,agora-muskat-chernyj,agora-muskat-chernyj.webp
AGORA Мускат Черный,красное сладкое AGORA Мускат Черный AGORA WINERY,Мускат,Красное сладкое,agora-muskat-chernyj,agora-muskat-chernyj_bottom.webp
AGORA Бастардо,красное сухое AGORA Бастардо AGORA WINERY,Бастардо,Красное сухое,agora-bastardo,agora-bastardo.webp
AGORA Бастардо,красное сухое AGORA Бастардо AGORA WINERY,Бастардо,Красное сухое,agora-bastardo,agora-bastardo_bottom.webp
Балаклава Мускат,белое брют Балаклава Мускат Золотая Балка,Мускат,Белое брют,balaklava-muskat,balaklava-muskat.webp
Балаклава Мускат,белое брют Балаклава Мускат Золотая Балка,Мускат,Белое брют,balaklava-muskat,balaklava-muskat_bottom.webp
Шардоне Балаклава,белое брют Шардоне Балаклава  Золотая Балка,Шардоне,Белое брют,shardone-balaklava,shardone-balaklava.webp
Шардоне Балаклава,белое брют Шардоне Балаклава  Золотая Балка,Шардоне,Белое брют,shardone-balaklava,shardone-balaklava_bottom.webp
Полусухое Белое Золотая Балка,белое полусухое Полусухое Белое Золотая Балка Золотая Балка,Совиньон Блан,Белое полусухое,polusuhoe-beloe-zolotaya-balka,polusuhoe-beloe-zolotaya-balka.webp
Полусухое Белое Золотая Балка,белое полусухое Полусухое Белое Золотая Балка Золотая Балка,Совиньон Блан,Белое полусухое,polusuhoe-beloe-zolotaya-balka,polusuhoe-beloe-zolotaya-balka_bottom.webp
Брют Розовое Золотая Балка,розовое брют Брют Розовое Золотая Балка Золотая Балка,Алиготе,Розовое брют,bryut-rozovoe-zolotaya-balka,bryut-rozovoe-zolotaya-balka.webp
Брют Розовое Золотая Балка,розовое брют Брют Розовое Золотая Балка Золотая Балка,Алиготе,Розовое брют,bryut-rozovoe-zolotaya-balka,bryut-rozovoe-zolotaya-balka_bottom.webp
Балаклава Брют Резерв,белое брют Балаклава Брют Резерв Золотая Балка,Шардоне,Белое брют,balaklava-bryut-rezerv,balaklava-bryut-rezerv.webp
Балаклава Брют Резерв,белое брют Балаклава Брют Резерв Золотая Балка,Шардоне,Белое брют,balaklava-bryut-rezerv,balaklava-bryut-rezerv_bottom.webp
Брют Белое Золотая Балка,белое брют Брют Белое Золотая Балка Золотая Балка,Алиготе,Белое брют,bryut-beloe-zolotaya-balka,bryut-beloe-zolotaya-balka.webp
Брют Белое Золотая Балка,белое брют Брют Белое Золотая Балка Золотая Балка,Алиготе,Белое брют,bryut-beloe-zolotaya-balka,bryut-beloe-zolotaya-balka_bottom.webp
Полусладкое Белое Золотая Балка,белое полусладкое Полусладкое Белое Золотая Балка Золотая Балка,Совиньон Блан,Белое полусладкое,polusladkoe-beloe-zolotaya-balka,polusladkoe-beloe-zolotaya-balka.webp
Полусладкое Белое Золотая Балка,белое полусладкое Полусладкое Белое Золотая Балка Золотая Балка,Совиньон Блан,Белое полусладкое,polusladkoe-beloe-zolotaya-balka,polusladkoe-beloe-zolotaya-balka_bottom.webp
MILLSTREAM Cellar Select Каберне Совиньон,красное сухое MILLSTREAM Cellar Select Каберне Совиньон MILLSTREAM,Каберне Совиньон,Красное сухое,millstream-cellar-select-kaberne-sovinon,millstream-cellar-select-kaberne-sovinon.webp
MILLSTREAM Cellar Select Каберне Совиньон,красное сухое MILLSTREAM Cellar Select Каберне Совиньон MILLSTREAM,Каберне Совиньон,Красное сухое,millstream-cellar-select-kaberne-sovinon,millstream-cellar-select-kaberne-sovinon_bottom.webp
MILLSTREAM Cellar Select Красностоп Золотовский,красное сухое MILLSTREAM Cellar Select Красностоп Золотовский MILLSTREAM,Красностоп Золотовский,Красное сухое,millstream-cellar-select-krasnostop-zolotovskij,millstream-cellar-select-krasnostop-zolotovskij.webp
MILLSTREAM Cellar Select Красностоп Золотовский,красное сухое MILLSTREAM Cellar Select Красностоп Золотовский MILLSTREAM,Красностоп Золотовский,Красное сухое,millstream-cellar-select-krasnostop-zolotovskij,millstream-cellar-select-krasnostop-zolotovskij_bottom.webp
MILLSTREAM Cellar Select Бленд Автохтонов,красное сухое MILLSTREAM Cellar Select Бленд Автохтонов MILLSTREAM,Красностоп Золотовский,Красное сухое,millstream-cellar-select-blend-avtohtonov,millstream-cellar-select-blend-avtohtonov.webp
MILLSTREAM Cellar Select Бленд Автохтонов,красное сухое MILLSTREAM Cellar Select Бленд Автохтонов MILLSTREAM,Красностоп Золотовский,Красное сухое,millstream-cellar-select-blend-avtohtonov,millstream-cellar-select-blend-avtohtonov_bottom.webp
MILLSTREAM Cellar Резерв Бленд №4,красное сухое MILLSTREAM Cellar Резерв Бленд №4 MILLSTREAM,Каберне Совиньон,Красное сухое,millstream-cellar-rezerv-blend-4,millstream-cellar-rezerv-blend-4.webp
MILLSTREAM Cellar Резерв Бленд №4,красное сухое MILLSTREAM Cellar Резерв Бленд №4 MILLSTREAM,Каберне Совиньон,Красное сухое,millstream-cellar-rezerv-blend-4,millstream-cellar-rezerv-blend-4_bottom.webp
MILLSTREAM Cellar Select Саперави,красное сухое MILLSTREAM Cellar Select Саперави MILLSTREAM,Саперави,Красное сухое,millstream-cellar-select-saperavi,millstream-cellar-select-saperavi.webp
MILLSTREAM Cellar Select Саперави,красное сухое MILLSTREAM Cellar Select Саперави MILLSTREAM,Саперави,Красное сухое,millstream-cellar-select-saperavi,millstream-cellar-select-saperavi_bottom.webp
"MILLSTREAM AV игристое молодое, сухое, белое","белое брют MILLSTREAM AV игристое молодое, сухое, белое MILLSTREAM",Алиготе,Белое брют,millstream-av-igristoe-molodoe-suhoe-beloe,millstream-av-igristoe-molodoe-suhoe-beloe.webp
"MILLSTREAM AV игристое молодое, сухое, белое","белое брют MILLSTREAM AV игристое молодое, сухое, белое MILLSTREAM",Алиготе,Белое брют,millstream-av-igristoe-molodoe-suhoe-beloe,millstream-av-igristoe-molodoe-suhoe-beloe_bottom.webp
MILLSTREAM Alamak брют белое,белое брют MILLSTREAM Alamak брют белое MILLSTREAM,Совиньон,Белое брют,millstream-alamak-bryut-beloe,millstream-alamak-bryut-beloe.webp
MILLSTREAM Alamak брют белое,белое брют MILLSTREAM Alamak брют белое MILLSTREAM,Совиньон,Белое брют,millstream-alamak-bryut-beloe,millstream-alamak-bryut-beloe_bottom.webp
MILLSTREAM AV игристое молодое полусухое белое,белое полусухое MILLSTREAM AV игристое молодое полусухое белое MILLSTREAM,Мускат,Белое полусухое,millstream-av-igristoe-molodoe-polusuhoe-beloe,millstream-av-igristoe-molodoe-polusuhoe-beloe.webp
MILLSTREAM AV игристое молодое полусухое белое,белое полусухое MILLSTREAM AV игристое молодое полусухое белое MILLSTREAM,Мускат,Белое полусухое,millstream-av-igristoe-molodoe-polusuhoe-beloe,millstream-av-igristoe-molodoe-polusuhoe-beloe_bottom.webp
MILLSTREAM Cellar Blanc de Blanc игристое экстра брют белое,белое экстра брют MILLSTREAM Cellar Blanc de Blanc игристое экстра брют белое MILLSTREAM,Шардоне,Белое экстра брют,millstream-cellar-blanc-de-blanc-ekstra-bryut-beloe,millstream-cellar-blanc-de-blanc-ekstra-bryut-beloe.webp
MILLSTREAM Cellar Blanc de Blanc игристое экстра брют белое,белое экстра брют MILLSTREAM Cellar Blanc de Blanc игристое экстра брют белое MILLSTREAM,Шардоне,Белое экстра брют,millstream-cellar-blanc-de-blanc-ekstra-bryut-beloe,millstream-cellar-blanc-de-blanc-ekstra-bryut-beloe_bottom.webp
MILLSTREAM Cellar выдержанное игристое полусухое белое,белое полусухое MILLSTREAM Cellar выдержанное игристое полусухое белое MILLSTREAM,Пино Нуар,Белое полусухое,millstream-cellar-vyderzhannoe-igristoe-polusuhoe-beloe,millstream-cellar-vyderzhannoe-igristoe-polusuhoe-beloe.webp
MILLSTREAM Cellar выдержанное игристое полусухое белое,белое полусухое MILLSTREAM Cellar выдержанное игристое полусухое белое MILLSTREAM,Пино Нуар,Белое полусухое,millstream-cellar-vyderzhannoe-igristoe-polusuhoe-beloe,millstream-cellar-vyderzhannoe-igristoe-polusuhoe-beloe_bottom.webp
Гладь,белое экстра брют Гладь Винодельня Узунов,Шардоне,Белое экстра брют,vinodelnya-uzunov-glad-shardone-beloe-ekstra-bryut-127,vinodelnya-uzunov-glad-shardone-beloe-ekstra-bryut-127.webp
Гладь,белое экстра брют Гладь Винодельня Узунов,Шардоне,Белое экстра брют,vinodelnya-uzunov-glad-shardone-beloe-ekstra-bryut-127,vinodelnya-uzunov-glad-shardone-beloe-ekstra-bryut-127_bottom.webp
Империал Кюве,розовое брют Империал Кюве Абрау-Дюрсо,Пино Нуар,Розовое брют,abrau-dyurso-imperial-kyuve-pino-nuar-rozovoe-bryut-125,abrau-dyurso-imperial-kyuve-pino-nuar-rozovoe-bryut-125.webp
Империал Кюве,розовое брют Империал Кюве Абрау-Дюрсо,Пино Нуар,Розовое брют,abrau-dyurso-imperial-kyuve-pino-nuar-rozovoe-bryut-125,abrau-dyurso-imperial-kyuve-pino-nuar-rozovoe-bryut-125_bottom.webp
KD брют,белое брют KD брют Винодельня Константина Дзитоева,Шардоне,Белое брют,vinodelnya-konstantina-dzitoeva-kd-bryut-shardone-beloe-115,vinodelnya-konstantina-dzitoeva-kd-bryut-shardone-beloe-115.webp
KD брют,белое брют KD брют Винодельня Константина Дзитоева,Шардоне,Белое брют,vinodelnya-konstantina-dzitoeva-kd-bryut-shardone-beloe-115,vinodelnya-konstantina-dzitoeva-kd-bryut-shardone-beloe-115_bottom.webp
Кюве Блан,белое сухое Кюве Блан Усадьба Маркотх,Шардоне,Белое сухое,usadba-markoth-kyuve-blan-shardone-beloe-suhoe-12,usadba-markoth-kyuve-blan-shardone-beloe-suhoe-12.webp
Кюве Блан,белое сухое Кюве Блан Усадьба Маркотх,Шардоне,Белое сухое,usadba-markoth-kyuve-blan-shardone-beloe-suhoe-12,usadba-markoth-kyuve-blan-shardone-beloe-suhoe-12_bottom.webp
Argonne Chardonay,белое сухое Argonne Chardonay Ivan & Ksenia Kruz,Шардоне,Белое сухое,ivan-ksenia-kruz-argonne-chardonay-shardone-beloe-suhoe-127,ivan-ksenia-kruz-argonne-chardonay-shardone-beloe-suhoe-127.webp
Argonne Chardonay,белое сухое Argonne Chardonay Ivan & Ksenia Kruz,Шардоне,Белое сухое,ivan-ksenia-kruz-argonne-chardonay-shardone-beloe-suhoe-127,ivan-ksenia-kruz-argonne-chardonay-shardone-beloe-suhoe-127_bottom.webp
Трамонто,красное сухое Трамонто Шато Ай-Даниль,Каберне Совиньон,Красное сухое,shato-ay-danil-tramonto-kaberne-sovinon-krasnoe-suhoe-14,shato-ay-danil-tramonto-kaberne-sovinon-krasnoe-suhoe-14.webp
Трамонто,красное сухое Трамонто Шато Ай-Даниль,Каберне Совиньон,Красное сухое,shato-ay-danil-tramonto-kaberne-sovinon-krasnoe-suhoe-14,shato-ay-danil-tramonto-kaberne-sovinon-krasnoe-suhoe-14_bottom.webp
Меганом Blanc de Blancs,белое брют Меганом Blanc de Blancs Солнечная долина,Кокур,Белое брют,solnechnaya-dolina-meganom-blanc-de-blancs-kokur-beloe-bryut-11,solnechnaya-dolina-meganom-blanc-de-blancs-kokur-beloe-bryut-11.webp
Меганом Blanc de Blancs,белое брют Меганом Blanc de Blancs Солнечная долина,Кокур,Белое брют,solnechnaya-dolina-meganom-blanc-de-blancs-kokur-beloe-bryut-11,solnechnaya-dolina-meganom-blanc-de-blancs-kokur-beloe-bryut-11_bottom.webp
Порто Солнечной Долины,белое сладкое Порто Солнечной Долины Солнечная долина,Кокур Белый,Белое сладкое,solnechnaya-dolina-porto-solnechnoy-doliny-kokur-belyy-beloe-sladkoe-175,solnechnaya-dolina-porto-solnechnoy-doliny-kokur-belyy-beloe-sladkoe-175.webp
Порто Солнечной Долины,белое сладкое Порто Солнечной Долины Солнечная долина,Кокур Белый,Белое сладкое,solnechnaya-dolina-porto-solnechnoy-doliny-kokur-belyy-beloe-sladkoe-175,solnechnaya-dolina-porto-solnechnoy-doliny-kokur-belyy-beloe-sladkoe-175_bottom.webp
Мускатное Фестивальное,розовое сладкое Мускатное Фестивальное Солнечная долина,Мускат Белый,Розовое сладкое,solnechnaya-dolina-muskatnoe-festivalnoe-muskat-belyy-rozovoe-sladkoe-16,solnechnaya-dolina-muskatnoe-festivalnoe-muskat-belyy-rozovoe-sladkoe-16.webp
Мускатное Фестивальное,розовое сладкое Мускатное Фестивальное Солнечная долина,Мускат Белый,Розовое сладкое,solnechnaya-dolina-muskatnoe-festivalnoe-muskat-belyy-rozovoe-sladkoe-16,solnechnaya-dolina-muskatnoe-festivalnoe-muskat-belyy-rozovoe-sladkoe-16_bottom.webp
Приват,красное сладкое Приват Солнечная долина,Каберне Совиньон,Красное сладкое,solnechnaya-dolina-privat-kaberne-sovinon-krasnoe-sladkoe-155,solnechnaya-dolina-privat-kaberne-sovinon-krasnoe-sladkoe-155.webp
Приват,красное сладкое Приват Солнечная долина,Каберне Совиньон,Красное сладкое,solnechnaya-dolina-privat-kaberne-sovinon-krasnoe-sladkoe-155,solnechnaya-dolina-privat-kaberne-sovinon-krasnoe-sladkoe-155_bottom.webp
Меганом белое,белое сухое Меганом белое Солнечная долина,Алиготе,Белое сухое,solnechnaya-dolina-meganom-beloe-aligote-suhoe-13,solnechnaya-dolina-meganom-beloe-aligote-suhoe-13.webp
Меганом белое,белое сухое Меганом белое Солнечная долина,Алиготе,Белое сухое,solnechnaya-dolina-meganom-beloe-aligote-suhoe-13,solnechnaya-dolina-meganom-beloe-aligote-suhoe-13_bottom.webp
Winemaker's Selection Саперави,красное полусладкое Winemaker's Selection Саперави Инкерманский ЗМВ,Саперави,Красное полусладкое,inkermanskiy-zmv-winemakers-selection-saperavi-krasnoe-polusladkoe-12,inkermanskiy-zmv-winemakers-selection-saperavi-krasnoe-polusladkoe-12.webp
Winemaker's Selection Саперави,красное полусладкое Winemaker's Selection Саперави Инкерманский ЗМВ,Саперави,Красное полусладкое,inkermanskiy-zmv-winemakers-selection-saperavi-krasnoe-polusladkoe-12,inkermanskiy-zmv-winemakers-selection-saperavi-krasnoe-polusladkoe-12_bottom.webp
Inkerman брют,белое брют Inkerman брют Инкерманский ЗМВ,Шардоне,Белое брют,inkermanskiy-zmv-inkerman-bryut-shardone-beloe-135,inkermanskiy-zmv-inkerman-bryut-shardone-beloe-135.webp
Inkerman брют,белое брют Inkerman брют Инкерманский ЗМВ,Шардоне,Белое брют,inkermanskiy-zmv-inkerman-bryut-shardone-beloe-135,inkermanskiy-zmv-inkerman-bryut-shardone-beloe-135_bottom.webp
Inkerman полусладкое розе,розовое полусладкое Inkerman полусладкое розе Инкерманский ЗМВ,Алиготе,Розовое полусладкое,inkermanskiy-zmv-inkerman-polusladkoe-roze-aligote-rozovoe-135,inkermanskiy-zmv-inkerman-polusladkoe-roze-aligote-rozovoe-135.webp
Inkerman полусладкое розе,розовое полусладкое Inkerman полусладкое розе Инкерманский ЗМВ,Алиготе,Розовое полусладкое,inkermanskiy-zmv-inkerman-polusladkoe-roze-aligote-rozovoe-135,inkermanskiy-zmv-inkerman-polusladkoe-roze-aligote-rozovoe-135_bottom.webp
Кокур Белый экстра брют,белое экстра брют Кокур Белый экстра брют Инкерманский ЗМВ,Кокур Белый,Белое экстра брют,inkermanskiy-zmv-kokur-belyy-ekstra-bryut-beloe-135,inkermanskiy-zmv-kokur-belyy-ekstra-bryut-beloe-135.webp
Кокур Белый экстра брют,белое экстра брют Кокур Белый экстра брют Инкерманский ЗМВ,Кокур Белый,Белое экстра брют,inkermanskiy-zmv-kokur-belyy-ekstra-bryut-beloe-135,inkermanskiy-zmv-kokur-belyy-ekstra-bryut-beloe-135_bottom.webp
Special Reserve. Ркацители,белое сухое Special Reserve. Ркацители Инкерманский ЗМВ,Ркацители,Белое сухое,inkermanskiy-zmv-special-reserve-rkatsiteli-beloe-suhoe-13,inkermanskiy-zmv-special-reserve-rkatsiteli-beloe-suhoe-13.webp
Special Reserve. Ркацители,белое сухое Special Reserve. Ркацители Инкерманский ЗМВ,Ркацители,Белое сухое,inkermanskiy-zmv-special-reserve-rkatsiteli-beloe-suhoe-13,inkermanskiy-zmv-special-reserve-rkatsiteli-beloe-suhoe-13_bottom.webp
Красностоп Золотовский,красное сухое Красностоп Золотовский Винодельня Молчанова,Красностоп Золотовский,Красное сухое,vinodelnya-molchanova-krasnostop-zolotovskiy-krasnoe-suhoe-13,vinodelnya-molchanova-krasnostop-zolotovskiy-krasnoe-suhoe-13.webp
Красностоп Золотовский,красное сухое Красностоп Золотовский Винодельня Молчанова,Красностоп Золотовский,Красное сухое,vinodelnya-molchanova-krasnostop-zolotovskiy-krasnoe-suhoe-13,vinodelnya-molchanova-krasnostop-zolotovskiy-krasnoe-suhoe-13_bottom.webp
Ice Wine Цветочный,белое сладкое Ice Wine Цветочный Винодельня Молчанова,Цветочный,Белое сладкое,vinodelnya-molchanova-ice-wine-tsvetochnyy-beloe-sladkoe-11,vinodelnya-molchanova-ice-wine-tsvetochnyy-beloe-sladkoe-11.webp
Ice Wine Цветочный,белое сладкое Ice Wine Цветочный Винодельня Молчанова,Цветочный,Белое сладкое,vinodelnya-molchanova-ice-wine-tsvetochnyy-beloe-sladkoe-11,vinodelnya-molchanova-ice-wine-tsvetochnyy-beloe-sladkoe-11_bottom.webp
A.G.Poezdnik. Красное,красное сухое A.G.Poezdnik. Красное Шато Пино,Каберне Фран,Красное сухое,shato-pino-agpoezdnik-krasnoe-kaberne-fran-suhoe-14,shato-pino-agpoezdnik-krasnoe-kaberne-fran-suhoe-14.webp
A.G.Poezdnik. Красное,красное сухое A.G.Poezdnik. Красное Шато Пино,Каберне Фран,Красное сухое,shato-pino-agpoezdnik-krasnoe-kaberne-fran-suhoe-14,shato-pino-agpoezdnik-krasnoe-kaberne-fran-suhoe-14_bottom.webp
A.G.Poezdnik. Белое,белое сухое A.G.Poezdnik. Белое Шато Пино,Шардоне,Белое сухое,shato-pino-agpoezdnik-beloe-shardone-suhoe-13,shato-pino-agpoezdnik-beloe-shardone-suhoe-13.webp
A.G.Poezdnik. Белое,белое сухое A.G.Poezdnik. Белое Шато Пино,Шардоне,Белое сухое,shato-pino-agpoezdnik-beloe-shardone-suhoe-13,shato-pino-agpoezdnik-beloe-shardone-suhoe-13_bottom.webp
Колдун Резерв,красное сухое Колдун Резерв Шато Пино,Каберне Совиньон,Красное сухое,shato-pino-koldun-rezerv-kaberne-sovinon-krasnoe-suhoe-14,shato-pino-koldun-rezerv-kaberne-sovinon-krasnoe-suhoe-14.webp
Колдун Резерв,красное сухое Колдун Резерв Шато Пино,Каберне Совиньон,Красное сухое,shato-pino-koldun-rezerv-kaberne-sovinon-krasnoe-suhoe-14,shato-pino-koldun-rezerv-kaberne-sovinon-krasnoe-suhoe-14_bottom.webp
Каберне Фран - Каберне Совиньон,красное сухое Каберне Фран - Каберне Совиньон Шато Пино,Каберне Фран,Красное сухое,shato-pino-kaberne-fran-kaberne-sovinon-krasnoe-suhoe-135,shato-pino-kaberne-fran-kaberne-sovinon-krasnoe-suhoe-135.webp
Каберне Фран - Каберне Совиньон,красное сухое Каберне Фран - Каберне Совиньон Шато Пино,Каберне Фран,Красное сухое,shato-pino-kaberne-fran-kaberne-sovinon-krasnoe-suhoe-135,shato-pino-kaberne-fran-kaberne-sovinon-krasnoe-suhoe-135_bottom.webp
Каберне Совиньон - Мерло,красное сухое Каберне Совиньон - Мерло Шато Пино,Каберне Совиньон,Красное сухое,shato-pino-kaberne-sovinon-merlo-krasnoe-suhoe-135,shato-pino-kaberne-sovinon-merlo-krasnoe-suhoe-135.webp
Каберне Совиньон - Мерло,красное сухое Каберне Совиньон - Мерло Шато Пино,Каберне Совиньон,Красное сухое,shato-pino-kaberne-sovinon-merlo-krasnoe-suhoe-135,shato-pino-kaberne-sovinon-merlo-krasnoe-suhoe-135_bottom.webp
Петнат Пино Гри,розовое экстра брют Петнат Пино Гри Шато Пино,Пино Гри,Розовое экстра брют,shato-pino-petnat-pino-gri-rozovoe-ekstra-bryut-11,shato-pino-petnat-pino-gri-rozovoe-ekstra-bryut-11.webp
Петнат Пино Гри,розовое экстра брют Петнат Пино Гри Шато Пино,Пино Гри,Розовое экстра брют,shato-pino-petnat-pino-gri-rozovoe-ekstra-bryut-11,shato-pino-petnat-pino-gri-rozovoe-ekstra-bryut-11_bottom.webp
Петнат Оранж,белое экстра брют Петнат Оранж Шато Пино,Вионье,Белое экстра брют,shato-pino-petnat-oranzh-vione-beloe-ekstra-bryut-11,shato-pino-petnat-oranzh-vione-beloe-ekstra-bryut-11.webp
Петнат Оранж,белое экстра брют Петнат Оранж Шато Пино,Вионье,Белое экстра брют,shato-pino-petnat-oranzh-vione-beloe-ekstra-bryut-11,shato-pino-petnat-oranzh-vione-beloe-ekstra-bryut-11_bottom.webp
Петнат Пино Нуар,розовое экстра брют Петнат Пино Нуар Шато Пино,Пино Нуар,Розовое экстра брют,shato-pino-petnat-pino-nuar-rozovoe-ekstra-bryut-11,shato-pino-petnat-pino-nuar-rozovoe-ekstra-bryut-11.webp
Петнат Пино Нуар,розовое экстра брют Петнат Пино Нуар Шато Пино,Пино Нуар,Розовое экстра брют,shato-pino-petnat-pino-nuar-rozovoe-ekstra-bryut-11,shato-pino-petnat-pino-nuar-rozovoe-ekstra-bryut-11_bottom.webp
Шантаж. Совиньон Блан - Шардоне,белое сухое Шантаж. Совиньон Блан - Шардоне Шато Пино,Совиньон Блан,Белое сухое,shato-pino-shantazh-sovinon-blan-shardone-beloe-suhoe-115,shato-pino-shantazh-sovinon-blan-shardone-beloe-suhoe-115.webp
Шантаж. Совиньон Блан - Шардоне,белое сухое Шантаж. Совиньон Блан - Шардоне Шато Пино,Совиньон Блан,Белое сухое,shato-pino-shantazh-sovinon-blan-shardone-beloe-suhoe-115,shato-pino-shantazh-sovinon-blan-shardone-beloe-suhoe-115_bottom.webp
Петнат Совиньон Блан,белое экстра брют Петнат Совиньон Блан Шато Пино,Совиньон Блан,Белое экстра брют,shato-pino-petnat-sovinon-blan-beloe-ekstra-bryut-11,shato-pino-petnat-sovinon-blan-beloe-ekstra-bryut-11.webp
Петнат Совиньон Блан,белое экстра брют Петнат Совиньон Блан Шато Пино,Совиньон Блан,Белое экстра брют,shato-pino-petnat-sovinon-blan-beloe-ekstra-bryut-11,shato-pino-petnat-sovinon-blan-beloe-ekstra-bryut-11_bottom.webp
Шары Колдуна. Глю Глю,красное сухое Шары Колдуна. Глю Глю Шато Пино,Вионье,Красное сухое,shato-pino-shary-kolduna-glyu-glyu-vione-krasnoe-suhoe-10,shato-pino-shary-kolduna-glyu-glyu-vione-krasnoe-suhoe-10.webp
Шары Колдуна. Глю Глю,красное сухое Шары Колдуна. Глю Глю Шато Пино,Вионье,Красное сухое,shato-pino-shary-kolduna-glyu-glyu-vione-krasnoe-suhoe-10,shato-pino-shary-kolduna-glyu-glyu-vione-krasnoe-suhoe-10_bottom.webp
Шары Колдуна. Блаш,розовое сухое Шары Колдуна. Блаш Шато Пино,Пино Гри,Розовое сухое,shato-pino-shary-kolduna-blash-pino-gri-rozovoe-suhoe-12,shato-pino-shary-kolduna-blash-pino-gri-rozovoe-suhoe-12.webp
Шары Колдуна. Блаш,розовое сухое Шары Колдуна. Блаш Шато Пино,Пино Гри,Розовое сухое,shato-pino-shary-kolduna-blash-pino-gri-rozovoe-suhoe-12,shato-pino-shary-kolduna-blash-pino-gri-rozovoe-suhoe-12_bottom.webp
Exclusive Пино Нуар - Мерло,красное сухое Exclusive Пино Нуар - Мерло Шато Пино,Пино Нуар,Красное сухое,shato-pino-exclusive-pino-nuar-merlo-krasnoe-suhoe-135,shato-pino-exclusive-pino-nuar-merlo-krasnoe-suhoe-135.webp
Exclusive Пино Нуар - Мерло,красное сухое Exclusive Пино Нуар - Мерло Шато Пино,Пино Нуар,Красное сухое,shato-pino-exclusive-pino-nuar-merlo-krasnoe-suhoe-135,shato-pino-exclusive-pino-nuar-merlo-krasnoe-suhoe-135_bottom.webp
Exclusive Шардоне - Пино Гри,белое сухое Exclusive Шардоне - Пино Гри Шато Пино,Шардоне,Белое сухое,shato-pino-exclusive-shardone-pino-gri-beloe-suhoe-125,shato-pino-exclusive-shardone-pino-gri-beloe-suhoe-125.webp
Exclusive Шардоне - Пино Гри,белое сухое Exclusive Шардоне - Пино Гри Шато Пино,Шардоне,Белое сухое,shato-pino-exclusive-shardone-pino-gri-beloe-suhoe-125,shato-pino-exclusive-shardone-pino-gri-beloe-suhoe-125_bottom.webp
Алиготе - Ркацители сухое белое,белое сухое Алиготе - Ркацители сухое белое Шато Пино,Алиготе,Белое сухое,shato-pino-aligote-rkatsiteli-suhoe-beloe-12,shato-pino-aligote-rkatsiteli-suhoe-beloe-12.webp
Алиготе - Ркацители сухое белое,белое сухое Алиготе - Ркацители сухое белое Шато Пино,Алиготе,Белое сухое,shato-pino-aligote-rkatsiteli-suhoe-beloe-12,shato-pino-aligote-rkatsiteli-suhoe-beloe-12_bottom.webp
Шардоне Сикоры,белое сухое Шардоне Сикоры Имение Сикоры,Шардоне,Белое сухое,imenie-sikory-shardone-sikory-beloe-suhoe-13,imenie-sikory-shardone-sikory-beloe-suhoe-13.webp
Шардоне Сикоры,белое сухое Шардоне Сикоры Имение Сикоры,Шардоне,Белое сухое,imenie-sikory-shardone-sikory-beloe-suhoe-13,imenie-sikory-shardone-sikory-beloe-suhoe-13_bottom.webp
Совиньон Блан Сикоры,белое сухое Совиньон Блан Сикоры Имение Сикоры,Совиньон Блан,Белое сухое,imenie-sikory-sovinon-blan-sikory-beloe-suhoe-13,imenie-sikory-sovinon-blan-sikory-beloe-suhoe-13.webp
Совиньон Блан Сикоры,белое сухое Совиньон Блан Сикоры Имение Сикоры,Совиньон Блан,Белое сухое,imenie-sikory-sovinon-blan-sikory-beloe-suhoe-13,imenie-sikory-sovinon-blan-sikory-beloe-suhoe-13_bottom.webp
Пино Нуар Сикоры,красное сухое Пино Нуар Сикоры Имение Сикоры,Пино Нуар,Красное сухое,imenie-sikory-pino-nuar-sikory-krasnoe-suhoe-14,imenie-sikory-pino-nuar-sikory-krasnoe-suhoe-14.webp
Пино Нуар Сикоры,красное сухое Пино Нуар Сикоры Имение Сикоры,Пино Нуар,Красное сухое,imenie-sikory-pino-nuar-sikory-krasnoe-suhoe-14,imenie-sikory-pino-nuar-sikory-krasnoe-suhoe-14_bottom.webp
РАШ,белое сухое РАШ Винодельня Узунов,,Белое сухое,vinodelnya-uzunov-rash-risling-beloe-suhoe-127,vinodelnya-uzunov-rash-risling-beloe-suhoe-127.webp
РАШ,белое сухое РАШ Винодельня Узунов,,Белое сухое,vinodelnya-uzunov-rash-risling-beloe-suhoe-127,vinodelnya-uzunov-rash-risling-beloe-suhoe-127_bottom.webp
Цимлянское Каберне Совиньон экстра брют розовое,розовое экстра брют Цимлянское Каберне Совиньон экстра брют розовое Цимлянские вина,Каберне Совиньон,Розовое экстра брют,tsimlyanskie-vina-tsimlyanskoe-kaberne-sovinon-ekstra-bryut-rozovoe-13,tsimlyanskie-vina-tsimlyanskoe-kaberne-sovinon-ekstra-bryut-rozovoe-13.webp
Цимлянское Каберне Совиньон экстра брют розовое,розовое экстра брют Цимлянское Каберне Совиньон экстра брют розовое Цимлянские вина,Каберне Совиньон,Розовое экстра брют,tsimlyanskie-vina-tsimlyanskoe-kaberne-sovinon-ekstra-bryut-rozovoe-13,tsimlyanskie-vina-tsimlyanskoe-kaberne-sovinon-ekstra-bryut-rozovoe-13_bottom.webp
Blanc de Blancs,белое брют Blanc de Blancs Фанагория,Шардоне,Белое брют,fanagoriya-blanc-de-blancs-shardone-beloe-bryut-12,fanagoriya-blanc-de-blancs-shardone-beloe-bryut-12.webp
Blanc de Blancs,белое брют Blanc de Blancs Фанагория,Шардоне,Белое брют,fanagoriya-blanc-de-blancs-shardone-beloe-bryut-12,fanagoriya-blanc-de-blancs-shardone-beloe-bryut-12_bottom.webp
Ледяное вино. Мускат,белое сладкое Ледяное вино. Мускат Фанагория,Мускат Оттонель,Белое сладкое,fanagoriya-ledyanoe-vino-muskat-muskat-ottonel-beloe-sladkoe-11,fanagoriya-ledyanoe-vino-muskat-muskat-ottonel-beloe-sladkoe-11.webp
Ледяное вино. Мускат,белое сладкое Ледяное вино. Мускат Фанагория,Мускат Оттонель,Белое сладкое,fanagoriya-ledyanoe-vino-muskat-muskat-ottonel-beloe-sladkoe-11,fanagoriya-ledyanoe-vino-muskat-muskat-ottonel-beloe-sladkoe-11_bottom.webp
Формула Q,красное сухое Формула Q Фанагория,Каберне Совиньон,Красное сухое,fanagoriya-formula-q-kaberne-sovinon-krasnoe-suhoe-135,fanagoriya-formula-q-kaberne-sovinon-krasnoe-suhoe-135.webp
Формула Q,красное сухое Формула Q Фанагория,Каберне Совиньон,Красное сухое,fanagoriya-formula-q-kaberne-sovinon-krasnoe-suhoe-135,fanagoriya-formula-q-kaberne-sovinon-krasnoe-suhoe-135_bottom.webp
SAQRA,красное сухое SAQRA Фанагория,Саперави,Красное сухое,fanagoriya-saqra-saperavi-krasnoe-suhoe-135,fanagoriya-saqra-saperavi-krasnoe-suhoe-135.webp
SAQRA,красное сухое SAQRA Фанагория,Саперави,Красное сухое,fanagoriya-saqra-saperavi-krasnoe-suhoe-135,fanagoriya-saqra-saperavi-krasnoe-suhoe-135_bottom.webp
100 оттенков красного. Пино Нуар,красное сухое 100 оттенков красного. Пино Нуар Фанагория,Пино Нуар,Красное сухое,fanagoriya-100-ottenkov-krasnogo-pino-nuar-krasnoe-suhoe-135,fanagoriya-100-ottenkov-krasnogo-pino-nuar-krasnoe-suhoe-135.webp
100 оттенков красного. Пино Нуар,красное сухое 100 оттенков красного. Пино Нуар Фанагория,Пино Нуар,Красное сухое,fanagoriya-100-ottenkov-krasnogo-pino-nuar-krasnoe-suhoe-135,fanagoriya-100-ottenkov-krasnogo-pino-nuar-krasnoe-suhoe-135_bottom.webp
Blanc de Noirs Менье,белое экстра брют Blanc de Noirs Менье Фанагория,Пино Менье,Белое экстра брют,fanagoriya-blanc-de-noirs-mene-pino-mene-beloe-ekstra-bryut-12,fanagoriya-blanc-de-noirs-mene-pino-mene-beloe-ekstra-bryut-12.webp
Blanc de Noirs Менье,белое экстра брют Blanc de Noirs Менье Фанагория,Пино Менье,Белое экстра брют,fanagoriya-blanc-de-noirs-mene-pino-mene-beloe-ekstra-bryut-12,fanagoriya-blanc-de-noirs-mene-pino-mene-beloe-ekstra-bryut-12_bottom.webp
Гренаш,красное сухое Гренаш Шато Ай-Даниль,Гренаш,Красное сухое,shato-ay-danil-grenash-krasnoe-suhoe-12,shato-ay-danil-grenash-krasnoe-suhoe-12.webp
Гренаш,красное сухое Гренаш Шато Ай-Даниль,Гренаш,Красное сухое,shato-ay-danil-grenash-krasnoe-suhoe-12,shato-ay-danil-grenash-krasnoe-suhoe-12_bottom.webp
Старая Дорога на Джанхот,красное сухое Старая Дорога на Джанхот Усадьба Мезыбь,Каберне Совиньон,Красное сухое,usadba-mezyb-staraya-doroga-na-dzhanhot-kaberne-sovinon-krasnoe-suhoe-144,usadba-mezyb-staraya-doroga-na-dzhanhot-kaberne-sovinon-krasnoe-suhoe-144.webp
Старая Дорога на Джанхот,красное сухое Старая Дорога на Джанхот Усадьба Мезыбь,Каберне Совиньон,Красное сухое,usadba-mezyb-staraya-doroga-na-dzhanhot-kaberne-sovinon-krasnoe-suhoe-144,usadba-mezyb-staraya-doroga-na-dzhanhot-kaberne-sovinon-krasnoe-suhoe-144_bottom.webp
Шардоне,белое сухое Шардоне Усадьба Маркотх,Шардоне,Белое сухое,usadba-markoth-shardone-beloe-suhoe-12,usadba-markoth-shardone-beloe-suhoe-12.webp
Шардоне,белое сухое Шардоне Усадьба Маркотх,Шардоне,Белое сухое,usadba-markoth-shardone-beloe-suhoe-12,usadba-markoth-shardone-beloe-suhoe-12_bottom.webp
Вионье,белое сухое Вионье Усадьба Мезыбь,Вионье,Белое сухое,usadba-mezyb-vione-beloe-suhoe-118,usadba-mezyb-vione-beloe-suhoe-118.webp
Вионье,белое сухое Вионье Усадьба Мезыбь,Вионье,Белое сухое,usadba-mezyb-vione-beloe-suhoe-118,usadba-mezyb-vione-beloe-suhoe-118_bottom.webp
Мерло Резерв,красное сухое Мерло Резерв Усадьба Маркотх,Мерло,Красное сухое,usadba-markoth-merlo-rezerv-krasnoe-suhoe-13,usadba-markoth-merlo-rezerv-krasnoe-suhoe-13.webp
Мерло Резерв,красное сухое Мерло Резерв Усадьба Маркотх,Мерло,Красное сухое,usadba-markoth-merlo-rezerv-krasnoe-suhoe-13,usadba-markoth-merlo-rezerv-krasnoe-suhoe-13_bottom.webp
Каберне Совиньон Резерв,красное сухое Каберне Совиньон Резерв Усадьба Маркотх,Каберне Совиньон,Красное сухое,usadba-markoth-kaberne-sovinon-rezerv-krasnoe-suhoe-13,usadba-markoth-kaberne-sovinon-rezerv-krasnoe-suhoe-13.webp
Каберне Совиньон Резерв,красное сухое Каберне Совиньон Резерв Усадьба Маркотх,Каберне Совиньон,Красное сухое,usadba-markoth-kaberne-sovinon-rezerv-krasnoe-suhoe-13,usadba-markoth-kaberne-sovinon-rezerv-krasnoe-suhoe-13_bottom.webp
Солист,розовое сухое Солист Усадьба Дивноморское,Марселан,Розовое сухое,usadba-divnomorskoe-solist-marselan-rozovoe-suhoe-115,usadba-divnomorskoe-solist-marselan-rozovoe-suhoe-115.webp
Солист,розовое сухое Солист Усадьба Дивноморское,Марселан,Розовое сухое,usadba-divnomorskoe-solist-marselan-rozovoe-suhoe-115,usadba-divnomorskoe-solist-marselan-rozovoe-suhoe-115_bottom.webp
Grande Rose,розовое экстра брют Grande Rose Усадьба Дивноморское,Пино Нуар,Розовое экстра брют,usadba-divnomorskoe-grande-rose-pino-nuar-rozovoe-ekstra-bryut-125,usadba-divnomorskoe-grande-rose-pino-nuar-rozovoe-ekstra-bryut-125.webp
Grande Rose,розовое экстра брют Grande Rose Усадьба Дивноморское,Пино Нуар,Розовое экстра брют,usadba-divnomorskoe-grande-rose-pino-nuar-rozovoe-ekstra-bryut-125,usadba-divnomorskoe-grande-rose-pino-nuar-rozovoe-ekstra-bryut-125_bottom.webp
Солнечный Ветер,белое сухое Солнечный Ветер Усадьба Дивноморское,Шардоне,Белое сухое,usadba-divnomorskoe-solnechnyy-veter-shardone-beloe-suhoe-125,usadba-divnomorskoe-solnechnyy-veter-shardone-beloe-suhoe-125.webp
Солнечный Ветер,белое сухое Солнечный Ветер Усадьба Дивноморское,Шардоне,Белое сухое,usadba-divnomorskoe-solnechnyy-veter-shardone-beloe-suhoe-125,usadba-divnomorskoe-solnechnyy-veter-shardone-beloe-suhoe-125_bottom.webp
Южный Лес,красное сухое Южный Лес Усадьба Дивноморское,Мерло,Красное сухое,usadba-divnomorskoe-yuzhnyy-les-merlo-krasnoe-suhoe-137,usadba-divnomorskoe-yuzhnyy-les-merlo-krasnoe-suhoe-137.webp
Южный Лес,красное сухое Южный Лес Усадьба Дивноморское,Мерло,Красное сухое,usadba-divnomorskoe-yuzhnyy-les-merlo-krasnoe-suhoe-137,usadba-divnomorskoe-yuzhnyy-les-merlo-krasnoe-suhoe-137_bottom.webp
Холодный Туман,белое сухое Холодный Туман Усадьба Дивноморское,Рислинг,Белое сухое,usadba-divnomorskoe-holodnyy-tuman-risling-beloe-suhoe-115,usadba-divnomorskoe-holodnyy-tuman-risling-beloe-suhoe-115.webp
Холодный Туман,белое сухое Холодный Туман Усадьба Дивноморское,Рислинг,Белое сухое,usadba-divnomorskoe-holodnyy-tuman-risling-beloe-suhoe-115,usadba-divnomorskoe-holodnyy-tuman-risling-beloe-suhoe-115_bottom.webp
Blanc de Blancs,белое экстра брют Blanc de Blancs Усадьба Дивноморское,Шардоне,Белое экстра брют,usadba-divnomorskoe-blanc-de-blancs-shardone-beloe-ekstra-bryut-12,usadba-divnomorskoe-blanc-de-blancs-shardone-beloe-ekstra-bryut-12.webp
Blanc de Blancs,белое экстра брют Blanc de Blancs Усадьба Дивноморское,Шардоне,Белое экстра брют,usadba-divnomorskoe-blanc-de-blancs-shardone-beloe-ekstra-bryut-12,usadba-divnomorskoe-blanc-de-blancs-shardone-beloe-ekstra-bryut-12_bottom.webp
East Hill,белое сухое East Hill Усадьба Дивноморское,Вионье,Белое сухое,usadba-divnomorskoe-east-hill-vione-beloe-suhoe-127,usadba-divnomorskoe-east-hill-vione-beloe-suhoe-127.webp
East Hill,белое сухое East Hill Усадьба Дивноморское,Вионье,Белое сухое,usadba-divnomorskoe-east-hill-vione-beloe-suhoe-127,usadba-divnomorskoe-east-hill-vione-beloe-suhoe-127_bottom.webp
"Tête de Cheval
 сладкое розе",сладкое розе Golubitskoe Estate,Пино Гри,Розовое сладкое,pomeste-golubitskoe-tte-de-cheval-sladkoe-roze-pino-gri-rozovoe-115,pomeste-golubitskoe-tte-de-cheval-sladkoe-roze-pino-gri-rozovoe-115.webp
"Tête de Cheval
 сладкое розе",сладкое розе Golubitskoe Estate,Пино Гри,Розовое сладкое,pomeste-golubitskoe-tte-de-cheval-sladkoe-roze-pino-gri-rozovoe-115,pomeste-golubitskoe-tte-de-cheval-sladkoe-roze-pino-gri-rozovoe-115_bottom.webp
Grande Cuvee,белое брют Grande Cuvee Усадьба Дивноморское,Шардоне,Белое брют,usadba-divnomorskoe-grande-cuvee-shardone-beloe-bryut-125,usadba-divnomorskoe-grande-cuvee-shardone-beloe-bryut-125.webp
Grande Cuvee,белое брют Grande Cuvee Усадьба Дивноморское,Шардоне,Белое брют,usadba-divnomorskoe-grande-cuvee-shardone-beloe-bryut-125,usadba-divnomorskoe-grande-cuvee-shardone-beloe-bryut-125_bottom.webp
Каберне Совиньон Резерв,красное сухое Каберне Совиньон Резерв Golubitskoe Estate,Каберне Совиньон,Красное сухое,pomeste-golubitskoe-kaberne-sovinon-rezerv-krasnoe-suhoe-143,pomeste-golubitskoe-kaberne-sovinon-rezerv-krasnoe-suhoe-143.webp
Каберне Совиньон Резерв,красное сухое Каберне Совиньон Резерв Golubitskoe Estate,Каберне Совиньон,Красное сухое,pomeste-golubitskoe-kaberne-sovinon-rezerv-krasnoe-suhoe-143,pomeste-golubitskoe-kaberne-sovinon-rezerv-krasnoe-suhoe-143_bottom.webp
Noble Selection. Пино Нуар розе,розовое сухое Noble Selection. Пино Нуар розе Golubitskoe Estate,Пино Нуар,Розовое сухое,pomeste-golubitskoe-noble-selection-pino-nuar-roze-rozovoe-suhoe-132,pomeste-golubitskoe-noble-selection-pino-nuar-roze-rozovoe-suhoe-132.webp
Noble Selection. Пино Нуар розе,розовое сухое Noble Selection. Пино Нуар розе Golubitskoe Estate,Пино Нуар,Розовое сухое,pomeste-golubitskoe-noble-selection-pino-nuar-roze-rozovoe-suhoe-132,pomeste-golubitskoe-noble-selection-pino-nuar-roze-rozovoe-suhoe-132_bottom.webp
Шардоне Резерв,белое сухое Шардоне Резерв Golubitskoe Estate,Шардоне,Белое сухое,pomeste-golubitskoe-shardone-rezerv-beloe-suhoe-132,pomeste-golubitskoe-shardone-rezerv-beloe-suhoe-132.webp
Шардоне Резерв,белое сухое Шардоне Резерв Golubitskoe Estate,Шардоне,Белое сухое,pomeste-golubitskoe-shardone-rezerv-beloe-suhoe-132,pomeste-golubitskoe-shardone-rezerv-beloe-suhoe-132_bottom.webp
"Tête de Cheval
 брют",брют Golubitskoe Estate,Рислинг Рейнский,Белое брют,pomeste-golubitskoe-tte-de-cheval-bryut-risling-reynskiy-beloe-12,pomeste-golubitskoe-tte-de-cheval-bryut-risling-reynskiy-beloe-12.webp
"Tête de Cheval
 брют",брют Golubitskoe Estate,Рислинг Рейнский,Белое брют,pomeste-golubitskoe-tte-de-cheval-bryut-risling-reynskiy-beloe-12,pomeste-golubitskoe-tte-de-cheval-bryut-risling-reynskiy-beloe-12_bottom.webp
"Tête de Cheval
 сладкое",сладкое Golubitskoe Estate,Рислинг Рейнский,Белое сладкое,pomeste-golubitskoe-tte-de-cheval-sladkoe-risling-reynskiy-beloe-12,pomeste-golubitskoe-tte-de-cheval-sladkoe-risling-reynskiy-beloe-12.webp
"Tête de Cheval
 сладкое",сладкое Golubitskoe Estate,Рислинг Рейнский,Белое сладкое,pomeste-golubitskoe-tte-de-cheval-sladkoe-risling-reynskiy-beloe-12,pomeste-golubitskoe-tte-de-cheval-sladkoe-risling-reynskiy-beloe-12_bottom.webp
Tête de Cheval Blanc de Blancs,белое брют Tête de Cheval Blanc de Blancs Golubitskoe Estate,Шардоне,Белое брют,pomeste-golubitskoe-tte-de-cheval-blanc-de-blancs-shardone-beloe-bryut-12,pomeste-golubitskoe-tte-de-cheval-blanc-de-blancs-shardone-beloe-bryut-12.webp
Tête de Cheval Blanc de Blancs,белое брют Tête de Cheval Blanc de Blancs Golubitskoe Estate,Шардоне,Белое брют,pomeste-golubitskoe-tte-de-cheval-blanc-de-blancs-shardone-beloe-bryut-12,pomeste-golubitskoe-tte-de-cheval-blanc-de-blancs-shardone-beloe-bryut-12_bottom.webp
Пино Нуар,красное сухое Пино Нуар Николаев и сыновья,Пино Нуар,Красное сухое,nikolaev-i-synovya-pino-nuar-krasnoe-suhoe-125,nikolaev-i-synovya-pino-nuar-krasnoe-suhoe-125.webp
Пино Нуар,красное сухое Пино Нуар Николаев и сыновья,Пино Нуар,Красное сухое,nikolaev-i-synovya-pino-nuar-krasnoe-suhoe-125,nikolaev-i-synovya-pino-nuar-krasnoe-suhoe-125_bottom.webp
Фламинго,розовое сухое Фламинго Николаев и сыновья,Мальбек,Розовое сухое,nikolaev-i-synovya-flamingo-malbek-rozovoe-suhoe-125,nikolaev-i-synovya-flamingo-malbek-rozovoe-suhoe-125.webp
Фламинго,розовое сухое Фламинго Николаев и сыновья,Мальбек,Розовое сухое,nikolaev-i-synovya-flamingo-malbek-rozovoe-suhoe-125,nikolaev-i-synovya-flamingo-malbek-rozovoe-suhoe-125_bottom.webp
Фестелия,красное сухое Фестелия Николаев и сыновья,Пти Вердо,Красное сухое,nikolaev-i-synovya-festeliya-pti-verdo-krasnoe-suhoe-135,nikolaev-i-synovya-festeliya-pti-verdo-krasnoe-suhoe-135.webp
Фестелия,красное сухое Фестелия Николаев и сыновья,Пти Вердо,Красное сухое,nikolaev-i-synovya-festeliya-pti-verdo-krasnoe-suhoe-135,nikolaev-i-synovya-festeliya-pti-verdo-krasnoe-suhoe-135_bottom.webp
Аристов. Кюве Александр Rose de Pinot,розовое экстра брют Аристов. Кюве Александр Rose de Pinot Кубань-Вино,Пино Нуар,Розовое экстра брют,kuban-vino-aristov-kyuve-aleksandr-rose-de-pinot-pino-nuar-rozovoe-ekstra-bryut-12,kuban-vino-aristov-kyuve-aleksandr-rose-de-pinot-pino-nuar-rozovoe-ekstra-bryut-12.webp
Аристов. Кюве Александр Rose de Pinot,розовое экстра брют Аристов. Кюве Александр Rose de Pinot Кубань-Вино,Пино Нуар,Розовое экстра брют,kuban-vino-aristov-kyuve-aleksandr-rose-de-pinot-pino-nuar-rozovoe-ekstra-bryut-12,kuban-vino-aristov-kyuve-aleksandr-rose-de-pinot-pino-nuar-rozovoe-ekstra-bryut-12_bottom.webp
Аристов. Кюве Александр. Миллезимато,белое экстра брют Аристов. Кюве Александр. Миллезимато Кубань-Вино,Шардоне,Белое экстра брют,kuban-vino-aristov-kyuve-aleksandr-millezimato-shardone-beloe-ekstra-bryut-12,kuban-vino-aristov-kyuve-aleksandr-millezimato-shardone-beloe-ekstra-bryut-12.webp
Аристов. Кюве Александр. Миллезимато,белое экстра брют Аристов. Кюве Александр. Миллезимато Кубань-Вино,Шардоне,Белое экстра брют,kuban-vino-aristov-kyuve-aleksandr-millezimato-shardone-beloe-ekstra-bryut-12,kuban-vino-aristov-kyuve-aleksandr-millezimato-shardone-beloe-ekstra-bryut-12_bottom.webp
Аристов. Кюве Александр Blanc de Blancs 36,белое экстра брют Аристов. Кюве Александр Blanc de Blancs 36 Кубань-Вино,Шардоне,Белое экстра брют,kuban-vino-aristov-kyuve-aleksandr-blanc-de-blancs-36-shardone-beloe-ekstra-bryut-12,kuban-vino-aristov-kyuve-aleksandr-blanc-de-blancs-36-shardone-beloe-ekstra-bryut-12.webp
Аристов. Кюве Александр Blanc de Blancs 36,белое экстра брют Аристов. Кюве Александр Blanc de Blancs 36 Кубань-Вино,Шардоне,Белое экстра брют,kuban-vino-aristov-kyuve-aleksandr-blanc-de-blancs-36-shardone-beloe-ekstra-bryut-12,kuban-vino-aristov-kyuve-aleksandr-blanc-de-blancs-36-shardone-beloe-ekstra-bryut-12_bottom.webp
Шардоне,белое сухое Шардоне Николаев и сыновья,Шардоне,Белое сухое,nikolaev-i-synovya-shardone-beloe-suhoe-125,nikolaev-i-synovya-shardone-beloe-suhoe-125.webp
Шардоне,белое сухое Шардоне Николаев и сыновья,Шардоне,Белое сухое,nikolaev-i-synovya-shardone-beloe-suhoe-125,nikolaev-i-synovya-shardone-beloe-suhoe-125_bottom.webp
Каберне Фран розе,розовое сухое Каберне Фран розе Имение Сикоры,Каберне Фран,Розовое сухое,imenie-sikory-kaberne-fran-roze-rozovoe-suhoe-13,imenie-sikory-kaberne-fran-roze-rozovoe-suhoe-13.webp
Каберне Фран розе,розовое сухое Каберне Фран розе Имение Сикоры,Каберне Фран,Розовое сухое,imenie-sikory-kaberne-fran-roze-rozovoe-suhoe-13,imenie-sikory-kaberne-fran-roze-rozovoe-suhoe-13_bottom.webp
Рислинг,белое сухое Рислинг Вилла София,Рислинг,Белое сухое,villa-sofiya-risling-beloe-suhoe-131,villa-sofiya-risling-beloe-suhoe-131.webp
Рислинг,белое сухое Рислинг Вилла София,Рислинг,Белое сухое,villa-sofiya-risling-beloe-suhoe-131,villa-sofiya-risling-beloe-suhoe-131_bottom.webp
Трио белое,белое сухое Трио белое Вилла София,Рислинг,Белое сухое,villa-sofiya-trio-beloe-risling-suhoe-123,villa-sofiya-trio-beloe-risling-suhoe-123.webp
Трио белое,белое сухое Трио белое Вилла София,Рислинг,Белое сухое,villa-sofiya-trio-beloe-risling-suhoe-123,villa-sofiya-trio-beloe-risling-suhoe-123_bottom.webp
Автохтон,красное сухое Автохтон Зимовец,Цимлянский черный,Красное сухое,zimovets-avtohton-tsimlyanskiy-chernyy-krasnoe-suhoe-135,zimovets-avtohton-tsimlyanskiy-chernyy-krasnoe-suhoe-135.webp
Автохтон,красное сухое Автохтон Зимовец,Цимлянский черный,Красное сухое,zimovets-avtohton-tsimlyanskiy-chernyy-krasnoe-suhoe-135,zimovets-avtohton-tsimlyanskiy-chernyy-krasnoe-suhoe-135_bottom.webp
Трио красное,красное сухое Трио красное Вилла София,Мерло,Красное сухое,villa-sofiya-trio-krasnoe-merlo-suhoe-135,villa-sofiya-trio-krasnoe-merlo-suhoe-135.webp
Трио красное,красное сухое Трио красное Вилла София,Мерло,Красное сухое,villa-sofiya-trio-krasnoe-merlo-suhoe-135,villa-sofiya-trio-krasnoe-merlo-suhoe-135_bottom.webp
Совиньон Блан,белое сухое Совиньон Блан Вилла София,Совиньон Блан,Белое сухое,villa-sofiya-sovinon-blan-beloe-suhoe-123,villa-sofiya-sovinon-blan-beloe-suhoe-123.webp
Совиньон Блан,белое сухое Совиньон Блан Вилла София,Совиньон Блан,Белое сухое,villa-sofiya-sovinon-blan-beloe-suhoe-123,villa-sofiya-sovinon-blan-beloe-suhoe-123_bottom.webp
Цимлянский Черный,красное сухое Цимлянский Черный Tempelhof Winery,Цимлянский черный,Красное сухое,tempelhof-winery-tsimlyanskiy-chernyy-krasnoe-suhoe-125,tempelhof-winery-tsimlyanskiy-chernyy-krasnoe-suhoe-125.webp
Цимлянский Черный,красное сухое Цимлянский Черный Tempelhof Winery,Цимлянский черный,Красное сухое,tempelhof-winery-tsimlyanskiy-chernyy-krasnoe-suhoe-125,tempelhof-winery-tsimlyanskiy-chernyy-krasnoe-suhoe-125_bottom.webp
Пино Нуар,красное сухое Пино Нуар Tempelhof Winery,Пино Нуар,Красное сухое,tempelhof-winery-pino-nuar-krasnoe-suhoe-125,tempelhof-winery-pino-nuar-krasnoe-suhoe-125.webp
Пино Нуар,красное сухое Пино Нуар Tempelhof Winery,Пино Нуар,Красное сухое,tempelhof-winery-pino-nuar-krasnoe-suhoe-125,tempelhof-winery-pino-nuar-krasnoe-suhoe-125_bottom.webp
Испанец,красное сухое Испанец Семейная винодельня Михаила Колесникова,Каберне Совиньон,Красное сухое,semeynaya-vinodelnya-mihaila-kolesnikova-ispanets-kaberne-sovinon-krasnoe-suhoe-148,semeynaya-vinodelnya-mihaila-kolesnikova-ispanets-kaberne-sovinon-krasnoe-suhoe-148.webp
Испанец,красное сухое Испанец Семейная винодельня Михаила Колесникова,Каберне Совиньон,Красное сухое,semeynaya-vinodelnya-mihaila-kolesnikova-ispanets-kaberne-sovinon-krasnoe-suhoe-148,semeynaya-vinodelnya-mihaila-kolesnikova-ispanets-kaberne-sovinon-krasnoe-suhoe-148_bottom.webp
Рислинг,белое сухое Рислинг Tempelhof Winery,Рислинг Рейнский,Белое сухое,tempelhof-winery-risling-risling-reynskiy-beloe-suhoe-115,tempelhof-winery-risling-risling-reynskiy-beloe-suhoe-115.webp
Рислинг,белое сухое Рислинг Tempelhof Winery,Рислинг Рейнский,Белое сухое,tempelhof-winery-risling-risling-reynskiy-beloe-suhoe-115,tempelhof-winery-risling-risling-reynskiy-beloe-suhoe-115_bottom.webp
Каберне Фран - Мерло - Красностоп,красное сухое Каберне Фран - Мерло - Красностоп Семейная винодельня Михаила Колесникова,Каберне Фран,Красное сухое,semeynaya-vinodelnya-mihaila-kolesnikova-kaberne-fran-merlo-krasnostop-krasnoe-suhoe-148,semeynaya-vinodelnya-mihaila-kolesnikova-kaberne-fran-merlo-krasnostop-krasnoe-suhoe-148.webp
Каберне Фран - Мерло - Красностоп,красное сухое Каберне Фран - Мерло - Красностоп Семейная винодельня Михаила Колесникова,Каберне Фран,Красное сухое,semeynaya-vinodelnya-mihaila-kolesnikova-kaberne-fran-merlo-krasnostop-krasnoe-suhoe-148,semeynaya-vinodelnya-mihaila-kolesnikova-kaberne-fran-merlo-krasnostop-krasnoe-suhoe-148_bottom.webp
KD Шардоне,белое сухое KD Шардоне Винодельня Константина Дзитоева,Шардоне,Белое сухое,vinodelnya-konstantina-dzitoeva-kd-shardone-beloe-suhoe-128,vinodelnya-konstantina-dzitoeva-kd-shardone-beloe-suhoe-128.webp
KD Шардоне,белое сухое KD Шардоне Винодельня Константина Дзитоева,Шардоне,Белое сухое,vinodelnya-konstantina-dzitoeva-kd-shardone-beloe-suhoe-128,vinodelnya-konstantina-dzitoeva-kd-shardone-beloe-suhoe-128_bottom.webp
Шпетбургундер,красное сухое Шпетбургундер Tempelhof Winery,Пино Нуар,Красное сухое,tempelhof-winery-shpetburgunder-pino-nuar-krasnoe-suhoe-125,tempelhof-winery-shpetburgunder-pino-nuar-krasnoe-suhoe-125.webp
Шпетбургундер,красное сухое Шпетбургундер Tempelhof Winery,Пино Нуар,Красное сухое,tempelhof-winery-shpetburgunder-pino-nuar-krasnoe-suhoe-125,tempelhof-winery-shpetburgunder-pino-nuar-krasnoe-suhoe-125_bottom.webp
KD Резерв,красное сухое KD Резерв Винодельня Константина Дзитоева,Мерло,Красное сухое,vinodelnya-konstantina-dzitoeva-kd-rezerv-merlo-krasnoe-suhoe-12,vinodelnya-konstantina-dzitoeva-kd-rezerv-merlo-krasnoe-suhoe-12.webp
KD Резерв,красное сухое KD Резерв Винодельня Константина Дзитоева,Мерло,Красное сухое,vinodelnya-konstantina-dzitoeva-kd-rezerv-merlo-krasnoe-suhoe-12,vinodelnya-konstantina-dzitoeva-kd-rezerv-merlo-krasnoe-suhoe-12_bottom.webp
Кион,красное сухое Кион Винодельня Константина Дзитоева,Каберне Совиньон,Красное сухое,vinodelnya-konstantina-dzitoeva-kion-kaberne-sovinon-krasnoe-suhoe-145,vinodelnya-konstantina-dzitoeva-kion-kaberne-sovinon-krasnoe-suhoe-145.webp
Кион,красное сухое Кион Винодельня Константина Дзитоева,Каберне Совиньон,Красное сухое,vinodelnya-konstantina-dzitoeva-kion-kaberne-sovinon-krasnoe-suhoe-145,vinodelnya-konstantina-dzitoeva-kion-kaberne-sovinon-krasnoe-suhoe-145_bottom.webp
Герцъ,красное сухое Герцъ Имение Сикоры,Каберне Совиньон,Красное сухое,imenie-sikory-gerts-kaberne-sovinon-krasnoe-suhoe-14,imenie-sikory-gerts-kaberne-sovinon-krasnoe-suhoe-14.webp
Герцъ,красное сухое Герцъ Имение Сикоры,Каберне Совиньон,Красное сухое,imenie-sikory-gerts-kaberne-sovinon-krasnoe-suhoe-14,imenie-sikory-gerts-kaberne-sovinon-krasnoe-suhoe-14_bottom.webp
Рислинг. Семейный Резерв,белое сухое Рислинг. Семейный Резерв Имение Сикоры,Рислинг Рейнский,Белое сухое,imenie-sikory-risling-semeynyy-rezerv-risling-reynskiy-beloe-suhoe-13,imenie-sikory-risling-semeynyy-rezerv-risling-reynskiy-beloe-suhoe-13.webp
Рислинг. Семейный Резерв,белое сухое Рислинг. Семейный Резерв Имение Сикоры,Рислинг Рейнский,Белое сухое,imenie-sikory-risling-semeynyy-rezerv-risling-reynskiy-beloe-suhoe-13,imenie-sikory-risling-semeynyy-rezerv-risling-reynskiy-beloe-suhoe-13_bottom.webp
Мерло. Семейный Резерв,красное сухое Мерло. Семейный Резерв Имение Сикоры,Мерло,Красное сухое,imenie-sikory-merlo-semeynyy-rezerv-krasnoe-suhoe-14,imenie-sikory-merlo-semeynyy-rezerv-krasnoe-suhoe-14.webp
Мерло. Семейный Резерв,красное сухое Мерло. Семейный Резерв Имение Сикоры,Мерло,Красное сухое,imenie-sikory-merlo-semeynyy-rezerv-krasnoe-suhoe-14,imenie-sikory-merlo-semeynyy-rezerv-krasnoe-suhoe-14_bottom.webp
Семейное Наследие,красное сухое Семейное Наследие Имение Сикоры,Каберне Совиньон,Красное сухое,imenie-sikory-semeynoe-nasledie-kaberne-sovinon-krasnoe-suhoe-14,imenie-sikory-semeynoe-nasledie-kaberne-sovinon-krasnoe-suhoe-14.webp
Семейное Наследие,красное сухое Семейное Наследие Имение Сикоры,Каберне Совиньон,Красное сухое,imenie-sikory-semeynoe-nasledie-kaberne-sovinon-krasnoe-suhoe-14,imenie-sikory-semeynoe-nasledie-kaberne-sovinon-krasnoe-suhoe-14_bottom.webp
Каберне Совиньон. Семейный Резерв,красное сухое Каберне Совиньон. Семейный Резерв Имение Сикоры,Каберне Совиньон,Красное сухое,imenie-sikory-kaberne-sovinon-semeynyy-rezerv-krasnoe-suhoe-14,imenie-sikory-kaberne-sovinon-semeynyy-rezerv-krasnoe-suhoe-14.webp
Каберне Совиньон. Семейный Резерв,красное сухое Каберне Совиньон. Семейный Резерв Имение Сикоры,Каберне Совиньон,Красное сухое,imenie-sikory-kaberne-sovinon-semeynyy-rezerv-krasnoe-suhoe-14,imenie-sikory-kaberne-sovinon-semeynyy-rezerv-krasnoe-suhoe-14_bottom.webp
Краса,красное сухое Краса Винодельня Узунов,,Красное сухое,vinodelnya-uzunov-krasa-kaberne-sovinon-krasnoe-suhoe-125,vinodelnya-uzunov-krasa-kaberne-sovinon-krasnoe-suhoe-125.webp
Краса,красное сухое Краса Винодельня Узунов,,Красное сухое,vinodelnya-uzunov-krasa-kaberne-sovinon-krasnoe-suhoe-125,vinodelnya-uzunov-krasa-kaberne-sovinon-krasnoe-suhoe-125_bottom.webp
Алиготе,белое сухое Алиготе Винодельня Узунов,Алиготе,Белое сухое,vinodelnya-uzunov-aligote-beloe-suhoe-127,vinodelnya-uzunov-aligote-beloe-suhoe-127.webp
Алиготе,белое сухое Алиготе Винодельня Узунов,Алиготе,Белое сухое,vinodelnya-uzunov-aligote-beloe-suhoe-127,vinodelnya-uzunov-aligote-beloe-suhoe-127_bottom.webp
Бунт,белое сухое Бунт Винодельня Узунов,Цитронный Магарача,Белое сухое,vinodelnya-uzunov-bunt-tsitronnyy-magaracha-beloe-suhoe-132,vinodelnya-uzunov-bunt-tsitronnyy-magaracha-beloe-suhoe-132.webp
Бунт,белое сухое Бунт Винодельня Узунов,Цитронный Магарача,Белое сухое,vinodelnya-uzunov-bunt-tsitronnyy-magaracha-beloe-suhoe-132,vinodelnya-uzunov-bunt-tsitronnyy-magaracha-beloe-suhoe-132_bottom.webp
Розе экстра брют,розовое экстра брют Розе экстра брют Винодельня Узунов,,Розовое экстра брют,vinodelnya-uzunov-roze-ekstra-bryut-kaberne-sovinon-rozovoe-127,vinodelnya-uzunov-roze-ekstra-bryut-kaberne-sovinon-rozovoe-127.webp
Розе экстра брют,розовое экстра брют Розе экстра брют Винодельня Узунов,,Розовое экстра брют,vinodelnya-uzunov-roze-ekstra-bryut-kaberne-sovinon-rozovoe-127,vinodelnya-uzunov-roze-ekstra-bryut-kaberne-sovinon-rozovoe-127_bottom.webp
Ренессанс Шардоне,белое сухое Ренессанс Шардоне Раевское,Шардоне,Белое сухое,vinodelnya-raevskoe-renessans-shardone-beloe-suhoe-127,vinodelnya-raevskoe-renessans-shardone-beloe-suhoe-127.webp
Ренессанс Шардоне,белое сухое Ренессанс Шардоне Раевское,Шардоне,Белое сухое,vinodelnya-raevskoe-renessans-shardone-beloe-suhoe-127,vinodelnya-raevskoe-renessans-shardone-beloe-suhoe-127_bottom.webp
Ренессанс Карменер,красное сухое Ренессанс Карменер Раевское,Карменер,Красное сухое,vinodelnya-raevskoe-renessans-karmener-krasnoe-suhoe-12,vinodelnya-raevskoe-renessans-karmener-krasnoe-suhoe-12.webp
Ренессанс Карменер,красное сухое Ренессанс Карменер Раевское,Карменер,Красное сухое,vinodelnya-raevskoe-renessans-karmener-krasnoe-suhoe-12,vinodelnya-raevskoe-renessans-karmener-krasnoe-suhoe-12_bottom.webp
Ренессанс Пти Вердо,красное сухое Ренессанс Пти Вердо Раевское,Пти Вердо,Красное сухое,vinodelnya-raevskoe-renessans-pti-verdo-krasnoe-suhoe-145,vinodelnya-raevskoe-renessans-pti-verdo-krasnoe-suhoe-145.webp
Ренессанс Пти Вердо,красное сухое Ренессанс Пти Вердо Раевское,Пти Вердо,Красное сухое,vinodelnya-raevskoe-renessans-pti-verdo-krasnoe-suhoe-145,vinodelnya-raevskoe-renessans-pti-verdo-krasnoe-suhoe-145_bottom.webp
Эстер,белое сухое Эстер Криница,Мускат Белый,Белое сухое,vinodelnya-krinitsa-ester-muskat-belyy-beloe-suhoe-12,vinodelnya-krinitsa-ester-muskat-belyy-beloe-suhoe-12.webp
Эстер,белое сухое Эстер Криница,Мускат Белый,Белое сухое,vinodelnya-krinitsa-ester-muskat-belyy-beloe-suhoe-12,vinodelnya-krinitsa-ester-muskat-belyy-beloe-suhoe-12_bottom.webp
Ренессанс Блауфранкиш,красное сухое Ренессанс Блауфранкиш Раевское,Блауфранкиш,Красное сухое,vinodelnya-raevskoe-renessans-blaufrankish-krasnoe-suhoe-128,vinodelnya-raevskoe-renessans-blaufrankish-krasnoe-suhoe-128.webp
Ренессанс Блауфранкиш,красное сухое Ренессанс Блауфранкиш Раевское,Блауфранкиш,Красное сухое,vinodelnya-raevskoe-renessans-blaufrankish-krasnoe-suhoe-128,vinodelnya-raevskoe-renessans-blaufrankish-krasnoe-suhoe-128_bottom.webp
Азюр,белое сухое Азюр Криница,Рислинг,Белое сухое,vinodelnya-krinitsa-azyur-risling-beloe-suhoe-127,vinodelnya-krinitsa-azyur-risling-beloe-suhoe-127.webp
Азюр,белое сухое Азюр Криница,Рислинг,Белое сухое,vinodelnya-krinitsa-azyur-risling-beloe-suhoe-127,vinodelnya-krinitsa-azyur-risling-beloe-suhoe-127_bottom.webp
Рислинг,белое сухое Рислинг Абрау-Дюрсо,Рислинг,Белое сухое,abrau-dyurso-risling-beloe-suhoe-13,abrau-dyurso-risling-beloe-suhoe-13.webp
Рислинг,белое сухое Рислинг Абрау-Дюрсо,Рислинг,Белое сухое,abrau-dyurso-risling-beloe-suhoe-13,abrau-dyurso-risling-beloe-suhoe-13_bottom.webp
Spumante брют розе,розовое брют Spumante брют розе Абрау-Дюрсо,Шардоне,Розовое брют,abrau-dyurso-spumante-bryut-roze-shardone-rozovoe-12,abrau-dyurso-spumante-bryut-roze-shardone-rozovoe-12.webp
Spumante брют розе,розовое брют Spumante брют розе Абрау-Дюрсо,Шардоне,Розовое брют,abrau-dyurso-spumante-bryut-roze-shardone-rozovoe-12,abrau-dyurso-spumante-bryut-roze-shardone-rozovoe-12_bottom.webp
Шардоне,белое сухое Шардоне Абрау-Дюрсо,Шардоне,Белое сухое,abrau-dyurso-shardone-beloe-suhoe-13,abrau-dyurso-shardone-beloe-suhoe-13.webp
Шардоне,белое сухое Шардоне Абрау-Дюрсо,Шардоне,Белое сухое,abrau-dyurso-shardone-beloe-suhoe-13,abrau-dyurso-shardone-beloe-suhoe-13_bottom.webp
Каберне Совиньон,красное сухое Каберне Совиньон Абрау-Дюрсо,Каберне Совиньон,Красное сухое,abrau-dyurso-kaberne-sovinon-krasnoe-suhoe-125,abrau-dyurso-kaberne-sovinon-krasnoe-suhoe-125.webp
Каберне Совиньон,красное сухое Каберне Совиньон Абрау-Дюрсо,Каберне Совиньон,Красное сухое,abrau-dyurso-kaberne-sovinon-krasnoe-suhoe-125,abrau-dyurso-kaberne-sovinon-krasnoe-suhoe-125_bottom.webp
Пино Нуар,красное сухое Пино Нуар Абрау-Дюрсо,Пино Нуар,Красное сухое,abrau-dyurso-pino-nuar-krasnoe-suhoe-12,abrau-dyurso-pino-nuar-krasnoe-suhoe-12.webp
Пино Нуар,красное сухое Пино Нуар Абрау-Дюрсо,Пино Нуар,Красное сухое,abrau-dyurso-pino-nuar-krasnoe-suhoe-12,abrau-dyurso-pino-nuar-krasnoe-suhoe-12_bottom.webp
Сира розе,розовое сухое Сира розе Mantra Estate,Сира,Розовое сухое,mantra-estate-sira-roze-rozovoe-suhoe-12,mantra-estate-sira-roze-rozovoe-suhoe-12.webp
Сира розе,розовое сухое Сира розе Mantra Estate,Сира,Розовое сухое,mantra-estate-sira-roze-rozovoe-suhoe-12,mantra-estate-sira-roze-rozovoe-suhoe-12_bottom.webp
Brut d'Or Blanc de Noirs,белое брют Brut d'Or Blanc de Noirs Абрау-Дюрсо,Пино Нуар,Белое брют,abrau-dyurso-brut-dor-blanc-de-noirs-pino-nuar-beloe-bryut-115,abrau-dyurso-brut-dor-blanc-de-noirs-pino-nuar-beloe-bryut-115.webp
Brut d'Or Blanc de Noirs,белое брют Brut d'Or Blanc de Noirs Абрау-Дюрсо,Пино Нуар,Белое брют,abrau-dyurso-brut-dor-blanc-de-noirs-pino-nuar-beloe-bryut-115,abrau-dyurso-brut-dor-blanc-de-noirs-pino-nuar-beloe-bryut-115_bottom.webp
Brut d'Or Blanc de Blancs,белое брют Brut d'Or Blanc de Blancs Абрау-Дюрсо,Шардоне,Белое брют,abrau-dyurso-brut-dor-blanc-de-blancs-shardone-beloe-bryut-12,abrau-dyurso-brut-dor-blanc-de-blancs-shardone-beloe-bryut-12.webp
Brut d'Or Blanc de Blancs,белое брют Brut d'Or Blanc de Blancs Абрау-Дюрсо,Шардоне,Белое брют,abrau-dyurso-brut-dor-blanc-de-blancs-shardone-beloe-bryut-12,abrau-dyurso-brut-dor-blanc-de-blancs-shardone-beloe-bryut-12_bottom.webp
Мальбек,красное сухое Мальбек Gunko Winery,Мальбек,Красное сухое,gunko-winery-malbek-krasnoe-suhoe-14,gunko-winery-malbek-krasnoe-suhoe-14.webp
Мальбек,красное сухое Мальбек Gunko Winery,Мальбек,Красное сухое,gunko-winery-malbek-krasnoe-suhoe-14,gunko-winery-malbek-krasnoe-suhoe-14_bottom.webp
"Уроки Французского.
 Совиньон Блан",Совиньон Блан Chateau de Talu,Совиньон Блан,Белое сухое,chateau-de-talu-uroki-frantsuzskogo-sovinon-blan-beloe-suhoe-115,chateau-de-talu-uroki-frantsuzskogo-sovinon-blan-beloe-suhoe-115.webp
"Уроки Французского.
 Совиньон Блан",Совиньон Блан Chateau de Talu,Совиньон Блан,Белое сухое,chateau-de-talu-uroki-frantsuzskogo-sovinon-blan-beloe-suhoe-115,chateau-de-talu-uroki-frantsuzskogo-sovinon-blan-beloe-suhoe-115_bottom.webp
Красностоп Резерв,красное сухое Красностоп Резерв Шато Ай-Даниль,Красностоп,Красное сухое,chateau-le-grand-vostock-krasnostop-rezerv-krasnoe-suhoe-145,chateau-le-grand-vostock-krasnostop-rezerv-krasnoe-suhoe-145.webp
Красностоп Резерв,красное сухое Красностоп Резерв Шато Ай-Даниль,Красностоп,Красное сухое,chateau-le-grand-vostock-krasnostop-rezerv-krasnoe-suhoe-145,chateau-le-grand-vostock-krasnostop-rezerv-krasnoe-suhoe-145_bottom.webp
Бубновый Валет,красное полусладкое Бубновый Валет Усадьба Александровская,Каберне Совиньон,Красное полусладкое,usadba-aleksandrovskaya-bubnovyy-valet-kaberne-sovinon-krasnoe-polusladkoe-13,usadba-aleksandrovskaya-bubnovyy-valet-kaberne-sovinon-krasnoe-polusladkoe-13.webp
Бубновый Валет,красное полусладкое Бубновый Валет Усадьба Александровская,Каберне Совиньон,Красное полусладкое,usadba-aleksandrovskaya-bubnovyy-valet-kaberne-sovinon-krasnoe-polusladkoe-13,usadba-aleksandrovskaya-bubnovyy-valet-kaberne-sovinon-krasnoe-polusladkoe-13_bottom.webp
Рислинг,белое полусухое Рислинг Rem Akchurin,Рислинг,Белое полусухое,rem-akchurin-risling-beloe-polusuhoe-12,rem-akchurin-risling-beloe-polusuhoe-12.webp
Рислинг,белое полусухое Рислинг Rem Akchurin,Рислинг,Белое полусухое,rem-akchurin-risling-beloe-polusuhoe-12,rem-akchurin-risling-beloe-polusuhoe-12_bottom.webp
Мускат Белый,белое сухое Мускат Белый Rem Akchurin,Мускат Белый,Белое сухое,rem-akchurin-muskat-belyy-beloe-suhoe-135,rem-akchurin-muskat-belyy-beloe-suhoe-135.webp
Мускат Белый,белое сухое Мускат Белый Rem Akchurin,Мускат Белый,Белое сухое,rem-akchurin-muskat-belyy-beloe-suhoe-135,rem-akchurin-muskat-belyy-beloe-suhoe-135_bottom.webp
Шардоне,белое брют Шардоне Rem Akchurin,Шардоне,Белое брют,rem-akchurin-shardone-beloe-bryut-14,rem-akchurin-shardone-beloe-bryut-14.webp
Шардоне,белое брют Шардоне Rem Akchurin,Шардоне,Белое брют,rem-akchurin-shardone-beloe-bryut-14,rem-akchurin-shardone-beloe-bryut-14_bottom.webp
Chenin Blanc (Шенен Блан. Олег Репин),белое сухое Chenin Blanc (Шенен Блан. Олег Репин) Oleg Repin,Шенен Блан,Белое сухое,chenin-blanc-shenen-blan-oleg-repin,chenin-blanc-shenen-blan-oleg-repin.webp
Chenin Blanc (Шенен Блан. Олег Репин),белое сухое Chenin Blanc (Шенен Блан. Олег Репин) Oleg Repin,Шенен Блан,Белое сухое,chenin-blanc-shenen-blan-oleg-repin,chenin-blanc-shenen-blan-oleg-repin_bottom.webp
Cuvee de Vitmer rose,розовое брют Cuvee de Vitmer rose Золотая Балка,Пино Блан,Розовое брют,zolotaya-balka-cuvee-de-vitmer-rose-pino-blan-rozovoe-bryut-12,zolotaya-balka-cuvee-de-vitmer-rose-pino-blan-rozovoe-bryut-12.webp
Cuvee de Vitmer rose,розовое брют Cuvee de Vitmer rose Золотая Балка,Пино Блан,Розовое брют,zolotaya-balka-cuvee-de-vitmer-rose-pino-blan-rozovoe-bryut-12,zolotaya-balka-cuvee-de-vitmer-rose-pino-blan-rozovoe-bryut-12_bottom.webp
Черный Принц,белое экстра брют Черный Принц Золотая Балка,Шардоне,Белое экстра брют,zolotaya-balka-chernyy-prints-shardone-beloe-ekstra-bryut-12,zolotaya-balka-chernyy-prints-shardone-beloe-ekstra-bryut-12.webp
Черный Принц,белое экстра брют Черный Принц Золотая Балка,Шардоне,Белое экстра брют,zolotaya-balka-chernyy-prints-shardone-beloe-ekstra-bryut-12,zolotaya-balka-chernyy-prints-shardone-beloe-ekstra-bryut-12_bottom.webp
Сира,красное сухое Сира Виктор Сташко,Сира,Красное сухое,viktor-stashko-sira-krasnoe-suhoe-14,viktor-stashko-sira-krasnoe-suhoe-14.webp
Сира,красное сухое Сира Виктор Сташко,Сира,Красное сухое,viktor-stashko-sira-krasnoe-suhoe-14,viktor-stashko-sira-krasnoe-suhoe-14_bottom.webp
Каберне Фран,красное сухое Каберне Фран Виктор Сташко,Каберне Фран,Красное сухое,viktor-stashko-kaberne-fran-krasnoe-suhoe-145,viktor-stashko-kaberne-fran-krasnoe-suhoe-145.webp
Каберне Фран,красное сухое Каберне Фран Виктор Сташко,Каберне Фран,Красное сухое,viktor-stashko-kaberne-fran-krasnoe-suhoe-145,viktor-stashko-kaberne-fran-krasnoe-suhoe-145_bottom.webp
Кокур,белое сухое Кокур Uppa Winery,Кокур Белый,Белое сухое,uppa-winery-kokur-kokur-belyy-beloe-suhoe-12,uppa-winery-kokur-kokur-belyy-beloe-suhoe-12.webp
Кокур,белое сухое Кокур Uppa Winery,Кокур Белый,Белое сухое,uppa-winery-kokur-kokur-belyy-beloe-suhoe-12,uppa-winery-kokur-kokur-belyy-beloe-suhoe-12_bottom.webp
KOKUR YAIYLA,белое сухое KOKUR YAIYLA Yaiyla Winery,Кокур Белый,Белое сухое,kokur-yaiyla,kokur-yaiyla.webp
KOKUR YAIYLA,белое сухое KOKUR YAIYLA Yaiyla Winery,Кокур Белый,Белое сухое,kokur-yaiyla,kokur-yaiyla_bottom.webp
Совиньон Блан Резерва,белое сухое Совиньон Блан Резерва Uppa Winery,Совиньон Блан,Белое сухое,uppa-winery-sovinon-blan-rezerva-beloe-suhoe-12,uppa-winery-sovinon-blan-rezerva-beloe-suhoe-12.webp
Совиньон Блан Резерва,белое сухое Совиньон Блан Резерва Uppa Winery,Совиньон Блан,Белое сухое,uppa-winery-sovinon-blan-rezerva-beloe-suhoe-12,uppa-winery-sovinon-blan-rezerva-beloe-suhoe-12_bottom.webp
Гевюрцтраминер - Мускат,белое сухое Гевюрцтраминер - Мускат Uppa Winery,Гевюрцтраминер,Белое сухое,uppa-winery-gevyurtstraminer-muskat-beloe-suhoe-14,uppa-winery-gevyurtstraminer-muskat-beloe-suhoe-14.webp
Гевюрцтраминер - Мускат,белое сухое Гевюрцтраминер - Мускат Uppa Winery,Гевюрцтраминер,Белое сухое,uppa-winery-gevyurtstraminer-muskat-beloe-suhoe-14,uppa-winery-gevyurtstraminer-muskat-beloe-suhoe-14_bottom.webp
Неббиоло,красное сухое Неббиоло Uppa Winery,Неббиоло,Красное сухое,uppa-winery-nebbiolo-krasnoe-suhoe-14,uppa-winery-nebbiolo-krasnoe-suhoe-14.webp
Неббиоло,красное сухое Неббиоло Uppa Winery,Неббиоло,Красное сухое,uppa-winery-nebbiolo-krasnoe-suhoe-14,uppa-winery-nebbiolo-krasnoe-suhoe-14_bottom.webp
Оранж,белое сухое Оранж Loco Cimbali,Мускат Белый,Белое сухое,loco-cimbali-oranzh-muskat-belyy-beloe-suhoe-129,loco-cimbali-oranzh-muskat-belyy-beloe-suhoe-129.webp
Оранж,белое сухое Оранж Loco Cimbali,Мускат Белый,Белое сухое,loco-cimbali-oranzh-muskat-belyy-beloe-suhoe-129,loco-cimbali-oranzh-muskat-belyy-beloe-suhoe-129_bottom.webp
Рислинг,белое сухое Рислинг Loco Cimbali,Рислинг Рейнский,Белое сухое,loco-cimbali-risling-risling-reynskiy-beloe-suhoe-13,loco-cimbali-risling-risling-reynskiy-beloe-suhoe-13.webp
Рислинг,белое сухое Рислинг Loco Cimbali,Рислинг Рейнский,Белое сухое,loco-cimbali-risling-risling-reynskiy-beloe-suhoe-13,loco-cimbali-risling-risling-reynskiy-beloe-suhoe-13_bottom.webp
Вассал,белое сухое Вассал Le K2,Рислинг Рейнский,Белое сухое,le-k2-vassal-risling-reynskiy-beloe-suhoe-14,le-k2-vassal-risling-reynskiy-beloe-suhoe-14.webp
Вассал,белое сухое Вассал Le K2,Рислинг Рейнский,Белое сухое,le-k2-vassal-risling-reynskiy-beloe-suhoe-14,le-k2-vassal-risling-reynskiy-beloe-suhoe-14_bottom.webp
White Blend,белое сухое White Blend Domaine Lipko,Цитронный Магарача,Белое сухое,domaine-lipko-white-blend-tsitronnyy-magaracha-beloe-suhoe-115,domaine-lipko-white-blend-tsitronnyy-magaracha-beloe-suhoe-115.webp
White Blend,белое сухое White Blend Domaine Lipko,Цитронный Магарача,Белое сухое,domaine-lipko-white-blend-tsitronnyy-magaracha-beloe-suhoe-115,domaine-lipko-white-blend-tsitronnyy-magaracha-beloe-suhoe-115_bottom.webp
Пти Вердо,красное сухое Пти Вердо Domaine Lipko,Пти Вердо,Красное сухое,domaine-lipko-pti-verdo-krasnoe-suhoe-14,domaine-lipko-pti-verdo-krasnoe-suhoe-14.webp
Пти Вердо,красное сухое Пти Вердо Domaine Lipko,Пти Вердо,Красное сухое,domaine-lipko-pti-verdo-krasnoe-suhoe-14,domaine-lipko-pti-verdo-krasnoe-suhoe-14_bottom.webp
В Тумане,белое сухое В Тумане Le K2,Совиньон Блан,Белое сухое,le-k2-v-tumane-sovinon-blan-beloe-suhoe-13,le-k2-v-tumane-sovinon-blan-beloe-suhoe-13.webp
В Тумане,белое сухое В Тумане Le K2,Совиньон Блан,Белое сухое,le-k2-v-tumane-sovinon-blan-beloe-suhoe-13,le-k2-v-tumane-sovinon-blan-beloe-suhoe-13_bottom.webp
В Глубине,белое сухое В Глубине Le K2,Шардоне,Белое сухое,le-k2-v-glubine-shardone-beloe-suhoe-13,le-k2-v-glubine-shardone-beloe-suhoe-13.webp
В Глубине,белое сухое В Глубине Le K2,Шардоне,Белое сухое,le-k2-v-glubine-shardone-beloe-suhoe-13,le-k2-v-glubine-shardone-beloe-suhoe-13_bottom.webp
Совиньон Блан,белое сухое Совиньон Блан Domaine Lipko,Совиньон Блан,Белое сухое,domaine-lipko-sovinon-blan-beloe-suhoe-118,domaine-lipko-sovinon-blan-beloe-suhoe-118.webp
Совиньон Блан,белое сухое Совиньон Блан Domaine Lipko,Совиньон Блан,Белое сухое,domaine-lipko-sovinon-blan-beloe-suhoe-118,domaine-lipko-sovinon-blan-beloe-suhoe-118_bottom.webp
Пино Нуар,красное сухое Пино Нуар Domaine Lipko,Пино Нуар,Красное сухое,domaine-lipko-pino-nuar-krasnoe-suhoe-12,domaine-lipko-pino-nuar-krasnoe-suhoe-12.webp
Пино Нуар,красное сухое Пино Нуар Domaine Lipko,Пино Нуар,Красное сухое,domaine-lipko-pino-nuar-krasnoe-suhoe-12,domaine-lipko-pino-nuar-krasnoe-suhoe-12_bottom.webp
Классика. Пино Нуар,красное сухое Классика. Пино Нуар Bogovich Wine & Vineyard,Пино Нуар,Красное сухое,bogovich-wine-vineyard-klassika-pino-nuar-krasnoe-suhoe-125,bogovich-wine-vineyard-klassika-pino-nuar-krasnoe-suhoe-125.webp
Классика. Пино Нуар,красное сухое Классика. Пино Нуар Bogovich Wine & Vineyard,Пино Нуар,Красное сухое,bogovich-wine-vineyard-klassika-pino-nuar-krasnoe-suhoe-125,bogovich-wine-vineyard-klassika-pino-nuar-krasnoe-suhoe-125_bottom.webp
Кларет,красное сухое Кларет Bogovich Wine & Vineyard,Пино Нуар,Красное сухое,bogovich-wine-vineyard-klaret-pino-nuar-krasnoe-suhoe-119,bogovich-wine-vineyard-klaret-pino-nuar-krasnoe-suhoe-119.webp
Кларет,красное сухое Кларет Bogovich Wine & Vineyard,Пино Нуар,Красное сухое,bogovich-wine-vineyard-klaret-pino-nuar-krasnoe-suhoe-119,bogovich-wine-vineyard-klaret-pino-nuar-krasnoe-suhoe-119_bottom.webp
Пино Нуар,красное сухое Пино Нуар Belmas Winery,Пино Нуар,Красное сухое,belmas-winery-pino-nuar-krasnoe-suhoe-135,belmas-winery-pino-nuar-krasnoe-suhoe-135.webp
Пино Нуар,красное сухое Пино Нуар Belmas Winery,Пино Нуар,Красное сухое,belmas-winery-pino-nuar-krasnoe-suhoe-135,belmas-winery-pino-nuar-krasnoe-suhoe-135_bottom.webp
Рислинг,белое сухое Рислинг Belmas Winery,Рислинг,Белое сухое,belmas-winery-risling-beloe-suhoe-135,belmas-winery-risling-beloe-suhoe-135.webp
Рислинг,белое сухое Рислинг Belmas Winery,Рислинг,Белое сухое,belmas-winery-risling-beloe-suhoe-135,belmas-winery-risling-beloe-suhoe-135_bottom.webp
Purity in Chenin Blanc,белое сухое Purity in Chenin Blanc AYA Organic Wine & Vineyards,Шенен Блан,Белое сухое,aya-organic-wine-vineyards-purity-in-chenin-blanc-shenen-blan-beloe-suhoe-11,aya-organic-wine-vineyards-purity-in-chenin-blanc-shenen-blan-beloe-suhoe-11.webp
Purity in Chenin Blanc,белое сухое Purity in Chenin Blanc AYA Organic Wine & Vineyards,Шенен Блан,Белое сухое,aya-organic-wine-vineyards-purity-in-chenin-blanc-shenen-blan-beloe-suhoe-11,aya-organic-wine-vineyards-purity-in-chenin-blanc-shenen-blan-beloe-suhoe-11_bottom.webp
Токката,красное сухое Токката Шато Ай-Даниль,Каберне Совиньон,Красное сухое,shato-ay-danil-tokkata-saperavi-krasnoe-suhoe-14,shato-ay-danil-tokkata-saperavi-krasnoe-suhoe-14.webp
Токката,красное сухое Токката Шато Ай-Даниль,Каберне Совиньон,Красное сухое,shato-ay-danil-tokkata-saperavi-krasnoe-suhoe-14,shato-ay-danil-tokkata-saperavi-krasnoe-suhoe-14_bottom.webp
Престо Резерв,красное сухое Престо Резерв Шато Ай-Даниль,Каберне Совиньон,Красное сухое,shato-ay-danil-presto-rezerv-kaberne-sovinon-krasnoe-suhoe-135,shato-ay-danil-presto-rezerv-kaberne-sovinon-krasnoe-suhoe-135.webp
Престо Резерв,красное сухое Престо Резерв Шато Ай-Даниль,Каберне Совиньон,Красное сухое,shato-ay-danil-presto-rezerv-kaberne-sovinon-krasnoe-suhoe-135,shato-ay-danil-presto-rezerv-kaberne-sovinon-krasnoe-suhoe-135_bottom.webp
Бьянко да Соле,белое полусладкое Бьянко да Соле Шато Ай-Даниль,Мускат Белый,Белое полусладкое,shato-ay-danil-byanko-da-sole-muskat-belyy-beloe-polusladkoe-13,shato-ay-danil-byanko-da-sole-muskat-belyy-beloe-polusladkoe-13.webp
Бьянко да Соле,белое полусладкое Бьянко да Соле Шато Ай-Даниль,Мускат Белый,Белое полусладкое,shato-ay-danil-byanko-da-sole-muskat-belyy-beloe-polusladkoe-13,shato-ay-danil-byanko-da-sole-muskat-belyy-beloe-polusladkoe-13_bottom.webp
Каприз,белое сухое Каприз Шато Ай-Даниль,Мускат Белый,Белое сухое,shato-ay-danil-kapriz-muskat-belyy-beloe-suhoe-135,shato-ay-danil-kapriz-muskat-belyy-beloe-suhoe-135.webp
Каприз,белое сухое Каприз Шато Ай-Даниль,Мускат Белый,Белое сухое,shato-ay-danil-kapriz-muskat-belyy-beloe-suhoe-135,shato-ay-danil-kapriz-muskat-belyy-beloe-suhoe-135_bottom.webp
Скарлатто да Соле,красное полусладкое Скарлатто да Соле Шато Ай-Даниль,Бастардо Магарачский,Красное полусладкое,shato-ay-danil-skarlatto-da-sole-saperavi-krasnoe-polusladkoe-13,shato-ay-danil-skarlatto-da-sole-saperavi-krasnoe-polusladkoe-13.webp
Скарлатто да Соле,красное полусладкое Скарлатто да Соле Шато Ай-Даниль,Бастардо Магарачский,Красное полусладкое,shato-ay-danil-skarlatto-da-sole-saperavi-krasnoe-polusladkoe-13,shato-ay-danil-skarlatto-da-sole-saperavi-krasnoe-polusladkoe-13_bottom.webp
Бомонд,белое сухое Бомонд Шато Ай-Даниль,Алиготе,Белое сухое,shato-ay-danil-bomond-aligote-beloe-suhoe-13,shato-ay-danil-bomond-aligote-beloe-suhoe-13.webp
Бомонд,белое сухое Бомонд Шато Ай-Даниль,Алиготе,Белое сухое,shato-ay-danil-bomond-aligote-beloe-suhoe-13,shato-ay-danil-bomond-aligote-beloe-suhoe-13_bottom.webp
Меганом Кюве,белое брют Меганом Кюве Солнечная долина,Шардоне,Белое брют,solnechnaya-dolina-meganom-kyuve-shardone-beloe-bryut-11,solnechnaya-dolina-meganom-kyuve-shardone-beloe-bryut-11.webp
Меганом Кюве,белое брют Меганом Кюве Солнечная долина,Шардоне,Белое брют,solnechnaya-dolina-meganom-kyuve-shardone-beloe-bryut-11,solnechnaya-dolina-meganom-kyuve-shardone-beloe-bryut-11_bottom.webp
Черный Полковник,красное сладкое Черный Полковник Солнечная долина,Одесский черный,Красное сладкое,solnechnaya-dolina-chernyy-polkovnik-odesskiy-chernyy-krasnoe-sladkoe-175,solnechnaya-dolina-chernyy-polkovnik-odesskiy-chernyy-krasnoe-sladkoe-175.webp
Черный Полковник,красное сладкое Черный Полковник Солнечная долина,Одесский черный,Красное сладкое,solnechnaya-dolina-chernyy-polkovnik-odesskiy-chernyy-krasnoe-sladkoe-175,solnechnaya-dolina-chernyy-polkovnik-odesskiy-chernyy-krasnoe-sladkoe-175_bottom.webp
Черный Доктор Солнечной Долины,красное сладкое Черный Доктор Солнечной Долины Солнечная долина,Эким-Кара,Красное сладкое,solnechnaya-dolina-chernyy-doktor-solnechnoy-doliny-ekim-kara-krasnoe-sladkoe-16,solnechnaya-dolina-chernyy-doktor-solnechnoy-doliny-ekim-kara-krasnoe-sladkoe-16.webp
Черный Доктор Солнечной Долины,красное сладкое Черный Доктор Солнечной Долины Солнечная долина,Эким-Кара,Красное сладкое,solnechnaya-dolina-chernyy-doktor-solnechnoy-doliny-ekim-kara-krasnoe-sladkoe-16,solnechnaya-dolina-chernyy-doktor-solnechnoy-doliny-ekim-kara-krasnoe-sladkoe-16_bottom.webp
Новый Свет полусладкое розе,розовое полусладкое Новый Свет полусладкое розе Новый Свет. Дом шампанских вин,Шардоне,Розовое полусладкое,novyy-svet-dom-shampanskih-vin-novyy-svet-polusladkoe-roze-shardone-rozovoe-115,novyy-svet-dom-shampanskih-vin-novyy-svet-polusladkoe-roze-shardone-rozovoe-115.webp
Новый Свет полусладкое розе,розовое полусладкое Новый Свет полусладкое розе Новый Свет. Дом шампанских вин,Шардоне,Розовое полусладкое,novyy-svet-dom-shampanskih-vin-novyy-svet-polusladkoe-roze-shardone-rozovoe-115,novyy-svet-dom-shampanskih-vin-novyy-svet-polusladkoe-roze-shardone-rozovoe-115_bottom.webp
Пино Нуар полусухое,розовое полусухое Пино Нуар полусухое Новый Свет. Дом шампанских вин,Пино Нуар,Розовое полусухое,novyy-svet-dom-shampanskih-vin-pino-nuar-polusuhoe-rozovoe-135,novyy-svet-dom-shampanskih-vin-pino-nuar-polusuhoe-rozovoe-135.webp
Пино Нуар полусухое,розовое полусухое Пино Нуар полусухое Новый Свет. Дом шампанских вин,Пино Нуар,Розовое полусухое,novyy-svet-dom-shampanskih-vin-pino-nuar-polusuhoe-rozovoe-135,novyy-svet-dom-shampanskih-vin-pino-nuar-polusuhoe-rozovoe-135_bottom.webp
Новый Свет. Кокур,белое экстра брют Новый Свет. Кокур Новый Свет. Дом шампанских вин,Кокур Белый,Белое экстра брют,novyy-svet-dom-shampanskih-vin-novyy-svet-kokur-kokur-belyy-beloe-ekstra-bryut-12,novyy-svet-dom-shampanskih-vin-novyy-svet-kokur-kokur-belyy-beloe-ekstra-bryut-12.webp
Новый Свет. Кокур,белое экстра брют Новый Свет. Кокур Новый Свет. Дом шампанских вин,Кокур Белый,Белое экстра брют,novyy-svet-dom-shampanskih-vin-novyy-svet-kokur-kokur-belyy-beloe-ekstra-bryut-12,novyy-svet-dom-shampanskih-vin-novyy-svet-kokur-kokur-belyy-beloe-ekstra-bryut-12_bottom.webp
Новый Свет. Пино Нуар,розовое брют Новый Свет. Пино Нуар Новый Свет. Дом шампанских вин,Пино Нуар,Розовое брют,novyy-svet-dom-shampanskih-vin-novyy-svet-pino-nuar-rozovoe-bryut-13,novyy-svet-dom-shampanskih-vin-novyy-svet-pino-nuar-rozovoe-bryut-13.webp
Новый Свет. Пино Нуар,розовое брют Новый Свет. Пино Нуар Новый Свет. Дом шампанских вин,Пино Нуар,Розовое брют,novyy-svet-dom-shampanskih-vin-novyy-svet-pino-nuar-rozovoe-bryut-13,novyy-svet-dom-shampanskih-vin-novyy-svet-pino-nuar-rozovoe-bryut-13_bottom.webp
Новый Свет. Кюве экстра брют,белое экстра брют Новый Свет. Кюве экстра брют Новый Свет. Дом шампанских вин,Шардоне,Белое экстра брют,novyy-svet-dom-shampanskih-vin-novyy-svet-kyuve-ekstra-bryut-shardone-beloe-135,novyy-svet-dom-shampanskih-vin-novyy-svet-kyuve-ekstra-bryut-shardone-beloe-135.webp
Новый Свет. Кюве экстра брют,белое экстра брют Новый Свет. Кюве экстра брют Новый Свет. Дом шампанских вин,Шардоне,Белое экстра брют,novyy-svet-dom-shampanskih-vin-novyy-svet-kyuve-ekstra-bryut-shardone-beloe-135,novyy-svet-dom-shampanskih-vin-novyy-svet-kyuve-ekstra-bryut-shardone-beloe-135_bottom.webp
Портвейн Белый Гурзуф,белое сладкое Портвейн Белый Гурзуф Массандра,Кокур Белый,Белое сладкое,massandra-portveyn-belyy-gurzuf-kokur-belyy-beloe-sladkoe-135,massandra-portveyn-belyy-gurzuf-kokur-belyy-beloe-sladkoe-135.webp
Портвейн Белый Гурзуф,белое сладкое Портвейн Белый Гурзуф Массандра,Кокур Белый,Белое сладкое,massandra-portveyn-belyy-gurzuf-kokur-belyy-beloe-sladkoe-135,massandra-portveyn-belyy-gurzuf-kokur-belyy-beloe-sladkoe-135_bottom.webp
Мускат Белый Южнобережный,белое сладкое Мускат Белый Южнобережный Массандра,Мускат Белый,Белое сладкое,massandra-muskat-belyy-yuzhnoberezhnyy-beloe-sladkoe-16,massandra-muskat-belyy-yuzhnoberezhnyy-beloe-sladkoe-16.webp
Мускат Белый Южнобережный,белое сладкое Мускат Белый Южнобережный Массандра,Мускат Белый,Белое сладкое,massandra-muskat-belyy-yuzhnoberezhnyy-beloe-sladkoe-16,massandra-muskat-belyy-yuzhnoberezhnyy-beloe-sladkoe-16_bottom.webp
Мускат позднего сбора,белое сладкое Мускат позднего сбора Массандра,Мускат Белый,Белое сладкое,massandra-muskat-pozdnego-sbora-muskat-belyy-beloe-sladkoe-16,massandra-muskat-pozdnego-sbora-muskat-belyy-beloe-sladkoe-16.webp
Мускат позднего сбора,белое сладкое Мускат позднего сбора Массандра,Мускат Белый,Белое сладкое,massandra-muskat-pozdnego-sbora-muskat-belyy-beloe-sladkoe-16,massandra-muskat-pozdnego-sbora-muskat-belyy-beloe-sladkoe-16_bottom.webp
Ркацители,белое сладкое Ркацители ЗМВ Коктебель,Ркацители,Белое сладкое,zmv-koktebel-rkatsiteli-beloe-sladkoe-135,zmv-koktebel-rkatsiteli-beloe-sladkoe-135.webp
Ркацители,белое сладкое Ркацители ЗМВ Коктебель,Ркацители,Белое сладкое,zmv-koktebel-rkatsiteli-beloe-sladkoe-135,zmv-koktebel-rkatsiteli-beloe-sladkoe-135_bottom.webp
МаМа,красное сухое МаМа ESSE,Марселан,Красное сухое,esse-mama-marselan-krasnoe-suhoe-135,esse-mama-marselan-krasnoe-suhoe-135.webp
МаМа,красное сухое МаМа ESSE,Марселан,Красное сухое,esse-mama-marselan-krasnoe-suhoe-135,esse-mama-marselan-krasnoe-suhoe-135_bottom.webp
Пино Гри,белое сухое Пино Гри ESSE,Пино Гри,Белое сухое,esse-pino-gri-beloe-suhoe-135,esse-pino-gri-beloe-suhoe-135.webp
Пино Гри,белое сухое Пино Гри ESSE,Пино Гри,Белое сухое,esse-pino-gri-beloe-suhoe-135,esse-pino-gri-beloe-suhoe-135_bottom.webp
Мускат Белый,белое сухое Мускат Белый ESSE,Мускат Белый,Белое сухое,esse-muskat-belyy-beloe-suhoe-135,esse-muskat-belyy-beloe-suhoe-135.webp
Мускат Белый,белое сухое Мускат Белый ESSE,Мускат Белый,Белое сухое,esse-muskat-belyy-beloe-suhoe-135,esse-muskat-belyy-beloe-suhoe-135_bottom.webp
Пино Гри Блаш,розовое сухое Пино Гри Блаш ESSE,Пино Гри,Розовое сухое,esse-pino-gri-blash-rozovoe-suhoe-125,esse-pino-gri-blash-rozovoe-suhoe-125.webp
Пино Гри Блаш,розовое сухое Пино Гри Блаш ESSE,Пино Гри,Розовое сухое,esse-pino-gri-blash-rozovoe-suhoe-125,esse-pino-gri-blash-rozovoe-suhoe-125_bottom.webp
Rose Cuvee Prestige,розовое брют Rose Cuvee Prestige ESSE,Пино Нуар,Розовое брют,esse-rose-cuvee-prestige-pino-nuar-rozovoe-bryut-13,esse-rose-cuvee-prestige-pino-nuar-rozovoe-bryut-13.webp
Rose Cuvee Prestige,розовое брют Rose Cuvee Prestige ESSE,Пино Нуар,Розовое брют,esse-rose-cuvee-prestige-pino-nuar-rozovoe-bryut-13,esse-rose-cuvee-prestige-pino-nuar-rozovoe-bryut-13_bottom.webp
Розе,розовое сухое Розе ESSE,Каберне Совиньон,Розовое сухое,esse-roze-kaberne-sovinon-rozovoe-suhoe-135,esse-roze-kaberne-sovinon-rozovoe-suhoe-135.webp
Розе,розовое сухое Розе ESSE,Каберне Совиньон,Розовое сухое,esse-roze-kaberne-sovinon-rozovoe-suhoe-135,esse-roze-kaberne-sovinon-rozovoe-suhoe-135_bottom.webp
Brut Zero Dosage,белое экстра брют Brut Zero Dosage ESSE,Шардоне,Белое экстра брют,esse-brut-zero-dosage-shardone-beloe-ekstra-bryut-135,esse-brut-zero-dosage-shardone-beloe-ekstra-bryut-135.webp
Brut Zero Dosage,белое экстра брют Brut Zero Dosage ESSE,Шардоне,Белое экстра брют,esse-brut-zero-dosage-shardone-beloe-ekstra-bryut-135,esse-brut-zero-dosage-shardone-beloe-ekstra-bryut-135_bottom.webp
Шенен Блан,белое сухое Шенен Блан Ароматное,Шенен Блан,Белое сухое,aromatnoe-shenen-blan-beloe-suhoe-13,aromatnoe-shenen-blan-beloe-suhoe-13.webp
Шенен Блан,белое сухое Шенен Блан Ароматное,Шенен Блан,Белое сухое,aromatnoe-shenen-blan-beloe-suhoe-13,aromatnoe-shenen-blan-beloe-suhoe-13_bottom.webp
Nectar Muscat,белое полусухое Nectar Muscat ESSE,Мускат Белый,Белое полусухое,esse-nectar-muscat-muskat-belyy-beloe-polusuhoe-12,esse-nectar-muscat-muskat-belyy-beloe-polusuhoe-12.webp
Nectar Muscat,белое полусухое Nectar Muscat ESSE,Мускат Белый,Белое полусухое,esse-nectar-muscat-muskat-belyy-beloe-polusuhoe-12,esse-nectar-muscat-muskat-belyy-beloe-polusuhoe-12_bottom.webp
Мальбек резерв,красное сухое Мальбек резерв Ароматное,Мальбек,Красное сухое,aromatnoe-malbek-rezerv-krasnoe-suhoe-125,aromatnoe-malbek-rezerv-krasnoe-suhoe-125.webp
Мальбек резерв,красное сухое Мальбек резерв Ароматное,Мальбек,Красное сухое,aromatnoe-malbek-rezerv-krasnoe-suhoe-125,aromatnoe-malbek-rezerv-krasnoe-suhoe-125_bottom.webp
Пино Блан,белое сухое Пино Блан WINEPARK,Пино Блан,Белое сухое,winepark-pino-blan-beloe-suhoe-125,winepark-pino-blan-beloe-suhoe-125.webp
Пино Блан,белое сухое Пино Блан WINEPARK,Пино Блан,Белое сухое,winepark-pino-blan-beloe-suhoe-125,winepark-pino-blan-beloe-suhoe-125_bottom.webp
Рислинг,белое сухое Рислинг WINEPARK,Рислинг,Белое сухое,winepark-risling-beloe-suhoe-125,winepark-risling-beloe-suhoe-125.webp
Рислинг,белое сухое Рислинг WINEPARK,Рислинг,Белое сухое,winepark-risling-beloe-suhoe-125,winepark-risling-beloe-suhoe-125_bottom.webp
Кучук-Исар,красное сухое Кучук-Исар WINEPARK,Каберне Совиньон,Красное сухое,winepark-kuchuk-isar-kaberne-sovinon-krasnoe-suhoe-135,winepark-kuchuk-isar-kaberne-sovinon-krasnoe-suhoe-135.webp
Кучук-Исар,красное сухое Кучук-Исар WINEPARK,Каберне Совиньон,Красное сухое,winepark-kuchuk-isar-kaberne-sovinon-krasnoe-suhoe-135,winepark-kuchuk-isar-kaberne-sovinon-krasnoe-suhoe-135_bottom.webp
En barrique,белое экстра брют En barrique Villa di Alma,Шардоне,Белое экстра брют,villa-di-alma-en-barrique-shardone-beloe-ekstra-bryut-12,villa-di-alma-en-barrique-shardone-beloe-ekstra-bryut-12.webp
En barrique,белое экстра брют En barrique Villa di Alma,Шардоне,Белое экстра брют,villa-di-alma-en-barrique-shardone-beloe-ekstra-bryut-12,villa-di-alma-en-barrique-shardone-beloe-ekstra-bryut-12_bottom.webp
Кокур,белое сухое Кокур WINEPARK,Кокур Белый,Белое сухое,winepark-kokur-kokur-belyy-beloe-suhoe-13,winepark-kokur-kokur-belyy-beloe-suhoe-13.webp
Кокур,белое сухое Кокур WINEPARK,Кокур Белый,Белое сухое,winepark-kokur-kokur-belyy-beloe-suhoe-13,winepark-kokur-kokur-belyy-beloe-suhoe-13_bottom.webp
Каберне Совиньон экстра брют,розовое экстра брют Каберне Совиньон экстра брют Villa di Alma,Каберне Совиньон,Розовое экстра брют,villa-di-alma-kaberne-sovinon-ekstra-bryut-rozovoe-125,villa-di-alma-kaberne-sovinon-ekstra-bryut-rozovoe-125.webp
Каберне Совиньон экстра брют,розовое экстра брют Каберне Совиньон экстра брют Villa di Alma,Каберне Совиньон,Розовое экстра брют,villa-di-alma-kaberne-sovinon-ekstra-bryut-rozovoe-125,villa-di-alma-kaberne-sovinon-ekstra-bryut-rozovoe-125_bottom.webp
Пти Вердо,красное сухое Пти Вердо Villa di Alma,Пти Вердо,Красное сухое,villa-di-alma-pti-verdo-krasnoe-suhoe-125,villa-di-alma-pti-verdo-krasnoe-suhoe-125.webp
Пти Вердо,красное сухое Пти Вердо Villa di Alma,Пти Вердо,Красное сухое,villa-di-alma-pti-verdo-krasnoe-suhoe-125,villa-di-alma-pti-verdo-krasnoe-suhoe-125_bottom.webp
Экстра брют Кокур,белое экстра брют Экстра брют Кокур Villa di Alma,Кокур,Белое экстра брют,villa-di-alma-ekstra-bryut-kokur-beloe-125,villa-di-alma-ekstra-bryut-kokur-beloe-125.webp
Экстра брют Кокур,белое экстра брют Экстра брют Кокур Villa di Alma,Кокур,Белое экстра брют,villa-di-alma-ekstra-bryut-kokur-beloe-125,villa-di-alma-ekstra-bryut-kokur-beloe-125_bottom.webp
Альма Гравити. Пино Нуар - Мерло - Каберне Совиньон,красное сухое Альма Гравити. Пино Нуар - Мерло - Каберне Совиньон Alma Valley,Пино Нуар,Красное сухое,alma-valley-alma-graviti-pino-nuar-merlo-kaberne-sovinon-krasnoe-suhoe-14,alma-valley-alma-graviti-pino-nuar-merlo-kaberne-sovinon-krasnoe-suhoe-14.webp
Альма Гравити. Пино Нуар - Мерло - Каберне Совиньон,красное сухое Альма Гравити. Пино Нуар - Мерло - Каберне Совиньон Alma Valley,Пино Нуар,Красное сухое,alma-valley-alma-graviti-pino-nuar-merlo-kaberne-sovinon-krasnoe-suhoe-14,alma-valley-alma-graviti-pino-nuar-merlo-kaberne-sovinon-krasnoe-suhoe-14_bottom.webp
Шардоне Резерв,белое сухое Шардоне Резерв Alma Valley,Шардоне,Белое сухое,alma-valley-shardone-rezerv-beloe-suhoe-135,alma-valley-shardone-rezerv-beloe-suhoe-135.webp
Шардоне Резерв,белое сухое Шардоне Резерв Alma Valley,Шардоне,Белое сухое,alma-valley-shardone-rezerv-beloe-suhoe-135,alma-valley-shardone-rezerv-beloe-suhoe-135_bottom.webp
Мерло Резерв,красное сухое Мерло Резерв Alma Valley,Мерло,Красное сухое,alma-valley-merlo-rezerv-krasnoe-suhoe-14,alma-valley-merlo-rezerv-krasnoe-suhoe-14.webp
Мерло Резерв,красное сухое Мерло Резерв Alma Valley,Мерло,Красное сухое,alma-valley-merlo-rezerv-krasnoe-suhoe-14,alma-valley-merlo-rezerv-krasnoe-suhoe-14_bottom.webp
Крепость Саркел. Красностоп Золотовский,красное сухое Крепость Саркел. Красностоп Золотовский Цимлянские вина,Красностоп Золотовский,Красное сухое,tsimlyanskie-vina-krepost-sarkel-krasnostop-zolotovskiy-krasnoe-suhoe-145,tsimlyanskie-vina-krepost-sarkel-krasnostop-zolotovskiy-krasnoe-suhoe-145.webp
Крепость Саркел. Красностоп Золотовский,красное сухое Крепость Саркел. Красностоп Золотовский Цимлянские вина,Красностоп Золотовский,Красное сухое,tsimlyanskie-vina-krepost-sarkel-krasnostop-zolotovskiy-krasnoe-suhoe-145,tsimlyanskie-vina-krepost-sarkel-krasnostop-zolotovskiy-krasnoe-suhoe-145_bottom.webp
Цимлянский Черный брют розе,розовое брют Цимлянский Черный брют розе Ведерниковъ,Цимлянский черный,Розовое брют,vinodelnya-vedernikov-tsimlyanskiy-chernyy-bryut-roze-rozovoe-14,vinodelnya-vedernikov-tsimlyanskiy-chernyy-bryut-roze-rozovoe-14.webp
Цимлянский Черный брют розе,розовое брют Цимлянский Черный брют розе Ведерниковъ,Цимлянский черный,Розовое брют,vinodelnya-vedernikov-tsimlyanskiy-chernyy-bryut-roze-rozovoe-14,vinodelnya-vedernikov-tsimlyanskiy-chernyy-bryut-roze-rozovoe-14_bottom.webp
Саперави,красное сухое Саперави Два Сердца,Саперави,Красное сухое,dva-serdtsa-saperavi-krasnoe-suhoe-135,dva-serdtsa-saperavi-krasnoe-suhoe-135.webp
Саперави,красное сухое Саперави Два Сердца,Саперави,Красное сухое,dva-serdtsa-saperavi-krasnoe-suhoe-135,dva-serdtsa-saperavi-krasnoe-suhoe-135_bottom.webp
Каберне Фран,красное сухое Каберне Фран Два Сердца,Каберне Фран,Красное сухое,dva-serdtsa-kaberne-fran-krasnoe-suhoe-14,dva-serdtsa-kaberne-fran-krasnoe-suhoe-14.webp
Каберне Фран,красное сухое Каберне Фран Два Сердца,Каберне Фран,Красное сухое,dva-serdtsa-kaberne-fran-krasnoe-suhoe-14,dva-serdtsa-kaberne-fran-krasnoe-suhoe-14_bottom.webp
Кокур,белое сухое Кокур Два Сердца,Кокур,Белое сухое,dva-serdtsa-kokur-beloe-suhoe-125,dva-serdtsa-kokur-beloe-suhoe-125.webp
Кокур,белое сухое Кокур Два Сердца,Кокур,Белое сухое,dva-serdtsa-kokur-beloe-suhoe-125,dva-serdtsa-kokur-beloe-suhoe-125_bottom.webp
Вионье,белое сухое Вионье Два Сердца,Вионье,Белое сухое,dva-serdtsa-vione-beloe-suhoe-125,dva-serdtsa-vione-beloe-suhoe-125.webp
Вионье,белое сухое Вионье Два Сердца,Вионье,Белое сухое,dva-serdtsa-vione-beloe-suhoe-125,dva-serdtsa-vione-beloe-suhoe-125_bottom.webp
Розовое,розовое сухое Розовое Два Сердца,Каберне Совиньон,Розовое сухое,dva-serdtsa-rozovoe-kaberne-sovinon-suhoe-13,dva-serdtsa-rozovoe-kaberne-sovinon-suhoe-13.webp
Розовое,розовое сухое Розовое Два Сердца,Каберне Совиньон,Розовое сухое,dva-serdtsa-rozovoe-kaberne-sovinon-suhoe-13,dva-serdtsa-rozovoe-kaberne-sovinon-suhoe-13_bottom.webp
Мускат Сухой,белое сухое Мускат Сухой Два Сердца,Мускат Белый,Белое сухое,dva-serdtsa-muskat-suhoy-muskat-belyy-beloe-suhoe-12,dva-serdtsa-muskat-suhoy-muskat-belyy-beloe-suhoe-12.webp
Мускат Сухой,белое сухое Мускат Сухой Два Сердца,Мускат Белый,Белое сухое,dva-serdtsa-muskat-suhoy-muskat-belyy-beloe-suhoe-12,dva-serdtsa-muskat-suhoy-muskat-belyy-beloe-suhoe-12_bottom.webp
Мускат,белое полусухое Мускат Два Сердца,Мускат Белый,Белое полусухое,dva-serdtsa-muskat-muskat-belyy-beloe-polusuhoe-12,dva-serdtsa-muskat-muskat-belyy-beloe-polusuhoe-12.webp
Мускат,белое полусухое Мускат Два Сердца,Мускат Белый,Белое полусухое,dva-serdtsa-muskat-muskat-belyy-beloe-polusuhoe-12,dva-serdtsa-muskat-muskat-belyy-beloe-polusuhoe-12_bottom.webp
Аринарноа - Каберне Совиньон,красное сухое Аринарноа - Каберне Совиньон Два Сердца,Каберне Совиньон,Красное сухое,dva-serdtsa-arinarnoa-kaberne-sovinon-krasnoe-suhoe-135,dva-serdtsa-arinarnoa-kaberne-sovinon-krasnoe-suhoe-135.webp
Аринарноа - Каберне Совиньон,красное сухое Аринарноа - Каберне Совиньон Два Сердца,Каберне Совиньон,Красное сухое,dva-serdtsa-arinarnoa-kaberne-sovinon-krasnoe-suhoe-135,dva-serdtsa-arinarnoa-kaberne-sovinon-krasnoe-suhoe-135_bottom.webp
Сибирьковый,белое сухое Сибирьковый Дача Сердюка,Сибирьковый,Белое сухое,dacha-serdyuka-sibirkovyy-beloe-suhoe-135,dacha-serdyuka-sibirkovyy-beloe-suhoe-135.webp
Сибирьковый,белое сухое Сибирьковый Дача Сердюка,Сибирьковый,Белое сухое,dacha-serdyuka-sibirkovyy-beloe-suhoe-135,dacha-serdyuka-sibirkovyy-beloe-suhoe-135_bottom.webp
Сибирьковый Оранж,белое сухое Сибирьковый Оранж Дача Сердюка,Сибирьковый,Белое сухое,dacha-serdyuka-sibirkovyy-oranzh-beloe-suhoe-135,dacha-serdyuka-sibirkovyy-oranzh-beloe-suhoe-135.webp
Сибирьковый Оранж,белое сухое Сибирьковый Оранж Дача Сердюка,Сибирьковый,Белое сухое,dacha-serdyuka-sibirkovyy-oranzh-beloe-suhoe-135,dacha-serdyuka-sibirkovyy-oranzh-beloe-suhoe-135_bottom.webp
Поречное,красное сухое Поречное Дача Сердюка,Каберне Совиньон,Красное сухое,dacha-serdyuka-porechnoe-kaberne-sovinon-krasnoe-suhoe-13,dacha-serdyuka-porechnoe-kaberne-sovinon-krasnoe-suhoe-13.webp
Поречное,красное сухое Поречное Дача Сердюка,Каберне Совиньон,Красное сухое,dacha-serdyuka-porechnoe-kaberne-sovinon-krasnoe-suhoe-13,dacha-serdyuka-porechnoe-kaberne-sovinon-krasnoe-suhoe-13_bottom.webp
Саперави,красное сухое Саперави Дача Сердюка,Саперави Северный,Красное сухое,dacha-serdyuka-saperavi-saperavi-severnyy-krasnoe-suhoe-14,dacha-serdyuka-saperavi-saperavi-severnyy-krasnoe-suhoe-14.webp
Саперави,красное сухое Саперави Дача Сердюка,Саперави Северный,Красное сухое,dacha-serdyuka-saperavi-saperavi-severnyy-krasnoe-suhoe-14,dacha-serdyuka-saperavi-saperavi-severnyy-krasnoe-suhoe-14_bottom.webp
Казачье,красное сухое Казачье Дача Сердюка,Красностоп Золотовский,Красное сухое,dacha-serdyuka-kazache-krasnostop-zolotovskiy-krasnoe-suhoe-135,dacha-serdyuka-kazache-krasnostop-zolotovskiy-krasnoe-suhoe-135.webp
Казачье,красное сухое Казачье Дача Сердюка,Красностоп Золотовский,Красное сухое,dacha-serdyuka-kazache-krasnostop-zolotovskiy-krasnoe-suhoe-135,dacha-serdyuka-kazache-krasnostop-zolotovskiy-krasnoe-suhoe-135_bottom.webp
Ренессанс Вионье,белое сухое Ренессанс Вионье Раевское,Вионье,Белое сухое,vinodelnya-raevskoe-renessans-vione-beloe-suhoe-122,vinodelnya-raevskoe-renessans-vione-beloe-suhoe-122.webp
Ренессанс Вионье,белое сухое Ренессанс Вионье Раевское,Вионье,Белое сухое,vinodelnya-raevskoe-renessans-vione-beloe-suhoe-122,vinodelnya-raevskoe-renessans-vione-beloe-suhoe-122_bottom.webp
Эклего красное,красное сухое Эклего красное Раевское,Темпранильо,Красное сухое,vinodelnya-raevskoe-eklego-krasnoe-tempranilo-suhoe-13,vinodelnya-raevskoe-eklego-krasnoe-tempranilo-suhoe-13.webp
Эклего красное,красное сухое Эклего красное Раевское,Темпранильо,Красное сухое,vinodelnya-raevskoe-eklego-krasnoe-tempranilo-suhoe-13,vinodelnya-raevskoe-eklego-krasnoe-tempranilo-suhoe-13_bottom.webp
Парфюм Де Терруар. Мускат,белое сухое Парфюм Де Терруар. Мускат Раевское,Мускат Желтый,Белое сухое,vinodelnya-raevskoe-parfyum-de-terruar-muskat-muskat-zheltyy-beloe-suhoe-123,vinodelnya-raevskoe-parfyum-de-terruar-muskat-muskat-zheltyy-beloe-suhoe-123.webp
Парфюм Де Терруар. Мускат,белое сухое Парфюм Де Терруар. Мускат Раевское,Мускат Желтый,Белое сухое,vinodelnya-raevskoe-parfyum-de-terruar-muskat-muskat-zheltyy-beloe-suhoe-123,vinodelnya-raevskoe-parfyum-de-terruar-muskat-muskat-zheltyy-beloe-suhoe-123_bottom.webp
Ренессанс Шардоне,белое сухое Ренессанс Шардоне Раевское,Шардоне,Белое сухое,vinodelnya-raevskoe-renessans-shardone-beloe-suhoe-128,vinodelnya-raevskoe-renessans-shardone-beloe-suhoe-128.webp
Ренессанс Шардоне,белое сухое Ренессанс Шардоне Раевское,Шардоне,Белое сухое,vinodelnya-raevskoe-renessans-shardone-beloe-suhoe-128,vinodelnya-raevskoe-renessans-shardone-beloe-suhoe-128_bottom.webp
Глоу красное,красное сухое Глоу красное Раевское,Мерло,Красное сухое,vinodelnya-raevskoe-glou-krasnoe-merlo-suhoe-14,vinodelnya-raevskoe-glou-krasnoe-merlo-suhoe-14.webp
Глоу красное,красное сухое Глоу красное Раевское,Мерло,Красное сухое,vinodelnya-raevskoe-glou-krasnoe-merlo-suhoe-14,vinodelnya-raevskoe-glou-krasnoe-merlo-suhoe-14_bottom.webp
Парфюм Де Терруар. Бланш,белое сухое Парфюм Де Терруар. Бланш Раевское,Вионье,Белое сухое,vinodelnya-raevskoe-parfyum-de-terruar-blansh-vione-beloe-suhoe-12,vinodelnya-raevskoe-parfyum-de-terruar-blansh-vione-beloe-suhoe-12.webp
Парфюм Де Терруар. Бланш,белое сухое Парфюм Де Терруар. Бланш Раевское,Вионье,Белое сухое,vinodelnya-raevskoe-parfyum-de-terruar-blansh-vione-beloe-suhoe-12,vinodelnya-raevskoe-parfyum-de-terruar-blansh-vione-beloe-suhoe-12_bottom.webp
Парфюм де Терруар. Руж,красное сухое Парфюм де Терруар. Руж Раевское,Темпранильо,Красное сухое,vinodelnya-raevskoe-parfyum-de-terruar-ruzh-tempranilo-krasnoe-suhoe-13,vinodelnya-raevskoe-parfyum-de-terruar-ruzh-tempranilo-krasnoe-suhoe-13.webp
Парфюм де Терруар. Руж,красное сухое Парфюм де Терруар. Руж Раевское,Темпранильо,Красное сухое,vinodelnya-raevskoe-parfyum-de-terruar-ruzh-tempranilo-krasnoe-suhoe-13,vinodelnya-raevskoe-parfyum-de-terruar-ruzh-tempranilo-krasnoe-suhoe-13_bottom.webp
Парфюм Де Терруар. Рислинг,белое сухое Парфюм Де Терруар. Рислинг Раевское,Рислинг,Белое сухое,vinodelnya-raevskoe-parfyum-de-terruar-risling-beloe-suhoe-12,vinodelnya-raevskoe-parfyum-de-terruar-risling-beloe-suhoe-12.webp
Парфюм Де Терруар. Рислинг,белое сухое Парфюм Де Терруар. Рислинг Раевское,Рислинг,Белое сухое,vinodelnya-raevskoe-parfyum-de-terruar-risling-beloe-suhoe-12,vinodelnya-raevskoe-parfyum-de-terruar-risling-beloe-suhoe-12_bottom.webp
Ренессанс Розовое,розовое сухое Ренессанс Розовое Раевское,Темпранильо,Розовое сухое,vinodelnya-raevskoe-renessans-rozovoe-tempranilo-suhoe-12,vinodelnya-raevskoe-renessans-rozovoe-tempranilo-suhoe-12.webp
Ренессанс Розовое,розовое сухое Ренессанс Розовое Раевское,Темпранильо,Розовое сухое,vinodelnya-raevskoe-renessans-rozovoe-tempranilo-suhoe-12,vinodelnya-raevskoe-renessans-rozovoe-tempranilo-suhoe-12_bottom.webp
Парфюм де Терруар. Розе,розовое сухое Парфюм де Терруар. Розе Раевское,Темпранильо,Розовое сухое,vinodelnya-raevskoe-parfyum-de-terruar-roze-tempranilo-rozovoe-suhoe-116,vinodelnya-raevskoe-parfyum-de-terruar-roze-tempranilo-rozovoe-suhoe-116.webp
Парфюм де Терруар. Розе,розовое сухое Парфюм де Терруар. Розе Раевское,Темпранильо,Розовое сухое,vinodelnya-raevskoe-parfyum-de-terruar-roze-tempranilo-rozovoe-suhoe-116,vinodelnya-raevskoe-parfyum-de-terruar-roze-tempranilo-rozovoe-suhoe-116_bottom.webp
Парфюм Де Терруар. Совиньон Блан,белое сухое Парфюм Де Терруар. Совиньон Блан Раевское,Совиньон Блан,Белое сухое,vinodelnya-raevskoe-parfyum-de-terruar-sovinon-blan-beloe-suhoe-121,vinodelnya-raevskoe-parfyum-de-terruar-sovinon-blan-beloe-suhoe-121.webp
Парфюм Де Терруар. Совиньон Блан,белое сухое Парфюм Де Терруар. Совиньон Блан Раевское,Совиньон Блан,Белое сухое,vinodelnya-raevskoe-parfyum-de-terruar-sovinon-blan-beloe-suhoe-121,vinodelnya-raevskoe-parfyum-de-terruar-sovinon-blan-beloe-suhoe-121_bottom.webp
Ренессанс Пино Нуар,красное сухое Ренессанс Пино Нуар Раевское,Пино Нуар,Красное сухое,vinodelnya-raevskoe-renessans-pino-nuar-krasnoe-suhoe-125,vinodelnya-raevskoe-renessans-pino-nuar-krasnoe-suhoe-125.webp
Ренессанс Пино Нуар,красное сухое Ренессанс Пино Нуар Раевское,Пино Нуар,Красное сухое,vinodelnya-raevskoe-renessans-pino-nuar-krasnoe-suhoe-125,vinodelnya-raevskoe-renessans-pino-nuar-krasnoe-suhoe-125_bottom.webp
Ренессанс Белый бленд,белое сухое Ренессанс Белый бленд Раевское,Рислинг,Белое сухое,vinodelnya-raevskoe-renessans-belyy-blend-risling-beloe-suhoe-121,vinodelnya-raevskoe-renessans-belyy-blend-risling-beloe-suhoe-121.webp
Ренессанс Белый бленд,белое сухое Ренессанс Белый бленд Раевское,Рислинг,Белое сухое,vinodelnya-raevskoe-renessans-belyy-blend-risling-beloe-suhoe-121,vinodelnya-raevskoe-renessans-belyy-blend-risling-beloe-suhoe-121_bottom.webp
Генезис розовое,розовое сухое Генезис розовое Раевское,Темпранильо,Розовое сухое,vinodelnya-raevskoe-genezis-rozovoe-tempranilo-suhoe-117,vinodelnya-raevskoe-genezis-rozovoe-tempranilo-suhoe-117.webp
Генезис розовое,розовое сухое Генезис розовое Раевское,Темпранильо,Розовое сухое,vinodelnya-raevskoe-genezis-rozovoe-tempranilo-suhoe-117,vinodelnya-raevskoe-genezis-rozovoe-tempranilo-suhoe-117_bottom.webp
Ренессанс красное,красное сухое Ренессанс красное Раевское,Каберне Совиньон,Красное сухое,vinodelnya-raevskoe-renessans-krasnoe-kaberne-sovinon-suhoe-13,vinodelnya-raevskoe-renessans-krasnoe-kaberne-sovinon-suhoe-13.webp
Ренессанс красное,красное сухое Ренессанс красное Раевское,Каберне Совиньон,Красное сухое,vinodelnya-raevskoe-renessans-krasnoe-kaberne-sovinon-suhoe-13,vinodelnya-raevskoe-renessans-krasnoe-kaberne-sovinon-suhoe-13_bottom.webp
Ренессанс белое,белое сухое Ренессанс белое Раевское,Шардоне,Белое сухое,vinodelnya-raevskoe-renessans-beloe-shardone-suhoe-126,vinodelnya-raevskoe-renessans-beloe-shardone-suhoe-126.webp
Ренессанс белое,белое сухое Ренессанс белое Раевское,Шардоне,Белое сухое,vinodelnya-raevskoe-renessans-beloe-shardone-suhoe-126,vinodelnya-raevskoe-renessans-beloe-shardone-suhoe-126_bottom.webp
Ренессанс Темпранильо,красное сухое Ренессанс Темпранильо Раевское,Темпранильо,Красное сухое,vinodelnya-raevskoe-renessans-tempranilo-krasnoe-suhoe-135,vinodelnya-raevskoe-renessans-tempranilo-krasnoe-suhoe-135.webp
Ренессанс Темпранильо,красное сухое Ренессанс Темпранильо Раевское,Темпранильо,Красное сухое,vinodelnya-raevskoe-renessans-tempranilo-krasnoe-suhoe-135,vinodelnya-raevskoe-renessans-tempranilo-krasnoe-suhoe-135_bottom.webp
Генезис Красное,красное сухое Генезис Красное Раевское,Каберне Совиньон,Красное сухое,vinodelnya-raevskoe-genezis-krasnoe-kaberne-sovinon-suhoe-13,vinodelnya-raevskoe-genezis-krasnoe-kaberne-sovinon-suhoe-13.webp
Генезис Красное,красное сухое Генезис Красное Раевское,Каберне Совиньон,Красное сухое,vinodelnya-raevskoe-genezis-krasnoe-kaberne-sovinon-suhoe-13,vinodelnya-raevskoe-genezis-krasnoe-kaberne-sovinon-suhoe-13_bottom.webp
Генезис белое,белое сухое Генезис белое Раевское,Рислинг,Белое сухое,vinodelnya-raevskoe-genezis-beloe-risling-suhoe-123,vinodelnya-raevskoe-genezis-beloe-risling-suhoe-123.webp
Генезис белое,белое сухое Генезис белое Раевское,Рислинг,Белое сухое,vinodelnya-raevskoe-genezis-beloe-risling-suhoe-123,vinodelnya-raevskoe-genezis-beloe-risling-suhoe-123_bottom.webp
Маринка,розовое сухое Маринка Винодельня Покровская,Мариновский,Розовое сухое,vinodelnya-pokrovskaya-marinka-marinovskiy-rozovoe-suhoe-123,vinodelnya-pokrovskaya-marinka-marinovskiy-rozovoe-suhoe-123.webp
Маринка,розовое сухое Маринка Винодельня Покровская,Мариновский,Розовое сухое,vinodelnya-pokrovskaya-marinka-marinovskiy-rozovoe-suhoe-123,vinodelnya-pokrovskaya-marinka-marinovskiy-rozovoe-suhoe-123_bottom.webp
Розовое,розовое сухое Розовое Винодельня Покровская,Мариновский,Розовое сухое,vinodelnya-pokrovskaya-rozovoe-marinovskiy-suhoe-135,vinodelnya-pokrovskaya-rozovoe-marinovskiy-suhoe-135.webp
Розовое,розовое сухое Розовое Винодельня Покровская,Мариновский,Розовое сухое,vinodelnya-pokrovskaya-rozovoe-marinovskiy-suhoe-135,vinodelnya-pokrovskaya-rozovoe-marinovskiy-suhoe-135_bottom.webp
Рислинг. Покровское,белое сухое Рислинг. Покровское Винодельня Покровская,Рислинг Рейнский,Белое сухое,vinodelnya-pokrovskaya-risling-pokrovskoe-risling-reynskiy-beloe-suhoe-13,vinodelnya-pokrovskaya-risling-pokrovskoe-risling-reynskiy-beloe-suhoe-13.webp
Рислинг. Покровское,белое сухое Рислинг. Покровское Винодельня Покровская,Рислинг Рейнский,Белое сухое,vinodelnya-pokrovskaya-risling-pokrovskoe-risling-reynskiy-beloe-suhoe-13,vinodelnya-pokrovskaya-risling-pokrovskoe-risling-reynskiy-beloe-suhoe-13_bottom.webp
Рыжесть,белое сухое Рыжесть Винодельня Покровская,Ркацители,Белое сухое,vinodelnya-pokrovskaya-ryzhest-rkatsiteli-beloe-suhoe-11,vinodelnya-pokrovskaya-ryzhest-rkatsiteli-beloe-suhoe-11.webp
Рыжесть,белое сухое Рыжесть Винодельня Покровская,Ркацители,Белое сухое,vinodelnya-pokrovskaya-ryzhest-rkatsiteli-beloe-suhoe-11,vinodelnya-pokrovskaya-ryzhest-rkatsiteli-beloe-suhoe-11_bottom.webp
Покровское сладкое красное,красное сладкое Покровское сладкое красное Винодельня Покровская,Каберне Совиньон,Красное сладкое,vinodelnya-pokrovskaya-pokrovskoe-sladkoe-krasnoe-kaberne-sovinon-13,vinodelnya-pokrovskaya-pokrovskoe-sladkoe-krasnoe-kaberne-sovinon-13.webp
Покровское сладкое красное,красное сладкое Покровское сладкое красное Винодельня Покровская,Каберне Совиньон,Красное сладкое,vinodelnya-pokrovskaya-pokrovskoe-sladkoe-krasnoe-kaberne-sovinon-13,vinodelnya-pokrovskaya-pokrovskoe-sladkoe-krasnoe-kaberne-sovinon-13_bottom.webp
Покровское красное,красное сухое Покровское красное Винодельня Покровская,Каберне Совиньон,Красное сухое,vinodelnya-pokrovskaya-pokrovskoe-krasnoe-kaberne-sovinon-suhoe-14,vinodelnya-pokrovskaya-pokrovskoe-krasnoe-kaberne-sovinon-suhoe-14.webp
Покровское красное,красное сухое Покровское красное Винодельня Покровская,Каберне Совиньон,Красное сухое,vinodelnya-pokrovskaya-pokrovskoe-krasnoe-kaberne-sovinon-suhoe-14,vinodelnya-pokrovskaya-pokrovskoe-krasnoe-kaberne-sovinon-suhoe-14_bottom.webp
Ркацители - Шардоне. Покровское,белое сухое Ркацители - Шардоне. Покровское Винодельня Покровская,Ркацители,Белое сухое,vinodelnya-pokrovskaya-rkatsiteli-shardone-pokrovskoe-beloe-suhoe-13,vinodelnya-pokrovskaya-rkatsiteli-shardone-pokrovskoe-beloe-suhoe-13.webp
Ркацители - Шардоне. Покровское,белое сухое Ркацители - Шардоне. Покровское Винодельня Покровская,Ркацители,Белое сухое,vinodelnya-pokrovskaya-rkatsiteli-shardone-pokrovskoe-beloe-suhoe-13,vinodelnya-pokrovskaya-rkatsiteli-shardone-pokrovskoe-beloe-suhoe-13_bottom.webp
Совиньон Блан. Покровское,белое сухое Совиньон Блан. Покровское Винодельня Покровская,Совиньон Блан,Белое сухое,vinodelnya-pokrovskaya-sovinon-blan-pokrovskoe-beloe-suhoe-12,vinodelnya-pokrovskaya-sovinon-blan-pokrovskoe-beloe-suhoe-12.webp
Совиньон Блан. Покровское,белое сухое Совиньон Блан. Покровское Винодельня Покровская,Совиньон Блан,Белое сухое,vinodelnya-pokrovskaya-sovinon-blan-pokrovskoe-beloe-suhoe-12,vinodelnya-pokrovskaya-sovinon-blan-pokrovskoe-beloe-suhoe-12_bottom.webp
Ркацители,белое сухое Ркацители Винодельня Марченко,Ркацители,Белое сухое,vinodelnya-marchenko-rkatsiteli-beloe-suhoe-135,vinodelnya-marchenko-rkatsiteli-beloe-suhoe-135.webp
Ркацители,белое сухое Ркацители Винодельня Марченко,Ркацители,Белое сухое,vinodelnya-marchenko-rkatsiteli-beloe-suhoe-135,vinodelnya-marchenko-rkatsiteli-beloe-suhoe-135_bottom.webp
Каберне Совиньон,красное сухое Каберне Совиньон Винодельня Марченко,Каберне Совиньон,Красное сухое,vinodelnya-marchenko-kaberne-sovinon-krasnoe-suhoe-14,vinodelnya-marchenko-kaberne-sovinon-krasnoe-suhoe-14.webp
Каберне Совиньон,красное сухое Каберне Совиньон Винодельня Марченко,Каберне Совиньон,Красное сухое,vinodelnya-marchenko-kaberne-sovinon-krasnoe-suhoe-14,vinodelnya-marchenko-kaberne-sovinon-krasnoe-suhoe-14_bottom.webp
Мцване,белое сухое Мцване Винодельня Марченко,Мцване Кахетинский,Белое сухое,vinodelnya-marchenko-mtsvane-mtsvane-kahetinskiy-beloe-suhoe-135,vinodelnya-marchenko-mtsvane-mtsvane-kahetinskiy-beloe-suhoe-135.webp
Мцване,белое сухое Мцване Винодельня Марченко,Мцване Кахетинский,Белое сухое,vinodelnya-marchenko-mtsvane-mtsvane-kahetinskiy-beloe-suhoe-135,vinodelnya-marchenko-mtsvane-mtsvane-kahetinskiy-beloe-suhoe-135_bottom.webp
Красностоп Золотовский,красное сухое Красностоп Золотовский Винодельня Молчанова,Красностоп Золотовский,Красное сухое,vinodelnya-molchanova-krasnostop-zolotovskiy-krasnoe-suhoe-135,vinodelnya-molchanova-krasnostop-zolotovskiy-krasnoe-suhoe-135.webp
Красностоп Золотовский,красное сухое Красностоп Золотовский Винодельня Молчанова,Красностоп Золотовский,Красное сухое,vinodelnya-molchanova-krasnostop-zolotovskiy-krasnoe-suhoe-135,vinodelnya-molchanova-krasnostop-zolotovskiy-krasnoe-suhoe-135_bottom.webp
Вермильон,красное сухое Вермильон Винодельня Марченко,Каберне АЗОС,Красное сухое,vinodelnya-marchenko-vermilon-kaberne-azos-krasnoe-suhoe-14,vinodelnya-marchenko-vermilon-kaberne-azos-krasnoe-suhoe-14.webp
Вермильон,красное сухое Вермильон Винодельня Марченко,Каберне АЗОС,Красное сухое,vinodelnya-marchenko-vermilon-kaberne-azos-krasnoe-suhoe-14,vinodelnya-marchenko-vermilon-kaberne-azos-krasnoe-suhoe-14_bottom.webp
Свежий ветер. Мцване,белое сухое Свежий ветер. Мцване Винодельня Марченко,Мцване Кахетинский,Белое сухое,vinodelnya-marchenko-svezhiy-veter-mtsvane-mtsvane-kahetinskiy-beloe-suhoe-135,vinodelnya-marchenko-svezhiy-veter-mtsvane-mtsvane-kahetinskiy-beloe-suhoe-135.webp
Свежий ветер. Мцване,белое сухое Свежий ветер. Мцване Винодельня Марченко,Мцване Кахетинский,Белое сухое,vinodelnya-marchenko-svezhiy-veter-mtsvane-mtsvane-kahetinskiy-beloe-suhoe-135,vinodelnya-marchenko-svezhiy-veter-mtsvane-mtsvane-kahetinskiy-beloe-suhoe-135_bottom.webp
Гечеи Заматош,белое сухое Гечеи Заматош Винодельня Марченко,Гечеи Заматош,Белое сухое,vinodelnya-marchenko-gechei-zamatosh-beloe-suhoe-135,vinodelnya-marchenko-gechei-zamatosh-beloe-suhoe-135.webp
Гечеи Заматош,белое сухое Гечеи Заматош Винодельня Марченко,Гечеи Заматош,Белое сухое,vinodelnya-marchenko-gechei-zamatosh-beloe-suhoe-135,vinodelnya-marchenko-gechei-zamatosh-beloe-suhoe-135_bottom.webp
Мерло,красное сухое Мерло Винодельня Марченко,Мерло,Красное сухое,vinodelnya-marchenko-merlo-krasnoe-suhoe-14,vinodelnya-marchenko-merlo-krasnoe-suhoe-14.webp
Мерло,красное сухое Мерло Винодельня Марченко,Мерло,Красное сухое,vinodelnya-marchenko-merlo-krasnoe-suhoe-14,vinodelnya-marchenko-merlo-krasnoe-suhoe-14_bottom.webp
Рубин,красное сухое Рубин Винодельня Марченко,Рубин АЗОС,Красное сухое,vinodelnya-marchenko-rubin-rubin-azos-krasnoe-suhoe-14,vinodelnya-marchenko-rubin-rubin-azos-krasnoe-suhoe-14.webp
Рубин,красное сухое Рубин Винодельня Марченко,Рубин АЗОС,Красное сухое,vinodelnya-marchenko-rubin-rubin-azos-krasnoe-suhoe-14,vinodelnya-marchenko-rubin-rubin-azos-krasnoe-suhoe-14_bottom.webp
Красностоп Золотовский,красное сухое Красностоп Золотовский Винодельня Марченко,Красностоп Золотовский,Красное сухое,vinodelnya-marchenko-krasnostop-zolotovskiy-krasnoe-suhoe-14,vinodelnya-marchenko-krasnostop-zolotovskiy-krasnoe-suhoe-14.webp
Красностоп Золотовский,красное сухое Красностоп Золотовский Винодельня Марченко,Красностоп Золотовский,Красное сухое,vinodelnya-marchenko-krasnostop-zolotovskiy-krasnoe-suhoe-14,vinodelnya-marchenko-krasnostop-zolotovskiy-krasnoe-suhoe-14_bottom.webp
Ассамбляж,красное сухое Ассамбляж Винодельня Марко,Каберне Совиньон,Красное сухое,vinodelnya-marko-assamblyazh-kaberne-sovinon-krasnoe-suhoe-14,vinodelnya-marko-assamblyazh-kaberne-sovinon-krasnoe-suhoe-14.webp
Ассамбляж,красное сухое Ассамбляж Винодельня Марко,Каберне Совиньон,Красное сухое,vinodelnya-marko-assamblyazh-kaberne-sovinon-krasnoe-suhoe-14,vinodelnya-marko-assamblyazh-kaberne-sovinon-krasnoe-suhoe-14_bottom.webp
Вионье,белое сухое Вионье Винодельня Марко,Вионье,Белое сухое,vinodelnya-marko-vione-beloe-suhoe-12,vinodelnya-marko-vione-beloe-suhoe-12.webp
Вионье,белое сухое Вионье Винодельня Марко,Вионье,Белое сухое,vinodelnya-marko-vione-beloe-suhoe-12,vinodelnya-marko-vione-beloe-suhoe-12_bottom.webp
Рислинг,белое сухое Рислинг Винодельня Марко,Рислинг,Белое сухое,vinodelnya-marko-risling-beloe-suhoe-12,vinodelnya-marko-risling-beloe-suhoe-12.webp
Рислинг,белое сухое Рислинг Винодельня Марко,Рислинг,Белое сухое,vinodelnya-marko-risling-beloe-suhoe-12,vinodelnya-marko-risling-beloe-suhoe-12_bottom.webp
Мерло,красное сухое Мерло Винодельня Марко,Мерло,Красное сухое,vinodelnya-marko-merlo-krasnoe-suhoe-14,vinodelnya-marko-merlo-krasnoe-suhoe-14.webp
Мерло,красное сухое Мерло Винодельня Марко,Мерло,Красное сухое,vinodelnya-marko-merlo-krasnoe-suhoe-14,vinodelnya-marko-merlo-krasnoe-suhoe-14_bottom.webp
Дикий Совиньон,белое сухое Дикий Совиньон Винодельня Марко,Совиньон Блан,Белое сухое,vinodelnya-marko-dikiy-sovinon-sovinon-blan-beloe-suhoe-12,vinodelnya-marko-dikiy-sovinon-sovinon-blan-beloe-suhoe-12.webp
Дикий Совиньон,белое сухое Дикий Совиньон Винодельня Марко,Совиньон Блан,Белое сухое,vinodelnya-marko-dikiy-sovinon-sovinon-blan-beloe-suhoe-12,vinodelnya-marko-dikiy-sovinon-sovinon-blan-beloe-suhoe-12_bottom.webp
Рислинг,белое сухое Рислинг Криница,Рислинг,Белое сухое,vinodelnya-krinitsa-risling-beloe-suhoe-13,vinodelnya-krinitsa-risling-beloe-suhoe-13.webp
Рислинг,белое сухое Рислинг Криница,Рислинг,Белое сухое,vinodelnya-krinitsa-risling-beloe-suhoe-13,vinodelnya-krinitsa-risling-beloe-suhoe-13_bottom.webp
Коллин,красное сухое Коллин Криница,Сира,Красное сухое,vinodelnya-krinitsa-kollin-sira-krasnoe-suhoe-13,vinodelnya-krinitsa-kollin-sira-krasnoe-suhoe-13.webp
Коллин,красное сухое Коллин Криница,Сира,Красное сухое,vinodelnya-krinitsa-kollin-sira-krasnoe-suhoe-13,vinodelnya-krinitsa-kollin-sira-krasnoe-suhoe-13_bottom.webp
Эстер,белое сухое Эстер Криница,Мускат,Белое сухое,vinodelnya-krinitsa-ester-muskat-beloe-suhoe-128,vinodelnya-krinitsa-ester-muskat-beloe-suhoe-128.webp
Эстер,белое сухое Эстер Криница,Мускат,Белое сухое,vinodelnya-krinitsa-ester-muskat-beloe-suhoe-128,vinodelnya-krinitsa-ester-muskat-beloe-suhoe-128_bottom.webp
Сиракюз,красное сухое Сиракюз Криница,Сира,Красное сухое,vinodelnya-krinitsa-sirakyuz-krasnoe-suhoe-13,vinodelnya-krinitsa-sirakyuz-krasnoe-suhoe-13.webp
Сиракюз,красное сухое Сиракюз Криница,Сира,Красное сухое,vinodelnya-krinitsa-sirakyuz-krasnoe-suhoe-13,vinodelnya-krinitsa-sirakyuz-krasnoe-suhoe-13_bottom.webp
Азюр,белое сухое Азюр Криница,Вионье,Белое сухое,vinodelnya-krinitsa-azyur-vione-beloe-suhoe-12,vinodelnya-krinitsa-azyur-vione-beloe-suhoe-12.webp
Азюр,белое сухое Азюр Криница,Вионье,Белое сухое,vinodelnya-krinitsa-azyur-vione-beloe-suhoe-12,vinodelnya-krinitsa-azyur-vione-beloe-suhoe-12_bottom.webp
Розео,розовое сухое Розео Винодельня Жаков,Саперави,Розовое сухое,vinodelnya-zhakov-rozeo-saperavi-rozovoe-suhoe-115,vinodelnya-zhakov-rozeo-saperavi-rozovoe-suhoe-115.webp
Розео,розовое сухое Розео Винодельня Жаков,Саперави,Розовое сухое,vinodelnya-zhakov-rozeo-saperavi-rozovoe-suhoe-115,vinodelnya-zhakov-rozeo-saperavi-rozovoe-suhoe-115_bottom.webp
Вионье,белое сухое Вионье Криница,Вионье,Белое сухое,vinodelnya-krinitsa-vione-beloe-suhoe-133,vinodelnya-krinitsa-vione-beloe-suhoe-133.webp
Вионье,белое сухое Вионье Криница,Вионье,Белое сухое,vinodelnya-krinitsa-vione-beloe-suhoe-133,vinodelnya-krinitsa-vione-beloe-suhoe-133_bottom.webp
Риваж,красное сухое Риваж Криница,Каберне Совиньон,Красное сухое,vinodelnya-krinitsa-rivazh-kaberne-sovinon-krasnoe-suhoe-13,vinodelnya-krinitsa-rivazh-kaberne-sovinon-krasnoe-suhoe-13.webp
Риваж,красное сухое Риваж Криница,Каберне Совиньон,Красное сухое,vinodelnya-krinitsa-rivazh-kaberne-sovinon-krasnoe-suhoe-13,vinodelnya-krinitsa-rivazh-kaberne-sovinon-krasnoe-suhoe-13_bottom.webp
Арома,белое сладкое Арома Криница,Пти Мансен,Белое сладкое,vinodelnya-krinitsa-aroma-pti-mansen-beloe-sladkoe-137,vinodelnya-krinitsa-aroma-pti-mansen-beloe-sladkoe-137.webp
Арома,белое сладкое Арома Криница,Пти Мансен,Белое сладкое,vinodelnya-krinitsa-aroma-pti-mansen-beloe-sladkoe-137,vinodelnya-krinitsa-aroma-pti-mansen-beloe-sladkoe-137_bottom.webp
Арена,красное сухое Арена Криница,Сира,Красное сухое,vinodelnya-krinitsa-arena-sira-krasnoe-suhoe-13,vinodelnya-krinitsa-arena-sira-krasnoe-suhoe-13.webp
Арена,красное сухое Арена Криница,Сира,Красное сухое,vinodelnya-krinitsa-arena-sira-krasnoe-suhoe-13,vinodelnya-krinitsa-arena-sira-krasnoe-suhoe-13_bottom.webp
Фрешерсть,красное сухое Фрешерсть Винодельня Жаков,Саперави,Красное сухое,vinodelnya-zhakov-fresherst-saperavi-krasnoe-suhoe-118,vinodelnya-zhakov-fresherst-saperavi-krasnoe-suhoe-118.webp
Фрешерсть,красное сухое Фрешерсть Винодельня Жаков,Саперави,Красное сухое,vinodelnya-zhakov-fresherst-saperavi-krasnoe-suhoe-118,vinodelnya-zhakov-fresherst-saperavi-krasnoe-suhoe-118_bottom.webp
Саперави,красное сухое Саперави Винодельня Жаков,Саперави,Красное сухое,vinodelnya-zhakov-saperavi-krasnoe-suhoe-126,vinodelnya-zhakov-saperavi-krasnoe-suhoe-126.webp
Саперави,красное сухое Саперави Винодельня Жаков,Саперави,Красное сухое,vinodelnya-zhakov-saperavi-krasnoe-suhoe-126,vinodelnya-zhakov-saperavi-krasnoe-suhoe-126_bottom.webp
Саперави выдержанное,красное сухое Саперави выдержанное Винодельня Жаков,Саперави,Красное сухое,vinodelnya-zhakov-saperavi-vyderzhannoe-krasnoe-suhoe-115,vinodelnya-zhakov-saperavi-vyderzhannoe-krasnoe-suhoe-115.webp
Саперави выдержанное,красное сухое Саперави выдержанное Винодельня Жаков,Саперави,Красное сухое,vinodelnya-zhakov-saperavi-vyderzhannoe-krasnoe-suhoe-115,vinodelnya-zhakov-saperavi-vyderzhannoe-krasnoe-suhoe-115_bottom.webp
Кокуркод,белое сухое Кокуркод Винодельня Жаков,Кокур,Белое сухое,vinodelnya-zhakov-kokurkod-beloe-suhoe-118,vinodelnya-zhakov-kokurkod-beloe-suhoe-118.webp
Кокуркод,белое сухое Кокуркод Винодельня Жаков,Кокур,Белое сухое,vinodelnya-zhakov-kokurkod-beloe-suhoe-118,vinodelnya-zhakov-kokurkod-beloe-suhoe-118_bottom.webp
Шардоне Эскейп,белое сухое Шардоне Эскейп Винодельня Жаков,Шардоне,Белое сухое,vinodelnya-zhakov-shardone-eskeyp-beloe-suhoe-12,vinodelnya-zhakov-shardone-eskeyp-beloe-suhoe-12.webp
Шардоне Эскейп,белое сухое Шардоне Эскейп Винодельня Жаков,Шардоне,Белое сухое,vinodelnya-zhakov-shardone-eskeyp-beloe-suhoe-12,vinodelnya-zhakov-shardone-eskeyp-beloe-suhoe-12_bottom.webp
Неоранж,белое сухое Неоранж Винодельня Жаков,Восторг,Белое сухое,vinodelnya-zhakov-neoranzh-vostorg-beloe-suhoe-123,vinodelnya-zhakov-neoranzh-vostorg-beloe-suhoe-123.webp
Неоранж,белое сухое Неоранж Винодельня Жаков,Восторг,Белое сухое,vinodelnya-zhakov-neoranzh-vostorg-beloe-suhoe-123,vinodelnya-zhakov-neoranzh-vostorg-beloe-suhoe-123_bottom.webp
Саперави Escape,красное сухое Саперави Escape Винодельня Жаков,Саперави,Красное сухое,vinodelnya-zhakov-saperavi-escape-krasnoe-suhoe-127,vinodelnya-zhakov-saperavi-escape-krasnoe-suhoe-127.webp
Саперави Escape,красное сухое Саперави Escape Винодельня Жаков,Саперави,Красное сухое,vinodelnya-zhakov-saperavi-escape-krasnoe-suhoe-127,vinodelnya-zhakov-saperavi-escape-krasnoe-suhoe-127_bottom.webp
Восторг,белое сухое Восторг Винодельня Жаков,Восторг,Белое сухое,vinodelnya-zhakov-vostorg-beloe-suhoe-116,vinodelnya-zhakov-vostorg-beloe-suhoe-116.webp
Восторг,белое сухое Восторг Винодельня Жаков,Восторг,Белое сухое,vinodelnya-zhakov-vostorg-beloe-suhoe-116,vinodelnya-zhakov-vostorg-beloe-suhoe-116_bottom.webp
Логово Саперави,красное сухое Логово Саперави Винодельня Жаков,Саперави,Красное сухое,vinodelnya-zhakov-logovo-saperavi-krasnoe-suhoe-126,vinodelnya-zhakov-logovo-saperavi-krasnoe-suhoe-126.webp
Логово Саперави,красное сухое Логово Саперави Винодельня Жаков,Саперави,Красное сухое,vinodelnya-zhakov-logovo-saperavi-krasnoe-suhoe-126,vinodelnya-zhakov-logovo-saperavi-krasnoe-suhoe-126_bottom.webp
Ркацители Эскейп,красное сухое Ркацители Эскейп Винодельня Жаков,Ркацители,Красное сухое,vinodelnya-zhakov-rkatsiteli-eskeyp-krasnoe-suhoe-119,vinodelnya-zhakov-rkatsiteli-eskeyp-krasnoe-suhoe-119.webp
Ркацители Эскейп,красное сухое Ркацители Эскейп Винодельня Жаков,Ркацители,Красное сухое,vinodelnya-zhakov-rkatsiteli-eskeyp-krasnoe-suhoe-119,vinodelnya-zhakov-rkatsiteli-eskeyp-krasnoe-suhoe-119_bottom.webp
Тавквери Escape,красное сухое Тавквери Escape Винодельня Жаков,Тавквери,Красное сухое,vinodelnya-zhakov-tavkveri-escape-krasnoe-suhoe-117,vinodelnya-zhakov-tavkveri-escape-krasnoe-suhoe-117.webp
Тавквери Escape,красное сухое Тавквери Escape Винодельня Жаков,Тавквери,Красное сухое,vinodelnya-zhakov-tavkveri-escape-krasnoe-suhoe-117,vinodelnya-zhakov-tavkveri-escape-krasnoe-suhoe-117_bottom.webp
Карбон,красное сухое Карбон Винодельня Жаков,Саперави,Красное сухое,vinodelnya-zhakov-karbon-saperavi-krasnoe-suhoe-126,vinodelnya-zhakov-karbon-saperavi-krasnoe-suhoe-126.webp
Карбон,красное сухое Карбон Винодельня Жаков,Саперави,Красное сухое,vinodelnya-zhakov-karbon-saperavi-krasnoe-suhoe-126,vinodelnya-zhakov-karbon-saperavi-krasnoe-suhoe-126_bottom.webp
Каберне Совиньон,красное сухое Каберне Совиньон Винодельня Бегильдеева,Каберне Совиньон,Красное сухое,vinodelnya-begildeeva-kaberne-sovinon-krasnoe-suhoe-14,vinodelnya-begildeeva-kaberne-sovinon-krasnoe-suhoe-14.webp
Каберне Совиньон,красное сухое Каберне Совиньон Винодельня Бегильдеева,Каберне Совиньон,Красное сухое,vinodelnya-begildeeva-kaberne-sovinon-krasnoe-suhoe-14,vinodelnya-begildeeva-kaberne-sovinon-krasnoe-suhoe-14_bottom.webp
Мерло,красное сухое Мерло Винодельня Бегильдеева,Мерло,Красное сухое,vinodelnya-begildeeva-merlo-krasnoe-suhoe-14,vinodelnya-begildeeva-merlo-krasnoe-suhoe-14.webp
Мерло,красное сухое Мерло Винодельня Бегильдеева,Мерло,Красное сухое,vinodelnya-begildeeva-merlo-krasnoe-suhoe-14,vinodelnya-begildeeva-merlo-krasnoe-suhoe-14_bottom.webp
Каберне Совиньон – Мерло,красное сухое Каберне Совиньон – Мерло Винодельня Бегильдеева,Каберне Совиньон,Красное сухое,vinodelnya-begildeeva-kaberne-sovinon-merlo-krasnoe-suhoe-14,vinodelnya-begildeeva-kaberne-sovinon-merlo-krasnoe-suhoe-14.webp
Каберне Совиньон – Мерло,красное сухое Каберне Совиньон – Мерло Винодельня Бегильдеева,Каберне Совиньон,Красное сухое,vinodelnya-begildeeva-kaberne-sovinon-merlo-krasnoe-suhoe-14,vinodelnya-begildeeva-kaberne-sovinon-merlo-krasnoe-suhoe-14_bottom.webp
БЮРНЬЕ.ВИОНЬЕ сухое белое,белое сухое БЮРНЬЕ.ВИОНЬЕ сухое белое Винодельня Бюрнье,Вионье,Белое сухое,vinodelnya-byurne-vione-beloe-suhoe-135,vinodelnya-byurne-vione-beloe-suhoe-135.webp
БЮРНЬЕ.ВИОНЬЕ сухое белое,белое сухое БЮРНЬЕ.ВИОНЬЕ сухое белое Винодельня Бюрнье,Вионье,Белое сухое,vinodelnya-byurne-vione-beloe-suhoe-135,vinodelnya-byurne-vione-beloe-suhoe-135_bottom.webp
БЮРНЬЕ.ШАРДОНЕ сухое белое,белое сухое БЮРНЬЕ.ШАРДОНЕ сухое белое Винодельня Бюрнье,Шардоне,Белое сухое,b-yu-rne-sh-ardone-suhoe-beloe,b-yu-rne-sh-ardone-suhoe-beloe.webp
БЮРНЬЕ.ШАРДОНЕ сухое белое,белое сухое БЮРНЬЕ.ШАРДОНЕ сухое белое Винодельня Бюрнье,Шардоне,Белое сухое,b-yu-rne-sh-ardone-suhoe-beloe,b-yu-rne-sh-ardone-suhoe-beloe_bottom.webp
БЮРНЬЕ.СИРА сухое красное,красное сухое БЮРНЬЕ.СИРА сухое красное Винодельня Бюрнье,Сира,Красное сухое,vinodelnya-byurne-sira-krasnoe-suhoe-135,vinodelnya-byurne-sira-krasnoe-suhoe-135.webp
БЮРНЬЕ.СИРА сухое красное,красное сухое БЮРНЬЕ.СИРА сухое красное Винодельня Бюрнье,Сира,Красное сухое,vinodelnya-byurne-sira-krasnoe-suhoe-135,vinodelnya-byurne-sira-krasnoe-suhoe-135_bottom.webp
БЮРНЬЕ.ЛЮБЛЮ сухое красное,красное сухое БЮРНЬЕ.ЛЮБЛЮ сухое красное Винодельня Бюрнье,,Красное сухое,vinodelnya-byurne-lyublyu-krasnoe-kaberne-fran-suhoe-135,vinodelnya-byurne-lyublyu-krasnoe-kaberne-fran-suhoe-135.webp
БЮРНЬЕ.ЛЮБЛЮ сухое красное,красное сухое БЮРНЬЕ.ЛЮБЛЮ сухое красное Винодельня Бюрнье,,Красное сухое,vinodelnya-byurne-lyublyu-krasnoe-kaberne-fran-suhoe-135,vinodelnya-byurne-lyublyu-krasnoe-kaberne-fran-suhoe-135_bottom.webp
БЮРНЬЕ.МЕРЛО сухое красное,красное сухое БЮРНЬЕ.МЕРЛО сухое красное Винодельня Бюрнье,Мерло,Красное сухое,vinodelnya-byurne-merlo-krasnoe-suhoe-14,vinodelnya-byurne-merlo-krasnoe-suhoe-14.webp
БЮРНЬЕ.МЕРЛО сухое красное,красное сухое БЮРНЬЕ.МЕРЛО сухое красное Винодельня Бюрнье,Мерло,Красное сухое,vinodelnya-byurne-merlo-krasnoe-suhoe-14,vinodelnya-byurne-merlo-krasnoe-suhoe-14_bottom.webp
БЮРНЬЕ.ПИНО БЛАН сухое белое,белое сухое БЮРНЬЕ.ПИНО БЛАН сухое белое  Винодельня Бюрнье,Пино Блан,Белое сухое,vinodelnya-byurne-byurne-pino-blan-beloe-suhoe-14,vinodelnya-byurne-byurne-pino-blan-beloe-suhoe-14.webp
БЮРНЬЕ.ПИНО БЛАН сухое белое,белое сухое БЮРНЬЕ.ПИНО БЛАН сухое белое  Винодельня Бюрнье,Пино Блан,Белое сухое,vinodelnya-byurne-byurne-pino-blan-beloe-suhoe-14,vinodelnya-byurne-byurne-pino-blan-beloe-suhoe-14_bottom.webp
БЮРНЬЕ.САПЕРАВИ сухое красное,красное сухое БЮРНЬЕ.САПЕРАВИ сухое красное Винодельня Бюрнье,Саперави,Красное сухое,vinodelnya-byurne-saperavi-krasnoe-suhoe-135,vinodelnya-byurne-saperavi-krasnoe-suhoe-135.webp
БЮРНЬЕ.САПЕРАВИ сухое красное,красное сухое БЮРНЬЕ.САПЕРАВИ сухое красное Винодельня Бюрнье,Саперави,Красное сухое,vinodelnya-byurne-saperavi-krasnoe-suhoe-135,vinodelnya-byurne-saperavi-krasnoe-suhoe-135_bottom.webp
БЮРНЬЕ.ЛЮБЛЮ сухое белое,белое сухое БЮРНЬЕ.ЛЮБЛЮ сухое белое  Винодельня Бюрнье,,Белое сухое,vinodelnya-byurne-lyublyu-beloe-shardone-suhoe-135,vinodelnya-byurne-lyublyu-beloe-shardone-suhoe-135.webp
БЮРНЬЕ.ЛЮБЛЮ сухое белое,белое сухое БЮРНЬЕ.ЛЮБЛЮ сухое белое  Винодельня Бюрнье,,Белое сухое,vinodelnya-byurne-lyublyu-beloe-shardone-suhoe-135,vinodelnya-byurne-lyublyu-beloe-shardone-suhoe-135_bottom.webp
Пино. Два Брата,розовое сухое Пино. Два Брата Винодельня Братьев Мельниковых,Пино Гри,Розовое сухое,vinodelnya-bratev-melnikovyh-pino-dva-brata-pino-gri-rozovoe-suhoe-13,vinodelnya-bratev-melnikovyh-pino-dva-brata-pino-gri-rozovoe-suhoe-13.webp
Пино. Два Брата,розовое сухое Пино. Два Брата Винодельня Братьев Мельниковых,Пино Гри,Розовое сухое,vinodelnya-bratev-melnikovyh-pino-dva-brata-pino-gri-rozovoe-suhoe-13,vinodelnya-bratev-melnikovyh-pino-dva-brata-pino-gri-rozovoe-suhoe-13_bottom.webp
БЮРНЬЕ.КРАСНОСТОП сухое красное,красное сухое БЮРНЬЕ.КРАСНОСТОП сухое красное Винодельня Бюрнье,Красностоп,Красное сухое,vinodelnya-byurne-krasnostop-krasnoe-suhoe-145,vinodelnya-byurne-krasnostop-krasnoe-suhoe-145.webp
БЮРНЬЕ.КРАСНОСТОП сухое красное,красное сухое БЮРНЬЕ.КРАСНОСТОП сухое красное Винодельня Бюрнье,Красностоп,Красное сухое,vinodelnya-byurne-krasnostop-krasnoe-suhoe-145,vinodelnya-byurne-krasnostop-krasnoe-suhoe-145_bottom.webp
БЮРНЬЕ.КАБЕРНЕ ФРАН сухое красное,красное сухое БЮРНЬЕ.КАБЕРНЕ ФРАН сухое красное Винодельня Бюрнье,Каберне Фран,Красное сухое,vinodelnya-byurne-kaberne-fran-krasnoe-suhoe-135,vinodelnya-byurne-kaberne-fran-krasnoe-suhoe-135.webp
БЮРНЬЕ.КАБЕРНЕ ФРАН сухое красное,красное сухое БЮРНЬЕ.КАБЕРНЕ ФРАН сухое красное Винодельня Бюрнье,Каберне Фран,Красное сухое,vinodelnya-byurne-kaberne-fran-krasnoe-suhoe-135,vinodelnya-byurne-kaberne-fran-krasnoe-suhoe-135_bottom.webp
БЮРНЬЕ.КАБЕРНЕ СОВИНЬОН сухое красное,красное сухое БЮРНЬЕ.КАБЕРНЕ СОВИНЬОН сухое красное Винодельня Бюрнье,Каберне Совиньон,Красное сухое,vinodelnya-byurne-kaberne-sovinon-krasnoe-suhoe-135,vinodelnya-byurne-kaberne-sovinon-krasnoe-suhoe-135.webp
БЮРНЬЕ.КАБЕРНЕ СОВИНЬОН сухое красное,красное сухое БЮРНЬЕ.КАБЕРНЕ СОВИНЬОН сухое красное Винодельня Бюрнье,Каберне Совиньон,Красное сухое,vinodelnya-byurne-kaberne-sovinon-krasnoe-suhoe-135,vinodelnya-byurne-kaberne-sovinon-krasnoe-suhoe-135_bottom.webp
Каберне Совиньон - Каберне Фран. Два Брата,красное сухое Каберне Совиньон - Каберне Фран. Два Брата Винодельня Братьев Мельниковых,Каберне Совиньон,Красное сухое,vinodelnya-bratev-melnikovyh-kaberne-sovinon-kaberne-fran-dva-brata-krasnoe-suhoe-145,vinodelnya-bratev-melnikovyh-kaberne-sovinon-kaberne-fran-dva-brata-krasnoe-suhoe-145.webp
Каберне Совиньон - Каберне Фран. Два Брата,красное сухое Каберне Совиньон - Каберне Фран. Два Брата Винодельня Братьев Мельниковых,Каберне Совиньон,Красное сухое,vinodelnya-bratev-melnikovyh-kaberne-sovinon-kaberne-fran-dva-brata-krasnoe-suhoe-145,vinodelnya-bratev-melnikovyh-kaberne-sovinon-kaberne-fran-dva-brata-krasnoe-suhoe-145_bottom.webp
Perfekt Klassik. Пино Нуар,красное сухое Perfekt Klassik. Пино Нуар Винодельня Батрак,Пино Нуар,Красное сухое,vinodelnya-batrak-perfekt-klassik-pino-nuar-krasnoe-suhoe-12,vinodelnya-batrak-perfekt-klassik-pino-nuar-krasnoe-suhoe-12.webp
Perfekt Klassik. Пино Нуар,красное сухое Perfekt Klassik. Пино Нуар Винодельня Батрак,Пино Нуар,Красное сухое,vinodelnya-batrak-perfekt-klassik-pino-nuar-krasnoe-suhoe-12,vinodelnya-batrak-perfekt-klassik-pino-nuar-krasnoe-suhoe-12_bottom.webp
Каберне Кортис,красное сухое Каберне Кортис Винодельня Батрак,Каберне Кортис,Красное сухое,vinodelnya-batrak-kaberne-kortis-krasnoe-suhoe-12,vinodelnya-batrak-kaberne-kortis-krasnoe-suhoe-12.webp
Каберне Кортис,красное сухое Каберне Кортис Винодельня Батрак,Каберне Кортис,Красное сухое,vinodelnya-batrak-kaberne-kortis-krasnoe-suhoe-12,vinodelnya-batrak-kaberne-kortis-krasnoe-suhoe-12_bottom.webp
Глю-Глю,красное сухое Глю-Глю Винодельня Батрак,Подарок Магарача,Красное сухое,vinodelnya-batrak-glyu-glyu-podarok-magaracha-krasnoe-suhoe-12,vinodelnya-batrak-glyu-glyu-podarok-magaracha-krasnoe-suhoe-12.webp
Глю-Глю,красное сухое Глю-Глю Винодельня Батрак,Подарок Магарача,Красное сухое,vinodelnya-batrak-glyu-glyu-podarok-magaracha-krasnoe-suhoe-12,vinodelnya-batrak-glyu-glyu-podarok-magaracha-krasnoe-suhoe-12_bottom.webp
Прикумское Sonnenschein,белое сухое Прикумское Sonnenschein Винодельня Батрак,Шардоне,Белое сухое,vinodelnya-batrak-prikumskoe-sonnenschein-shardone-beloe-suhoe-12,vinodelnya-batrak-prikumskoe-sonnenschein-shardone-beloe-suhoe-12.webp
Прикумское Sonnenschein,белое сухое Прикумское Sonnenschein Винодельня Батрак,Шардоне,Белое сухое,vinodelnya-batrak-prikumskoe-sonnenschein-shardone-beloe-suhoe-12,vinodelnya-batrak-prikumskoe-sonnenschein-shardone-beloe-suhoe-12_bottom.webp
Кларет,розовое сухое Кларет Винодельня Батрак,Подарок Магарача,Розовое сухое,vinodelnya-batrak-klaret-podarok-magaracha-rozovoe-suhoe-12,vinodelnya-batrak-klaret-podarok-magaracha-rozovoe-suhoe-12.webp
Кларет,розовое сухое Кларет Винодельня Батрак,Подарок Магарача,Розовое сухое,vinodelnya-batrak-klaret-podarok-magaracha-rozovoe-suhoe-12,vinodelnya-batrak-klaret-podarok-magaracha-rozovoe-suhoe-12_bottom.webp
Monte Di Cammello Nuvola Bianca,белое сухое Monte Di Cammello Nuvola Bianca Винодельня Батрак,Рислинг,Белое сухое,vinodelnya-batrak-monte-di-cammello-nuvola-bianca-risling-beloe-suhoe-12,vinodelnya-batrak-monte-di-cammello-nuvola-bianca-risling-beloe-suhoe-12.webp
Monte Di Cammello Nuvola Bianca,белое сухое Monte Di Cammello Nuvola Bianca Винодельня Батрак,Рислинг,Белое сухое,vinodelnya-batrak-monte-di-cammello-nuvola-bianca-risling-beloe-suhoe-12,vinodelnya-batrak-monte-di-cammello-nuvola-bianca-risling-beloe-suhoe-12_bottom.webp
Прикумское Vitale Kraft,красное сухое Прикумское Vitale Kraft Винодельня Батрак,Каберне Совиньон,Красное сухое,vinodelnya-batrak-prikumskoe-vitale-kraft-kaberne-sovinon-krasnoe-suhoe-135,vinodelnya-batrak-prikumskoe-vitale-kraft-kaberne-sovinon-krasnoe-suhoe-135.webp
Прикумское Vitale Kraft,красное сухое Прикумское Vitale Kraft Винодельня Батрак,Каберне Совиньон,Красное сухое,vinodelnya-batrak-prikumskoe-vitale-kraft-kaberne-sovinon-krasnoe-suhoe-135,vinodelnya-batrak-prikumskoe-vitale-kraft-kaberne-sovinon-krasnoe-suhoe-135_bottom.webp
Perfekt Klassik Мускат Розовый,розовое сухое Perfekt Klassik Мускат Розовый Винодельня Батрак,Мускат Розовый,Розовое сухое,vinodelnya-batrak-perfekt-klassik-muskat-rozovyy-rozovoe-suhoe-125,vinodelnya-batrak-perfekt-klassik-muskat-rozovyy-rozovoe-suhoe-125.webp
Perfekt Klassik Мускат Розовый,розовое сухое Perfekt Klassik Мускат Розовый Винодельня Батрак,Мускат Розовый,Розовое сухое,vinodelnya-batrak-perfekt-klassik-muskat-rozovyy-rozovoe-suhoe-125,vinodelnya-batrak-perfekt-klassik-muskat-rozovyy-rozovoe-suhoe-125_bottom.webp
Contadina,красное сухое Contadina Винодельня Батрак,Мерло,Красное сухое,vinodelnya-batrak-contadina-merlo-krasnoe-suhoe-14,vinodelnya-batrak-contadina-merlo-krasnoe-suhoe-14.webp
Contadina,красное сухое Contadina Винодельня Батрак,Мерло,Красное сухое,vinodelnya-batrak-contadina-merlo-krasnoe-suhoe-14,vinodelnya-batrak-contadina-merlo-krasnoe-suhoe-14_bottom.webp
Шпинель,розовое сухое Шпинель Винодельня Батрак,Каберне Совиньон,Розовое сухое,vinodelnya-batrak-shpinel-kaberne-sovinon-rozovoe-suhoe-12,vinodelnya-batrak-shpinel-kaberne-sovinon-rozovoe-suhoe-12.webp
Шпинель,розовое сухое Шпинель Винодельня Батрак,Каберне Совиньон,Розовое сухое,vinodelnya-batrak-shpinel-kaberne-sovinon-rozovoe-suhoe-12,vinodelnya-batrak-shpinel-kaberne-sovinon-rozovoe-suhoe-12_bottom.webp
Perfekt Klassik Саперави,красное сухое Perfekt Klassik Саперави Винодельня Батрак,Саперави,Красное сухое,vinodelnya-batrak-perfekt-klassik-saperavi-krasnoe-suhoe-135,vinodelnya-batrak-perfekt-klassik-saperavi-krasnoe-suhoe-135.webp
Perfekt Klassik Саперави,красное сухое Perfekt Klassik Саперави Винодельня Батрак,Саперави,Красное сухое,vinodelnya-batrak-perfekt-klassik-saperavi-krasnoe-suhoe-135,vinodelnya-batrak-perfekt-klassik-saperavi-krasnoe-suhoe-135_bottom.webp
Perfekt Klassik Мускат Белый,белое сухое Perfekt Klassik Мускат Белый Винодельня Батрак,Мускат Белый,Белое сухое,vinodelnya-batrak-perfekt-klassik-muskat-belyy-beloe-suhoe-125,vinodelnya-batrak-perfekt-klassik-muskat-belyy-beloe-suhoe-125.webp
Perfekt Klassik Мускат Белый,белое сухое Perfekt Klassik Мускат Белый Винодельня Батрак,Мускат Белый,Белое сухое,vinodelnya-batrak-perfekt-klassik-muskat-belyy-beloe-suhoe-125,vinodelnya-batrak-perfekt-klassik-muskat-belyy-beloe-suhoe-125_bottom.webp
Perfekt Klassik Мерло,красное сухое Perfekt Klassik Мерло Винодельня Батрак,Мерло,Красное сухое,vinodelnya-batrak-perfekt-klassik-merlo-krasnoe-suhoe-135,vinodelnya-batrak-perfekt-klassik-merlo-krasnoe-suhoe-135.webp
Perfekt Klassik Мерло,красное сухое Perfekt Klassik Мерло Винодельня Батрак,Мерло,Красное сухое,vinodelnya-batrak-perfekt-klassik-merlo-krasnoe-suhoe-135,vinodelnya-batrak-perfekt-klassik-merlo-krasnoe-suhoe-135_bottom.webp
Perfekt Klassik Каберне Фран,красное сухое Perfekt Klassik Каберне Фран Винодельня Батрак,Каберне Фран,Красное сухое,vinodelnya-batrak-perfekt-klassik-kaberne-fran-krasnoe-suhoe-135,vinodelnya-batrak-perfekt-klassik-kaberne-fran-krasnoe-suhoe-135.webp
Perfekt Klassik Каберне Фран,красное сухое Perfekt Klassik Каберне Фран Винодельня Батрак,Каберне Фран,Красное сухое,vinodelnya-batrak-perfekt-klassik-kaberne-fran-krasnoe-suhoe-135,vinodelnya-batrak-perfekt-klassik-kaberne-fran-krasnoe-suhoe-135_bottom.webp
Perfekt Klassik Совиньон блан,белое сухое Perfekt Klassik Совиньон блан Винодельня Батрак,Совиньон Блан,Белое сухое,vinodelnya-batrak-perfekt-klassik-sovinon-blan-beloe-suhoe-125,vinodelnya-batrak-perfekt-klassik-sovinon-blan-beloe-suhoe-125.webp
Perfekt Klassik Совиньон блан,белое сухое Perfekt Klassik Совиньон блан Винодельня Батрак,Совиньон Блан,Белое сухое,vinodelnya-batrak-perfekt-klassik-sovinon-blan-beloe-suhoe-125,vinodelnya-batrak-perfekt-klassik-sovinon-blan-beloe-suhoe-125_bottom.webp
Vitale Kraft,красное сухое Vitale Kraft Винодельня Батрак,Каберне Совиньон,Красное сухое,vinodelnya-batrak-vitale-kraft-kaberne-sovinon-krasnoe-suhoe-14,vinodelnya-batrak-vitale-kraft-kaberne-sovinon-krasnoe-suhoe-14.webp
Vitale Kraft,красное сухое Vitale Kraft Винодельня Батрак,Каберне Совиньон,Красное сухое,vinodelnya-batrak-vitale-kraft-kaberne-sovinon-krasnoe-suhoe-14,vinodelnya-batrak-vitale-kraft-kaberne-sovinon-krasnoe-suhoe-14_bottom.webp
Мерло,розовое сухое Мерло Винодельня Батрак,Мерло,Розовое сухое,vinodelnya-batrak-merlo-rozovoe-suhoe-13,vinodelnya-batrak-merlo-rozovoe-suhoe-13.webp
Мерло,розовое сухое Мерло Винодельня Батрак,Мерло,Розовое сухое,vinodelnya-batrak-merlo-rozovoe-suhoe-13,vinodelnya-batrak-merlo-rozovoe-suhoe-13_bottom.webp
Мускат полусладкое,белое полусладкое Мускат полусладкое Винодельня 78,Мускат Оттонель,Белое полусладкое,vinodelnya-78-muskat-polusladkoe-muskat-ottonel-beloe-115,vinodelnya-78-muskat-polusladkoe-muskat-ottonel-beloe-115.webp
Мускат полусладкое,белое полусладкое Мускат полусладкое Винодельня 78,Мускат Оттонель,Белое полусладкое,vinodelnya-78-muskat-polusladkoe-muskat-ottonel-beloe-115,vinodelnya-78-muskat-polusladkoe-muskat-ottonel-beloe-115_bottom.webp
Каберне Совиньон,красное сухое Каберне Совиньон Винодельня Батрак,Каберне Совиньон,Красное сухое,vinodelnya-batrak-kaberne-sovinon-krasnoe-suhoe-14,vinodelnya-batrak-kaberne-sovinon-krasnoe-suhoe-14.webp
Каберне Совиньон,красное сухое Каберне Совиньон Винодельня Батрак,Каберне Совиньон,Красное сухое,vinodelnya-batrak-kaberne-sovinon-krasnoe-suhoe-14,vinodelnya-batrak-kaberne-sovinon-krasnoe-suhoe-14_bottom.webp
Perfekt Klassik Каберне Совиньон,красное сухое Perfekt Klassik Каберне Совиньон Винодельня Батрак,Каберне Совиньон,Красное сухое,vinodelnya-batrak-perfekt-klassik-kaberne-sovinon-krasnoe-suhoe-135,vinodelnya-batrak-perfekt-klassik-kaberne-sovinon-krasnoe-suhoe-135.webp
Perfekt Klassik Каберне Совиньон,красное сухое Perfekt Klassik Каберне Совиньон Винодельня Батрак,Каберне Совиньон,Красное сухое,vinodelnya-batrak-perfekt-klassik-kaberne-sovinon-krasnoe-suhoe-135,vinodelnya-batrak-perfekt-klassik-kaberne-sovinon-krasnoe-suhoe-135_bottom.webp
Каберне Совиньон - Мерло,красное сухое Каберне Совиньон - Мерло Винный кооператив Интуиция,Саперави,Красное сухое,vinnyy-kooperativ-intuitsiya-kaberne-sovinon-merlo-saperavi-krasnoe-suhoe-128,vinnyy-kooperativ-intuitsiya-kaberne-sovinon-merlo-saperavi-krasnoe-suhoe-128.webp
Каберне Совиньон - Мерло,красное сухое Каберне Совиньон - Мерло Винный кооператив Интуиция,Саперави,Красное сухое,vinnyy-kooperativ-intuitsiya-kaberne-sovinon-merlo-saperavi-krasnoe-suhoe-128,vinnyy-kooperativ-intuitsiya-kaberne-sovinon-merlo-saperavi-krasnoe-suhoe-128_bottom.webp
Мускат Отборный,белое сухое Мускат Отборный Винодельня 78,Мускат Янтарный,Белое сухое,vinodelnya-78-muskat-otbornyy-muskat-yantarnyy-beloe-suhoe-125,vinodelnya-78-muskat-otbornyy-muskat-yantarnyy-beloe-suhoe-125.webp
Мускат Отборный,белое сухое Мускат Отборный Винодельня 78,Мускат Янтарный,Белое сухое,vinodelnya-78-muskat-otbornyy-muskat-yantarnyy-beloe-suhoe-125,vinodelnya-78-muskat-otbornyy-muskat-yantarnyy-beloe-suhoe-125_bottom.webp
Алиготе Отборное,белое сухое Алиготе Отборное Винодельня 78,Алиготе,Белое сухое,vinodelnya-78-aligote-otbornoe-beloe-suhoe-12,vinodelnya-78-aligote-otbornoe-beloe-suhoe-12.webp
Алиготе Отборное,белое сухое Алиготе Отборное Винодельня 78,Алиготе,Белое сухое,vinodelnya-78-aligote-otbornoe-beloe-suhoe-12,vinodelnya-78-aligote-otbornoe-beloe-suhoe-12_bottom.webp
Кокур белый,белое сухое Кокур белый Винный форт Адагум,Кокур,Белое сухое,vinnyy-fort-adagum-kokur-belyy-beloe-suhoe-12,vinnyy-fort-adagum-kokur-belyy-beloe-suhoe-12.webp
Кокур белый,белое сухое Кокур белый Винный форт Адагум,Кокур,Белое сухое,vinnyy-fort-adagum-kokur-belyy-beloe-suhoe-12,vinnyy-fort-adagum-kokur-belyy-beloe-suhoe-12_bottom.webp
Саперави,красное сухое Саперави Винодельня 78,Саперави,Красное сухое,vinodelnya-78-saperavi-krasnoe-suhoe-135,vinodelnya-78-saperavi-krasnoe-suhoe-135.webp
Саперави,красное сухое Саперави Винодельня 78,Саперави,Красное сухое,vinodelnya-78-saperavi-krasnoe-suhoe-135,vinodelnya-78-saperavi-krasnoe-suhoe-135_bottom.webp
Шардоне,белое сухое Шардоне Вилла София,Шардоне,Белое сухое,villa-sofiya-shardone-beloe-suhoe-14,villa-sofiya-shardone-beloe-suhoe-14.webp
Шардоне,белое сухое Шардоне Вилла София,Шардоне,Белое сухое,villa-sofiya-shardone-beloe-suhoe-14,villa-sofiya-shardone-beloe-suhoe-14_bottom.webp
Трио розе,розовое сухое Трио розе Вилла София,Пино Нуар,Розовое сухое,villa-sofiya-trio-roze-pino-nuar-rozovoe-suhoe-14,villa-sofiya-trio-roze-pino-nuar-rozovoe-suhoe-14.webp
Трио розе,розовое сухое Трио розе Вилла София,Пино Нуар,Розовое сухое,villa-sofiya-trio-roze-pino-nuar-rozovoe-suhoe-14,villa-sofiya-trio-roze-pino-nuar-rozovoe-suhoe-14_bottom.webp
Рислинг,белое сухое Рислинг Вилла София,Рислинг,Белое сухое,villa-sofiya-risling-beloe-suhoe-12,villa-sofiya-risling-beloe-suhoe-12.webp
Рислинг,белое сухое Рислинг Вилла София,Рислинг,Белое сухое,villa-sofiya-risling-beloe-suhoe-12,villa-sofiya-risling-beloe-suhoe-12_bottom.webp
Трио белое,белое сухое Трио белое Вилла София,Рислинг,Белое сухое,villa-sofiya-trio-beloe-risling-suhoe-12,villa-sofiya-trio-beloe-risling-suhoe-12.webp
Трио белое,белое сухое Трио белое Вилла София,Рислинг,Белое сухое,villa-sofiya-trio-beloe-risling-suhoe-12,villa-sofiya-trio-beloe-risling-suhoe-12_bottom.webp
Каберне Совиньон,красное сухое Каберне Совиньон Вилла София,Каберне Совиньон,Красное сухое,villa-sofiya-kaberne-sovinon-krasnoe-suhoe-133,villa-sofiya-kaberne-sovinon-krasnoe-suhoe-133.webp
Каберне Совиньон,красное сухое Каберне Совиньон Вилла София,Каберне Совиньон,Красное сухое,villa-sofiya-kaberne-sovinon-krasnoe-suhoe-133,villa-sofiya-kaberne-sovinon-krasnoe-suhoe-133_bottom.webp
Совиньон Блан,белое сухое Совиньон Блан Вилла София,Совиньон Блан,Белое сухое,villa-sofiya-sovinon-blan-beloe-suhoe-14,villa-sofiya-sovinon-blan-beloe-suhoe-14.webp
Совиньон Блан,белое сухое Совиньон Блан Вилла София,Совиньон Блан,Белое сухое,villa-sofiya-sovinon-blan-beloe-suhoe-14,villa-sofiya-sovinon-blan-beloe-suhoe-14_bottom.webp
Танговое Манто. Пино Нуар,красное сухое Танговое Манто. Пино Нуар Валерий Захарьин,Пино Нуар,Красное сухое,valeriy-zaharin-tangovoe-manto-pino-nuar-krasnoe-suhoe-13,valeriy-zaharin-tangovoe-manto-pino-nuar-krasnoe-suhoe-13.webp
Танговое Манто. Пино Нуар,красное сухое Танговое Манто. Пино Нуар Валерий Захарьин,Пино Нуар,Красное сухое,valeriy-zaharin-tangovoe-manto-pino-nuar-krasnoe-suhoe-13,valeriy-zaharin-tangovoe-manto-pino-nuar-krasnoe-suhoe-13_bottom.webp
Мерло - Каберне Совиньон,красное сухое Мерло - Каберне Совиньон Вилла София,Мерло,Красное сухое,villa-sofiya-merlo-kaberne-sovinon-krasnoe-suhoe-14,villa-sofiya-merlo-kaberne-sovinon-krasnoe-suhoe-14.webp
Мерло - Каберне Совиньон,красное сухое Мерло - Каберне Совиньон Вилла София,Мерло,Красное сухое,villa-sofiya-merlo-kaberne-sovinon-krasnoe-suhoe-14,villa-sofiya-merlo-kaberne-sovinon-krasnoe-suhoe-14_bottom.webp
Баккал Су Саперави - Бастардо - Каберне Совиньон,красное полусладкое Баккал Су Саперави - Бастардо - Каберне Совиньон Валерий Захарьин,Саперави,Красное полусладкое,valeriy-zaharin-bakkal-su-saperavi-bastardo-kaberne-sovinon-krasnoe-polusladkoe-11,valeriy-zaharin-bakkal-su-saperavi-bastardo-kaberne-sovinon-krasnoe-polusladkoe-11.webp
Баккал Су Саперави - Бастардо - Каберне Совиньон,красное полусладкое Баккал Су Саперави - Бастардо - Каберне Совиньон Валерий Захарьин,Саперави,Красное полусладкое,valeriy-zaharin-bakkal-su-saperavi-bastardo-kaberne-sovinon-krasnoe-polusladkoe-11,valeriy-zaharin-bakkal-su-saperavi-bastardo-kaberne-sovinon-krasnoe-polusladkoe-11_bottom.webp
Авторское вино от Валерия Захарьина. Красное,красное сухое Авторское вино от Валерия Захарьина. Красное Валерий Захарьин,Пино Нуар,Красное сухое,valeriy-zaharin-avtorskoe-vino-ot-valeriya-zaharina-krasnoe-pino-nuar-suhoe-125,valeriy-zaharin-avtorskoe-vino-ot-valeriya-zaharina-krasnoe-pino-nuar-suhoe-125.webp
Авторское вино от Валерия Захарьина. Красное,красное сухое Авторское вино от Валерия Захарьина. Красное Валерий Захарьин,Пино Нуар,Красное сухое,valeriy-zaharin-avtorskoe-vino-ot-valeriya-zaharina-krasnoe-pino-nuar-suhoe-125,valeriy-zaharin-avtorskoe-vino-ot-valeriya-zaharina-krasnoe-pino-nuar-suhoe-125_bottom.webp
Баккал Су Каберне,красное сухое Баккал Су Каберне Валерий Захарьин,Каберне Совиньон,Красное сухое,valeriy-zaharin-bakkal-su-kaberne-kaberne-sovinon-krasnoe-suhoe-125,valeriy-zaharin-bakkal-su-kaberne-kaberne-sovinon-krasnoe-suhoe-125.webp
Баккал Су Каберне,красное сухое Баккал Су Каберне Валерий Захарьин,Каберне Совиньон,Красное сухое,valeriy-zaharin-bakkal-su-kaberne-kaberne-sovinon-krasnoe-suhoe-125,valeriy-zaharin-bakkal-su-kaberne-kaberne-sovinon-krasnoe-suhoe-125_bottom.webp
Баккал Су Алиготе,белое сухое Баккал Су Алиготе Валерий Захарьин,Алиготе,Белое сухое,valeriy-zaharin-bakkal-su-aligote-beloe-suhoe-115,valeriy-zaharin-bakkal-su-aligote-beloe-suhoe-115.webp
Баккал Су Алиготе,белое сухое Баккал Су Алиготе Валерий Захарьин,Алиготе,Белое сухое,valeriy-zaharin-bakkal-su-aligote-beloe-suhoe-115,valeriy-zaharin-bakkal-su-aligote-beloe-suhoe-115_bottom.webp
Бастардо - Кефесия. Автохтонное вино Крыма,красное сухое Бастардо - Кефесия. Автохтонное вино Крыма Валерий Захарьин,Бастардо Магарачский,Красное сухое,valeriy-zaharin-bastardo-kefesiya-avtohtonnoe-vino-kryma-bastardo-magarachskiy-krasnoe-suhoe-115,valeriy-zaharin-bastardo-kefesiya-avtohtonnoe-vino-kryma-bastardo-magarachskiy-krasnoe-suhoe-115.webp
Бастардо - Кефесия. Автохтонное вино Крыма,красное сухое Бастардо - Кефесия. Автохтонное вино Крыма Валерий Захарьин,Бастардо Магарачский,Красное сухое,valeriy-zaharin-bastardo-kefesiya-avtohtonnoe-vino-kryma-bastardo-magarachskiy-krasnoe-suhoe-115,valeriy-zaharin-bastardo-kefesiya-avtohtonnoe-vino-kryma-bastardo-magarachskiy-krasnoe-suhoe-115_bottom.webp
Авторское вино от Валерия Захарьина. Алеатико,розовое сухое Авторское вино от Валерия Захарьина. Алеатико Валерий Захарьин,Алеатико,Розовое сухое,valeriy-zaharin-avtorskoe-vino-ot-valeriya-zaharina-aleatiko-rozovoe-suhoe-115,valeriy-zaharin-avtorskoe-vino-ot-valeriya-zaharina-aleatiko-rozovoe-suhoe-115.webp
Авторское вино от Валерия Захарьина. Алеатико,розовое сухое Авторское вино от Валерия Захарьина. Алеатико Валерий Захарьин,Алеатико,Розовое сухое,valeriy-zaharin-avtorskoe-vino-ot-valeriya-zaharina-aleatiko-rozovoe-suhoe-115,valeriy-zaharin-avtorskoe-vino-ot-valeriya-zaharina-aleatiko-rozovoe-suhoe-115_bottom.webp
Авторское вино от Валерия Захарьина. Бастардо,красное сухое Авторское вино от Валерия Захарьина. Бастардо Валерий Захарьин,Бастардо Магарачский,Красное сухое,valeriy-zaharin-avtorskoe-vino-ot-valeriya-zaharina-bastardo-bastardo-magarachskiy-krasnoe-suhoe-12,valeriy-zaharin-avtorskoe-vino-ot-valeriya-zaharina-bastardo-bastardo-magarachskiy-krasnoe-suhoe-12.webp
Авторское вино от Валерия Захарьина. Бастардо,красное сухое Авторское вино от Валерия Захарьина. Бастардо Валерий Захарьин,Бастардо Магарачский,Красное сухое,valeriy-zaharin-avtorskoe-vino-ot-valeriya-zaharina-bastardo-bastardo-magarachskiy-krasnoe-suhoe-12,valeriy-zaharin-avtorskoe-vino-ot-valeriya-zaharina-bastardo-bastardo-magarachskiy-krasnoe-suhoe-12_bottom.webp
Четыре Цвета. Бастардо,красное сухое Четыре Цвета. Бастардо Валерий Захарьин,Бастардо Магарачский,Красное сухое,valeriy-zaharin-chetyre-tsveta-bastardo-bastardo-magarachskiy-krasnoe-suhoe-115,valeriy-zaharin-chetyre-tsveta-bastardo-bastardo-magarachskiy-krasnoe-suhoe-115.webp
Четыре Цвета. Бастардо,красное сухое Четыре Цвета. Бастардо Валерий Захарьин,Бастардо Магарачский,Красное сухое,valeriy-zaharin-chetyre-tsveta-bastardo-bastardo-magarachskiy-krasnoe-suhoe-115,valeriy-zaharin-chetyre-tsveta-bastardo-bastardo-magarachskiy-krasnoe-suhoe-115_bottom.webp
Траминер. Валерий Захарьин,белое полусладкое Траминер. Валерий Захарьин Валерий Захарьин,Траминер Розовый,Белое полусладкое,valeriy-zaharin-traminer-valeriy-zaharin-traminer-rozovyy-beloe-polusladkoe-105,valeriy-zaharin-traminer-valeriy-zaharin-traminer-rozovyy-beloe-polusladkoe-105.webp
Траминер. Валерий Захарьин,белое полусладкое Траминер. Валерий Захарьин Валерий Захарьин,Траминер Розовый,Белое полусладкое,valeriy-zaharin-traminer-valeriy-zaharin-traminer-rozovyy-beloe-polusladkoe-105,valeriy-zaharin-traminer-valeriy-zaharin-traminer-rozovyy-beloe-polusladkoe-105_bottom.webp
Траминер. Бурлюк,белое сухое Траминер. Бурлюк Валерий Захарьин,Траминер Розовый,Белое сухое,valeriy-zaharin-traminer-burlyuk-traminer-rozovyy-beloe-suhoe-135,valeriy-zaharin-traminer-burlyuk-traminer-rozovyy-beloe-suhoe-135.webp
Траминер. Бурлюк,белое сухое Траминер. Бурлюк Валерий Захарьин,Траминер Розовый,Белое сухое,valeriy-zaharin-traminer-burlyuk-traminer-rozovyy-beloe-suhoe-135,valeriy-zaharin-traminer-burlyuk-traminer-rozovyy-beloe-suhoe-135_bottom.webp
Совиньон Блан. Валерий Захарьин,белое полусладкое Совиньон Блан. Валерий Захарьин Валерий Захарьин,Совиньон Блан,Белое полусладкое,valeriy-zaharin-sovinon-blan-valeriy-zaharin-beloe-polusladkoe-105,valeriy-zaharin-sovinon-blan-valeriy-zaharin-beloe-polusladkoe-105.webp
Совиньон Блан. Валерий Захарьин,белое полусладкое Совиньон Блан. Валерий Захарьин Валерий Захарьин,Совиньон Блан,Белое полусладкое,valeriy-zaharin-sovinon-blan-valeriy-zaharin-beloe-polusladkoe-105,valeriy-zaharin-sovinon-blan-valeriy-zaharin-beloe-polusladkoe-105_bottom.webp
Санджовезе. Бурлюк,красное сухое Санджовезе. Бурлюк Валерий Захарьин,Санджовезе,Красное сухое,valeriy-zaharin-sandzhoveze-burlyuk-krasnoe-suhoe-13,valeriy-zaharin-sandzhoveze-burlyuk-krasnoe-suhoe-13.webp
Санджовезе. Бурлюк,красное сухое Санджовезе. Бурлюк Валерий Захарьин,Санджовезе,Красное сухое,valeriy-zaharin-sandzhoveze-burlyuk-krasnoe-suhoe-13,valeriy-zaharin-sandzhoveze-burlyuk-krasnoe-suhoe-13_bottom.webp
Баккал Су. Мускат Оттонель,белое полусладкое Баккал Су. Мускат Оттонель Валерий Захарьин,Мускат Оттонель,Белое полусладкое,valeriy-zaharin-bakkal-su-muskat-ottonel-beloe-polusladkoe-115,valeriy-zaharin-bakkal-su-muskat-ottonel-beloe-polusladkoe-115.webp
Баккал Су. Мускат Оттонель,белое полусладкое Баккал Су. Мускат Оттонель Валерий Захарьин,Мускат Оттонель,Белое полусладкое,valeriy-zaharin-bakkal-su-muskat-ottonel-beloe-polusladkoe-115,valeriy-zaharin-bakkal-su-muskat-ottonel-beloe-polusladkoe-115_bottom.webp
Алиготе. Бурлюк,белое сухое Алиготе. Бурлюк Валерий Захарьин,Алиготе,Белое сухое,valeriy-zaharin-aligote-burlyuk-beloe-suhoe-13,valeriy-zaharin-aligote-burlyuk-beloe-suhoe-13.webp
Алиготе. Бурлюк,белое сухое Алиготе. Бурлюк Валерий Захарьин,Алиготе,Белое сухое,valeriy-zaharin-aligote-burlyuk-beloe-suhoe-13,valeriy-zaharin-aligote-burlyuk-beloe-suhoe-13_bottom.webp
Баккал Су. Саперави – Каберне Совиньон,красное сухое Баккал Су. Саперави – Каберне Совиньон Валерий Захарьин,Саперави,Красное сухое,valeriy-zaharin-bakkal-su-saperavi-kaberne-sovinon-krasnoe-suhoe-12,valeriy-zaharin-bakkal-su-saperavi-kaberne-sovinon-krasnoe-suhoe-12.webp
Баккал Су. Саперави – Каберне Совиньон,красное сухое Баккал Су. Саперави – Каберне Совиньон Валерий Захарьин,Саперави,Красное сухое,valeriy-zaharin-bakkal-su-saperavi-kaberne-sovinon-krasnoe-suhoe-12,valeriy-zaharin-bakkal-su-saperavi-kaberne-sovinon-krasnoe-suhoe-12_bottom.webp
Пино Нуар. Валерий Захарьин,красное полусладкое Пино Нуар. Валерий Захарьин Валерий Захарьин,Пино Нуар,Красное полусладкое,valeriy-zaharin-pino-nuar-valeriy-zaharin-krasnoe-polusladkoe-105,valeriy-zaharin-pino-nuar-valeriy-zaharin-krasnoe-polusladkoe-105.webp
Пино Нуар. Валерий Захарьин,красное полусладкое Пино Нуар. Валерий Захарьин Валерий Захарьин,Пино Нуар,Красное полусладкое,valeriy-zaharin-pino-nuar-valeriy-zaharin-krasnoe-polusladkoe-105,valeriy-zaharin-pino-nuar-valeriy-zaharin-krasnoe-polusladkoe-105_bottom.webp
Дом Захарьиных белое,белое сухое Дом Захарьиных белое Валерий Захарьин,Сары Пандас,Белое сухое,valeriy-zaharin-dom-zaharinyh-beloe-sary-pandas-suhoe-115,valeriy-zaharin-dom-zaharinyh-beloe-sary-pandas-suhoe-115.webp
Дом Захарьиных белое,белое сухое Дом Захарьиных белое Валерий Захарьин,Сары Пандас,Белое сухое,valeriy-zaharin-dom-zaharinyh-beloe-sary-pandas-suhoe-115,valeriy-zaharin-dom-zaharinyh-beloe-sary-pandas-suhoe-115_bottom.webp
Автохтонное вино Крыма от Валерия Захарьина. Бастардо – Кефесия,красное сухое Автохтонное вино Крыма от Валерия Захарьина. Бастардо – Кефесия Валерий Захарьин,Бастардо Магарачский,Красное сухое,valeriy-zaharin-avtohtonnoe-vino-kryma-ot-valeriya-zaharina-bastardo-kefesiya-bastardo-magarachskiy-krasnoe-suhoe-115,valeriy-zaharin-avtohtonnoe-vino-kryma-ot-valeriya-zaharina-bastardo-kefesiya-bastardo-magarachskiy-krasnoe-suhoe-115.webp
Автохтонное вино Крыма от Валерия Захарьина. Бастардо – Кефесия,красное сухое Автохтонное вино Крыма от Валерия Захарьина. Бастардо – Кефесия Валерий Захарьин,Бастардо Магарачский,Красное сухое,valeriy-zaharin-avtohtonnoe-vino-kryma-ot-valeriya-zaharina-bastardo-kefesiya-bastardo-magarachskiy-krasnoe-suhoe-115,valeriy-zaharin-avtohtonnoe-vino-kryma-ot-valeriya-zaharina-bastardo-kefesiya-bastardo-magarachskiy-krasnoe-suhoe-115_bottom.webp
Автохтонное вино Крыма. Авторский Купаж. Бастардо – Саперави – Кефесия,красное сухое Автохтонное вино Крыма. Авторский Купаж. Бастардо – Саперави – Кефесия Валерий Захарьин,Бастардо Магарачский,Красное сухое,valeriy-zaharin-avtohtonnoe-vino-kryma-avtorskiy-kupazh-bastardo-saperavi-kefesiya-bastardo-magarachskiy-krasnoe-suhoe-12,valeriy-zaharin-avtohtonnoe-vino-kryma-avtorskiy-kupazh-bastardo-saperavi-kefesiya-bastardo-magarachskiy-krasnoe-suhoe-12.webp
Автохтонное вино Крыма. Авторский Купаж. Бастардо – Саперави – Кефесия,красное сухое Автохтонное вино Крыма. Авторский Купаж. Бастардо – Саперави – Кефесия Валерий Захарьин,Бастардо Магарачский,Красное сухое,valeriy-zaharin-avtohtonnoe-vino-kryma-avtorskiy-kupazh-bastardo-saperavi-kefesiya-bastardo-magarachskiy-krasnoe-suhoe-12,valeriy-zaharin-avtohtonnoe-vino-kryma-avtorskiy-kupazh-bastardo-saperavi-kefesiya-bastardo-magarachskiy-krasnoe-suhoe-12_bottom.webp
Танговое Манто. Совиньон,белое сухое Танговое Манто. Совиньон Валерий Захарьин,Совиньон Блан,Белое сухое,valeriy-zaharin-tangovoe-manto-sovinon-sovinon-blan-beloe-suhoe-125,valeriy-zaharin-tangovoe-manto-sovinon-sovinon-blan-beloe-suhoe-125.webp
Танговое Манто. Совиньон,белое сухое Танговое Манто. Совиньон Валерий Захарьин,Совиньон Блан,Белое сухое,valeriy-zaharin-tangovoe-manto-sovinon-sovinon-blan-beloe-suhoe-125,valeriy-zaharin-tangovoe-manto-sovinon-sovinon-blan-beloe-suhoe-125_bottom.webp
Автохтонное вино Крыма от Валерия Захарьина. Алеатико – Кефесия,розовое сухое Автохтонное вино Крыма от Валерия Захарьина. Алеатико – Кефесия Валерий Захарьин,Алеатико,Розовое сухое,valeriy-zaharin-avtohtonnoe-vino-kryma-ot-valeriya-zaharina-aleatiko-kefesiya-rozovoe-suhoe-11,valeriy-zaharin-avtohtonnoe-vino-kryma-ot-valeriya-zaharina-aleatiko-kefesiya-rozovoe-suhoe-11.webp
Автохтонное вино Крыма от Валерия Захарьина. Алеатико – Кефесия,розовое сухое Автохтонное вино Крыма от Валерия Захарьина. Алеатико – Кефесия Валерий Захарьин,Алеатико,Розовое сухое,valeriy-zaharin-avtohtonnoe-vino-kryma-ot-valeriya-zaharina-aleatiko-kefesiya-rozovoe-suhoe-11,valeriy-zaharin-avtohtonnoe-vino-kryma-ot-valeriya-zaharina-aleatiko-kefesiya-rozovoe-suhoe-11_bottom.webp
Albedo. Reserve,белое сухое Albedo. Reserve Валерий Захарьин,Сары Пандас,Белое сухое,valeriy-zaharin-albedo-reserve-sary-pandas-beloe-suhoe-115,valeriy-zaharin-albedo-reserve-sary-pandas-beloe-suhoe-115.webp
Albedo. Reserve,белое сухое Albedo. Reserve Валерий Захарьин,Сары Пандас,Белое сухое,valeriy-zaharin-albedo-reserve-sary-pandas-beloe-suhoe-115,valeriy-zaharin-albedo-reserve-sary-pandas-beloe-suhoe-115_bottom.webp
Сары Пандас. Валерий Захарьин,белое сухое Сары Пандас. Валерий Захарьин Валерий Захарьин,Сары Пандас,Белое сухое,valeriy-zaharin-sary-pandas-valeriy-zaharin-beloe-suhoe-125,valeriy-zaharin-sary-pandas-valeriy-zaharin-beloe-suhoe-125.webp
Сары Пандас. Валерий Захарьин,белое сухое Сары Пандас. Валерий Захарьин Валерий Захарьин,Сары Пандас,Белое сухое,valeriy-zaharin-sary-pandas-valeriy-zaharin-beloe-suhoe-125,valeriy-zaharin-sary-pandas-valeriy-zaharin-beloe-suhoe-125_bottom.webp
Мускат. Валерий Захарьин,белое полусладкое Мускат. Валерий Захарьин Валерий Захарьин,Мускат Оттонель,Белое полусладкое,valeriy-zaharin-muskat-valeriy-zaharin-muskat-ottonel-beloe-polusladkoe-12,valeriy-zaharin-muskat-valeriy-zaharin-muskat-ottonel-beloe-polusladkoe-12.webp
Мускат. Валерий Захарьин,белое полусладкое Мускат. Валерий Захарьин Валерий Захарьин,Мускат Оттонель,Белое полусладкое,valeriy-zaharin-muskat-valeriy-zaharin-muskat-ottonel-beloe-polusladkoe-12,valeriy-zaharin-muskat-valeriy-zaharin-muskat-ottonel-beloe-polusladkoe-12_bottom.webp
Сира. Валерий Захарьин,красное полусладкое Сира. Валерий Захарьин Валерий Захарьин,Сира,Красное полусладкое,valeriy-zaharin-sira-valeriy-zaharin-krasnoe-polusladkoe-125,valeriy-zaharin-sira-valeriy-zaharin-krasnoe-polusladkoe-125.webp
Сира. Валерий Захарьин,красное полусладкое Сира. Валерий Захарьин Валерий Захарьин,Сира,Красное полусладкое,valeriy-zaharin-sira-valeriy-zaharin-krasnoe-polusladkoe-125,valeriy-zaharin-sira-valeriy-zaharin-krasnoe-polusladkoe-125_bottom.webp
Патерум. Бастардо – Саперави – Кефесия,красное сухое Патерум. Бастардо – Саперави – Кефесия Валерий Захарьин,Бастардо Магарачский,Красное сухое,valeriy-zaharin-paterum-bastardo-saperavi-kefesiya-bastardo-magarachskiy-krasnoe-suhoe-12,valeriy-zaharin-paterum-bastardo-saperavi-kefesiya-bastardo-magarachskiy-krasnoe-suhoe-12.webp
Патерум. Бастардо – Саперави – Кефесия,красное сухое Патерум. Бастардо – Саперави – Кефесия Валерий Захарьин,Бастардо Магарачский,Красное сухое,valeriy-zaharin-paterum-bastardo-saperavi-kefesiya-bastardo-magarachskiy-krasnoe-suhoe-12,valeriy-zaharin-paterum-bastardo-saperavi-kefesiya-bastardo-magarachskiy-krasnoe-suhoe-12_bottom.webp
Саперави - Каберне Совиньон. Баккал Су,красное сухое Саперави - Каберне Совиньон. Баккал Су Валерий Захарьин,Саперави,Красное сухое,valeriy-zaharin-saperavi-kaberne-sovinon-bakkal-su-krasnoe-suhoe-12,valeriy-zaharin-saperavi-kaberne-sovinon-bakkal-su-krasnoe-suhoe-12.webp
Саперави - Каберне Совиньон. Баккал Су,красное сухое Саперави - Каберне Совиньон. Баккал Су Валерий Захарьин,Саперави,Красное сухое,valeriy-zaharin-saperavi-kaberne-sovinon-bakkal-su-krasnoe-suhoe-12,valeriy-zaharin-saperavi-kaberne-sovinon-bakkal-su-krasnoe-suhoe-12_bottom.webp
Автохтонное вино Крыма. Сары Пандас Резерв,белое сухое Автохтонное вино Крыма. Сары Пандас Резерв Валерий Захарьин,Сары Пандас,Белое сухое,valeriy-zaharin-avtohtonnoe-vino-kryma-sary-pandas-rezerv-beloe-suhoe-115,valeriy-zaharin-avtohtonnoe-vino-kryma-sary-pandas-rezerv-beloe-suhoe-115.webp
Автохтонное вино Крыма. Сары Пандас Резерв,белое сухое Автохтонное вино Крыма. Сары Пандас Резерв Валерий Захарьин,Сары Пандас,Белое сухое,valeriy-zaharin-avtohtonnoe-vino-kryma-sary-pandas-rezerv-beloe-suhoe-115,valeriy-zaharin-avtohtonnoe-vino-kryma-sary-pandas-rezerv-beloe-suhoe-115_bottom.webp
Кокур. Валерий Захарьин,белое полусладкое Кокур. Валерий Захарьин Валерий Захарьин,Кокур Белый,Белое полусладкое,valeriy-zaharin-kokur-valeriy-zaharin-kokur-belyy-beloe-polusladkoe-125,valeriy-zaharin-kokur-valeriy-zaharin-kokur-belyy-beloe-polusladkoe-125.webp
Кокур. Валерий Захарьин,белое полусладкое Кокур. Валерий Захарьин Валерий Захарьин,Кокур Белый,Белое полусладкое,valeriy-zaharin-kokur-valeriy-zaharin-kokur-belyy-beloe-polusladkoe-125,valeriy-zaharin-kokur-valeriy-zaharin-kokur-belyy-beloe-polusladkoe-125_bottom.webp
Кефесия. Валерий Захарьин,красное сухое Кефесия. Валерий Захарьин Валерий Захарьин,Кефесия,Красное сухое,valeriy-zaharin-kefesiya-valeriy-zaharin-krasnoe-suhoe-12,valeriy-zaharin-kefesiya-valeriy-zaharin-krasnoe-suhoe-12.webp
Кефесия. Валерий Захарьин,красное сухое Кефесия. Валерий Захарьин Валерий Захарьин,Кефесия,Красное сухое,valeriy-zaharin-kefesiya-valeriy-zaharin-krasnoe-suhoe-12,valeriy-zaharin-kefesiya-valeriy-zaharin-krasnoe-suhoe-12_bottom.webp
Каберне Фран. Бурлюк,красное сухое Каберне Фран. Бурлюк Валерий Захарьин,Каберне Фран,Красное сухое,valeriy-zaharin-kaberne-fran-burlyuk-krasnoe-suhoe-13,valeriy-zaharin-kaberne-fran-burlyuk-krasnoe-suhoe-13.webp
Каберне Фран. Бурлюк,красное сухое Каберне Фран. Бурлюк Валерий Захарьин,Каберне Фран,Красное сухое,valeriy-zaharin-kaberne-fran-burlyuk-krasnoe-suhoe-13,valeriy-zaharin-kaberne-fran-burlyuk-krasnoe-suhoe-13_bottom.webp
Алиготе. Бурлюк,белое брют Алиготе. Бурлюк Валерий Захарьин,Алиготе,Белое брют,valeriy-zaharin-aligote-burlyuk-beloe-bryut-115,valeriy-zaharin-aligote-burlyuk-beloe-bryut-115.webp
Алиготе. Бурлюк,белое брют Алиготе. Бурлюк Валерий Захарьин,Алиготе,Белое брют,valeriy-zaharin-aligote-burlyuk-beloe-bryut-115,valeriy-zaharin-aligote-burlyuk-beloe-bryut-115_bottom.webp
Автохтонное вино Крыма от Валерия Захарьина. Кокур – Сары Пандас,белое сухое Автохтонное вино Крыма от Валерия Захарьина. Кокур – Сары Пандас Валерий Захарьин,Кокур Белый,Белое сухое,valeriy-zaharin-avtohtonnoe-vino-kryma-ot-valeriya-zaharina-kokur-sary-pandas-kokur-belyy-beloe-suhoe-115,valeriy-zaharin-avtohtonnoe-vino-kryma-ot-valeriya-zaharina-kokur-sary-pandas-kokur-belyy-beloe-suhoe-115.webp
Автохтонное вино Крыма от Валерия Захарьина. Кокур – Сары Пандас,белое сухое Автохтонное вино Крыма от Валерия Захарьина. Кокур – Сары Пандас Валерий Захарьин,Кокур Белый,Белое сухое,valeriy-zaharin-avtohtonnoe-vino-kryma-ot-valeriya-zaharina-kokur-sary-pandas-kokur-belyy-beloe-suhoe-115,valeriy-zaharin-avtohtonnoe-vino-kryma-ot-valeriya-zaharina-kokur-sary-pandas-kokur-belyy-beloe-suhoe-115_bottom.webp
Кокур Классика,белое брют Кокур Классика Валерий Захарьин,Кокур Белый,Белое брют,valeriy-zaharin-kokur-klassika-kokur-belyy-beloe-bryut-115,valeriy-zaharin-kokur-klassika-kokur-belyy-beloe-bryut-115.webp
Кокур Классика,белое брют Кокур Классика Валерий Захарьин,Кокур Белый,Белое брют,valeriy-zaharin-kokur-klassika-kokur-belyy-beloe-bryut-115,valeriy-zaharin-kokur-klassika-kokur-belyy-beloe-bryut-115_bottom.webp
Рислинг. Валерий Захарьин,белое полусладкое Рислинг. Валерий Захарьин Валерий Захарьин,Рислинг Рейнский,Белое полусладкое,valeriy-zaharin-risling-valeriy-zaharin-risling-reynskiy-beloe-polusladkoe-125,valeriy-zaharin-risling-valeriy-zaharin-risling-reynskiy-beloe-polusladkoe-125.webp
Рислинг. Валерий Захарьин,белое полусладкое Рислинг. Валерий Захарьин Валерий Захарьин,Рислинг Рейнский,Белое полусладкое,valeriy-zaharin-risling-valeriy-zaharin-risling-reynskiy-beloe-polusladkoe-125,valeriy-zaharin-risling-valeriy-zaharin-risling-reynskiy-beloe-polusladkoe-125_bottom.webp
Автохтонное вино Крыма от Валерия Захарьина. Кефесия Резерв,красное сухое Автохтонное вино Крыма от Валерия Захарьина. Кефесия Резерв Валерий Захарьин,Кефесия,Красное сухое,valeriy-zaharin-avtohtonnoe-vino-kryma-ot-valeriya-zaharina-kefesiya-rezerv-krasnoe-suhoe-13,valeriy-zaharin-avtohtonnoe-vino-kryma-ot-valeriya-zaharina-kefesiya-rezerv-krasnoe-suhoe-13.webp
Автохтонное вино Крыма от Валерия Захарьина. Кефесия Резерв,красное сухое Автохтонное вино Крыма от Валерия Захарьина. Кефесия Резерв Валерий Захарьин,Кефесия,Красное сухое,valeriy-zaharin-avtohtonnoe-vino-kryma-ot-valeriya-zaharina-kefesiya-rezerv-krasnoe-suhoe-13,valeriy-zaharin-avtohtonnoe-vino-kryma-ot-valeriya-zaharina-kefesiya-rezerv-krasnoe-suhoe-13_bottom.webp
Совиньон. Валерий Захарьин,белое полусладкое Совиньон. Валерий Захарьин Валерий Захарьин,Совиньон,Белое полусладкое,valeriy-zaharin-sovinon-valeriy-zaharin-beloe-polusladkoe-125,valeriy-zaharin-sovinon-valeriy-zaharin-beloe-polusladkoe-125.webp
Совиньон. Валерий Захарьин,белое полусладкое Совиньон. Валерий Захарьин Валерий Захарьин,Совиньон,Белое полусладкое,valeriy-zaharin-sovinon-valeriy-zaharin-beloe-polusladkoe-125,valeriy-zaharin-sovinon-valeriy-zaharin-beloe-polusladkoe-125_bottom.webp
Rubedo. Reserve,красное сухое Rubedo. Reserve Валерий Захарьин,Мерло,Красное сухое,valeriy-zaharin-rubedo-reserve-merlo-krasnoe-suhoe-13,valeriy-zaharin-rubedo-reserve-merlo-krasnoe-suhoe-13.webp
Rubedo. Reserve,красное сухое Rubedo. Reserve Валерий Захарьин,Мерло,Красное сухое,valeriy-zaharin-rubedo-reserve-merlo-krasnoe-suhoe-13,valeriy-zaharin-rubedo-reserve-merlo-krasnoe-suhoe-13_bottom.webp
Дом Захарьиных красное,красное сухое Дом Захарьиных красное Валерий Захарьин,Каберне Совиньон,Красное сухое,valeriy-zaharin-dom-zaharinyh-krasnoe-kaberne-sovinon-suhoe-125,valeriy-zaharin-dom-zaharinyh-krasnoe-kaberne-sovinon-suhoe-125.webp
Дом Захарьиных красное,красное сухое Дом Захарьиных красное Валерий Захарьин,Каберне Совиньон,Красное сухое,valeriy-zaharin-dom-zaharinyh-krasnoe-kaberne-sovinon-suhoe-125,valeriy-zaharin-dom-zaharinyh-krasnoe-kaberne-sovinon-suhoe-125_bottom.webp
Алеатико - Кефесия. Автохтонное вино Крыма от Валерия Захарьина,розовое сухое Алеатико - Кефесия. Автохтонное вино Крыма от Валерия Захарьина Валерий Захарьин,Алеатико,Розовое сухое,valeriy-zaharin-aleatiko-kefesiya-avtohtonnoe-vino-kryma-ot-valeriya-zaharina-rozovoe-suhoe-125,valeriy-zaharin-aleatiko-kefesiya-avtohtonnoe-vino-kryma-ot-valeriya-zaharina-rozovoe-suhoe-125.webp
Алеатико - Кефесия. Автохтонное вино Крыма от Валерия Захарьина,розовое сухое Алеатико - Кефесия. Автохтонное вино Крыма от Валерия Захарьина Валерий Захарьин,Алеатико,Розовое сухое,valeriy-zaharin-aleatiko-kefesiya-avtohtonnoe-vino-kryma-ot-valeriya-zaharina-rozovoe-suhoe-125,valeriy-zaharin-aleatiko-kefesiya-avtohtonnoe-vino-kryma-ot-valeriya-zaharina-rozovoe-suhoe-125_bottom.webp
Алиготе. Валерий Захарьин,белое сухое Алиготе. Валерий Захарьин Валерий Захарьин,Алиготе,Белое сухое,valeriy-zaharin-aligote-valeriy-zaharin-beloe-suhoe-13,valeriy-zaharin-aligote-valeriy-zaharin-beloe-suhoe-13.webp
Алиготе. Валерий Захарьин,белое сухое Алиготе. Валерий Захарьин Валерий Захарьин,Алиготе,Белое сухое,valeriy-zaharin-aligote-valeriy-zaharin-beloe-suhoe-13,valeriy-zaharin-aligote-valeriy-zaharin-beloe-suhoe-13_bottom.webp
Алиготе. Авторское. Валерий Захарьин,белое брют Алиготе. Авторское. Валерий Захарьин Валерий Захарьин,Алиготе,Белое брют,valeriy-zaharin-aligote-avtorskoe-valeriy-zaharin-beloe-bryut-115,valeriy-zaharin-aligote-avtorskoe-valeriy-zaharin-beloe-bryut-115.webp
Алиготе. Авторское. Валерий Захарьин,белое брют Алиготе. Авторское. Валерий Захарьин Валерий Захарьин,Алиготе,Белое брют,valeriy-zaharin-aligote-avtorskoe-valeriy-zaharin-beloe-bryut-115,valeriy-zaharin-aligote-avtorskoe-valeriy-zaharin-beloe-bryut-115_bottom.webp
Рислинг,белое сухое Рислинг ВайнКрафт,Рислинг,Белое сухое,vaynkraft-risling-beloe-suhoe-123,vaynkraft-risling-beloe-suhoe-123.webp
Рислинг,белое сухое Рислинг ВайнКрафт,Рислинг,Белое сухое,vaynkraft-risling-beloe-suhoe-123,vaynkraft-risling-beloe-suhoe-123_bottom.webp
Совиньон Блан,белое сухое Совиньон Блан ВайнКрафт,Совиньон Блан,Белое сухое,vaynkraft-sovinon-blan-beloe-suhoe-13,vaynkraft-sovinon-blan-beloe-suhoe-13.webp
Совиньон Блан,белое сухое Совиньон Блан ВайнКрафт,Совиньон Блан,Белое сухое,vaynkraft-sovinon-blan-beloe-suhoe-13,vaynkraft-sovinon-blan-beloe-suhoe-13_bottom.webp
Траминер Оранж 2,оранжевое сухое Траминер Оранж 2 ВайнКрафт,Траминер Розовый,Оранжевое сухое,vaynkraft-traminer-oranzh-2-traminer-rozovyy-oranzhevoe-suhoe-125,vaynkraft-traminer-oranzh-2-traminer-rozovyy-oranzhevoe-suhoe-125.webp
Траминер Оранж 2,оранжевое сухое Траминер Оранж 2 ВайнКрафт,Траминер Розовый,Оранжевое сухое,vaynkraft-traminer-oranzh-2-traminer-rozovyy-oranzhevoe-suhoe-125,vaynkraft-traminer-oranzh-2-traminer-rozovyy-oranzhevoe-suhoe-125_bottom.webp
Алиготе,белое сухое Алиготе ВайнКрафт,Алиготе,Белое сухое,vaynkraft-aligote-beloe-suhoe-125,vaynkraft-aligote-beloe-suhoe-125.webp
Алиготе,белое сухое Алиготе ВайнКрафт,Алиготе,Белое сухое,vaynkraft-aligote-beloe-suhoe-125,vaynkraft-aligote-beloe-suhoe-125_bottom.webp
Блан. Пино Нуар,белое сухое Блан. Пино Нуар ВайнКрафт,Пино Нуар,Белое сухое,vaynkraft-blan-pino-nuar-beloe-suhoe-12,vaynkraft-blan-pino-nuar-beloe-suhoe-12.webp
Блан. Пино Нуар,белое сухое Блан. Пино Нуар ВайнКрафт,Пино Нуар,Белое сухое,vaynkraft-blan-pino-nuar-beloe-suhoe-12,vaynkraft-blan-pino-nuar-beloe-suhoe-12_bottom.webp
Пино Нуар,красное сухое Пино Нуар ВайнКрафт,Пино Нуар,Красное сухое,vaynkraft-pino-nuar-krasnoe-suhoe-13,vaynkraft-pino-nuar-krasnoe-suhoe-13.webp
Пино Нуар,красное сухое Пино Нуар ВайнКрафт,Пино Нуар,Красное сухое,vaynkraft-pino-nuar-krasnoe-suhoe-13,vaynkraft-pino-nuar-krasnoe-suhoe-13_bottom.webp
Траминер,белое сухое Траминер ВайнКрафт,Траминер Розовый,Белое сухое,vaynkraft-traminer-traminer-rozovyy-beloe-suhoe-14,vaynkraft-traminer-traminer-rozovyy-beloe-suhoe-14.webp
Траминер,белое сухое Траминер ВайнКрафт,Траминер Розовый,Белое сухое,vaynkraft-traminer-traminer-rozovyy-beloe-suhoe-14,vaynkraft-traminer-traminer-rozovyy-beloe-suhoe-14_bottom.webp
Каберне Совиньон,красное сухое Каберне Совиньон ВайнКрафт,Каберне Совиньон,Красное сухое,vaynkraft-kaberne-sovinon-krasnoe-suhoe-14,vaynkraft-kaberne-sovinon-krasnoe-suhoe-14.webp
Каберне Совиньон,красное сухое Каберне Совиньон ВайнКрафт,Каберне Совиньон,Красное сухое,vaynkraft-kaberne-sovinon-krasnoe-suhoe-14,vaynkraft-kaberne-sovinon-krasnoe-suhoe-14_bottom.webp
Ркацители Оранж,оранжевое сухое Ркацители Оранж ВайнКрафт,Ркацители,Оранжевое сухое,vaynkraft-rkatsiteli-oranzh-oranzhevoe-suhoe-12,vaynkraft-rkatsiteli-oranzh-oranzhevoe-suhoe-12.webp
Ркацители Оранж,оранжевое сухое Ркацители Оранж ВайнКрафт,Ркацители,Оранжевое сухое,vaynkraft-rkatsiteli-oranzh-oranzhevoe-suhoe-12,vaynkraft-rkatsiteli-oranzh-oranzhevoe-suhoe-12_bottom.webp
Траминер Оранж,оранжевое сухое Траминер Оранж ВайнКрафт,Траминер Розовый,Оранжевое сухое,vaynkraft-traminer-oranzh-traminer-rozovyy-oranzhevoe-suhoe-125,vaynkraft-traminer-oranzh-traminer-rozovyy-oranzhevoe-suhoe-125.webp
Траминер Оранж,оранжевое сухое Траминер Оранж ВайнКрафт,Траминер Розовый,Оранжевое сухое,vaynkraft-traminer-oranzh-traminer-rozovyy-oranzhevoe-suhoe-125,vaynkraft-traminer-oranzh-traminer-rozovyy-oranzhevoe-suhoe-125_bottom.webp
Совиньон Блан,белое сухое Совиньон Блан В2Р,Совиньон Блан,Белое сухое,v2r-sovinon-blan-beloe-suhoe-13,v2r-sovinon-blan-beloe-suhoe-13.webp
Совиньон Блан,белое сухое Совиньон Блан В2Р,Совиньон Блан,Белое сухое,v2r-sovinon-blan-beloe-suhoe-13,v2r-sovinon-blan-beloe-suhoe-13_bottom.webp
Розе,розовое полусухое Розе В2Р,Каберне Совиньон,Розовое полусухое,v2r-roze-kaberne-sovinon-rozovoe-polusuhoe-13,v2r-roze-kaberne-sovinon-rozovoe-polusuhoe-13.webp
Розе,розовое полусухое Розе В2Р,Каберне Совиньон,Розовое полусухое,v2r-roze-kaberne-sovinon-rozovoe-polusuhoe-13,v2r-roze-kaberne-sovinon-rozovoe-polusuhoe-13_bottom.webp
Рислинг,белое сухое Рислинг В2Р,Рислинг Рейнский,Белое сухое,v2r-risling-risling-reynskiy-beloe-suhoe-122,v2r-risling-risling-reynskiy-beloe-suhoe-122.webp
Рислинг,белое сухое Рислинг В2Р,Рислинг Рейнский,Белое сухое,v2r-risling-risling-reynskiy-beloe-suhoe-122,v2r-risling-risling-reynskiy-beloe-suhoe-122_bottom.webp
Мускат Оттонель,белое сухое Мускат Оттонель Благолюбов,Мускат Оттонель,Белое сухое,blagolyubov-muskat-ottonel-beloe-suhoe-125,blagolyubov-muskat-ottonel-beloe-suhoe-125.webp
Мускат Оттонель,белое сухое Мускат Оттонель Благолюбов,Мускат Оттонель,Белое сухое,blagolyubov-muskat-ottonel-beloe-suhoe-125,blagolyubov-muskat-ottonel-beloe-suhoe-125_bottom.webp
Поднять паруса!,красное сухое Поднять паруса! В2Р,Каберне Совиньон,Красное сухое,v2r-podnyat-parusa-kaberne-sovinon-krasnoe-suhoe-125,v2r-podnyat-parusa-kaberne-sovinon-krasnoe-suhoe-125.webp
Поднять паруса!,красное сухое Поднять паруса! В2Р,Каберне Совиньон,Красное сухое,v2r-podnyat-parusa-kaberne-sovinon-krasnoe-suhoe-125,v2r-podnyat-parusa-kaberne-sovinon-krasnoe-suhoe-125_bottom.webp
Каберне Совиньон Гранд Резерв,красное сухое Каберне Совиньон Гранд Резерв Артвин,Каберне Совиньон,Красное сухое,artvin-kaberne-sovinon-grand-rezerv-krasnoe-suhoe-13,artvin-kaberne-sovinon-grand-rezerv-krasnoe-suhoe-13.webp
Каберне Совиньон Гранд Резерв,красное сухое Каберне Совиньон Гранд Резерв Артвин,Каберне Совиньон,Красное сухое,artvin-kaberne-sovinon-grand-rezerv-krasnoe-suhoe-13,artvin-kaberne-sovinon-grand-rezerv-krasnoe-suhoe-13_bottom.webp
Сибирьковый,белое сухое Сибирьковый Благолюбов,Сибирьковый,Белое сухое,blagolyubov-sibirkovyy-beloe-suhoe-115,blagolyubov-sibirkovyy-beloe-suhoe-115.webp
Сибирьковый,белое сухое Сибирьковый Благолюбов,Сибирьковый,Белое сухое,blagolyubov-sibirkovyy-beloe-suhoe-115,blagolyubov-sibirkovyy-beloe-suhoe-115_bottom.webp
Станичное,белое сухое Станичное Благолюбов,Станичный,Белое сухое,blagolyubov-stanichnoe-stanichnyy-beloe-suhoe-12,blagolyubov-stanichnoe-stanichnyy-beloe-suhoe-12.webp
Станичное,белое сухое Станичное Благолюбов,Станичный,Белое сухое,blagolyubov-stanichnoe-stanichnyy-beloe-suhoe-12,blagolyubov-stanichnoe-stanichnyy-beloe-suhoe-12_bottom.webp
Совиньон Блан,белое сухое Совиньон Блан Благолюбов,Совиньон Блан,Белое сухое,blagolyubov-sovinon-blan-beloe-suhoe-125,blagolyubov-sovinon-blan-beloe-suhoe-125.webp
Совиньон Блан,белое сухое Совиньон Блан Благолюбов,Совиньон Блан,Белое сухое,blagolyubov-sovinon-blan-beloe-suhoe-125,blagolyubov-sovinon-blan-beloe-suhoe-125_bottom.webp
Одесский Черный Резерв,красное сухое Одесский Черный Резерв Артвин,Одесский черный,Красное сухое,artvin-odesskiy-chernyy-rezerv-krasnoe-suhoe-13,artvin-odesskiy-chernyy-rezerv-krasnoe-suhoe-13.webp
Одесский Черный Резерв,красное сухое Одесский Черный Резерв Артвин,Одесский черный,Красное сухое,artvin-odesskiy-chernyy-rezerv-krasnoe-suhoe-13,artvin-odesskiy-chernyy-rezerv-krasnoe-suhoe-13_bottom.webp
Пино Нуар розе,розовое сухое Пино Нуар розе Бельбек,Пино Нуар,Розовое сухое,belbek-pino-nuar-roze-rozovoe-suhoe-115,belbek-pino-nuar-roze-rozovoe-suhoe-115.webp
Пино Нуар розе,розовое сухое Пино Нуар розе Бельбек,Пино Нуар,Розовое сухое,belbek-pino-nuar-roze-rozovoe-suhoe-115,belbek-pino-nuar-roze-rozovoe-suhoe-115_bottom.webp
Санджовезе,красное сухое Санджовезе Бельбек,Санджовезе,Красное сухое,belbek-sandzhoveze-krasnoe-suhoe-14,belbek-sandzhoveze-krasnoe-suhoe-14.webp
Санджовезе,красное сухое Санджовезе Бельбек,Санджовезе,Красное сухое,belbek-sandzhoveze-krasnoe-suhoe-14,belbek-sandzhoveze-krasnoe-suhoe-14_bottom.webp
Пино Менье,красное сухое Пино Менье Бельбек,Пино Менье,Красное сухое,belbek-pino-mene-krasnoe-suhoe-128,belbek-pino-mene-krasnoe-suhoe-128.webp
Пино Менье,красное сухое Пино Менье Бельбек,Пино Менье,Красное сухое,belbek-pino-mene-krasnoe-suhoe-128,belbek-pino-mene-krasnoe-suhoe-128_bottom.webp
Мускат Оранж,оранжевое сухое Мускат Оранж Бельбек,Мускат Белый,Оранжевое сухое,belbek-muskat-oranzh-muskat-belyy-oranzhevoe-suhoe-125,belbek-muskat-oranzh-muskat-belyy-oranzhevoe-suhoe-125.webp
Мускат Оранж,оранжевое сухое Мускат Оранж Бельбек,Мускат Белый,Оранжевое сухое,belbek-muskat-oranzh-muskat-belyy-oranzhevoe-suhoe-125,belbek-muskat-oranzh-muskat-belyy-oranzhevoe-suhoe-125_bottom.webp
Ркацители,белое сухое Ркацители Бельбек,Ркацители,Белое сухое,belbek-rkatsiteli-beloe-suhoe-13,belbek-rkatsiteli-beloe-suhoe-13.webp
Ркацители,белое сухое Ркацители Бельбек,Ркацители,Белое сухое,belbek-rkatsiteli-beloe-suhoe-13,belbek-rkatsiteli-beloe-suhoe-13_bottom.webp
Семильон Резерв,белое сухое Семильон Резерв Бельбек,Семильон,Белое сухое,belbek-semilon-rezerv-beloe-suhoe-127,belbek-semilon-rezerv-beloe-suhoe-127.webp
Семильон Резерв,белое сухое Семильон Резерв Бельбек,Семильон,Белое сухое,belbek-semilon-rezerv-beloe-suhoe-127,belbek-semilon-rezerv-beloe-suhoe-127_bottom.webp
Саперави,красное сухое Саперави Бельбек,Саперави,Красное сухое,belbek-saperavi-krasnoe-suhoe-137,belbek-saperavi-krasnoe-suhoe-137.webp
Саперави,красное сухое Саперави Бельбек,Саперави,Красное сухое,belbek-saperavi-krasnoe-suhoe-137,belbek-saperavi-krasnoe-suhoe-137_bottom.webp
Саперави Резерв,красное сухое Саперави Резерв Бельбек,Саперави,Красное сухое,belbek-saperavi-rezerv-krasnoe-suhoe-14,belbek-saperavi-rezerv-krasnoe-suhoe-14.webp
Саперави Резерв,красное сухое Саперави Резерв Бельбек,Саперави,Красное сухое,belbek-saperavi-rezerv-krasnoe-suhoe-14,belbek-saperavi-rezerv-krasnoe-suhoe-14_bottom.webp
Алиготе,белое сухое Алиготе Бельбек,Алиготе,Белое сухое,belbek-aligote-beloe-suhoe-125,belbek-aligote-beloe-suhoe-125.webp
Алиготе,белое сухое Алиготе Бельбек,Алиготе,Белое сухое,belbek-aligote-beloe-suhoe-125,belbek-aligote-beloe-suhoe-125_bottom.webp
Розе Сира,розовое сухое Розе Сира Бельбек,Сира,Розовое сухое,belbek-roze-sira-rozovoe-suhoe-125,belbek-roze-sira-rozovoe-suhoe-125.webp
Розе Сира,розовое сухое Розе Сира Бельбек,Сира,Розовое сухое,belbek-roze-sira-rozovoe-suhoe-125,belbek-roze-sira-rozovoe-suhoe-125_bottom.webp
Меритаж,красное сухое Меритаж Бельбек,Каберне Совиньон,Красное сухое,belbek-meritazh-kaberne-sovinon-krasnoe-suhoe-136,belbek-meritazh-kaberne-sovinon-krasnoe-suhoe-136.webp
Меритаж,красное сухое Меритаж Бельбек,Каберне Совиньон,Красное сухое,belbek-meritazh-kaberne-sovinon-krasnoe-suhoe-136,belbek-meritazh-kaberne-sovinon-krasnoe-suhoe-136_bottom.webp
Совиньон Блан,белое сухое Совиньон Блан Бельбек,Совиньон Блан,Белое сухое,belbek-sovinon-blan-beloe-suhoe-12,belbek-sovinon-blan-beloe-suhoe-12.webp
Совиньон Блан,белое сухое Совиньон Блан Бельбек,Совиньон Блан,Белое сухое,belbek-sovinon-blan-beloe-suhoe-12,belbek-sovinon-blan-beloe-suhoe-12_bottom.webp
Ркацители Баррик,белое сухое Ркацители Баррик Бельбек,Ркацители,Белое сухое,belbek-rkatsiteli-barrik-beloe-suhoe-13,belbek-rkatsiteli-barrik-beloe-suhoe-13.webp
Ркацители Баррик,белое сухое Ркацители Баррик Бельбек,Ркацители,Белое сухое,belbek-rkatsiteli-barrik-beloe-suhoe-13,belbek-rkatsiteli-barrik-beloe-suhoe-13_bottom.webp
Мерло,красное сухое Мерло Бельбек,Мерло,Красное сухое,belbek-merlo-krasnoe-suhoe-13,belbek-merlo-krasnoe-suhoe-13.webp
Мерло,красное сухое Мерло Бельбек,Мерло,Красное сухое,belbek-merlo-krasnoe-suhoe-13,belbek-merlo-krasnoe-suhoe-13_bottom.webp
Кокур,белое сухое Кокур Бельбек,Кокур Белый,Белое сухое,belbek-kokur-kokur-belyy-beloe-suhoe-13,belbek-kokur-kokur-belyy-beloe-suhoe-13.webp
Кокур,белое сухое Кокур Бельбек,Кокур Белый,Белое сухое,belbek-kokur-kokur-belyy-beloe-suhoe-13,belbek-kokur-kokur-belyy-beloe-suhoe-13_bottom.webp
Рислинг,белое сухое Рислинг Бельбек,Рислинг Рейнский,Белое сухое,belbek-risling-risling-reynskiy-beloe-suhoe-12,belbek-risling-risling-reynskiy-beloe-suhoe-12.webp
Рислинг,белое сухое Рислинг Бельбек,Рислинг Рейнский,Белое сухое,belbek-risling-risling-reynskiy-beloe-suhoe-12,belbek-risling-risling-reynskiy-beloe-suhoe-12_bottom.webp
Рислинг. Поздний Сбор,белое сладкое Рислинг. Поздний Сбор Бельбек,Рислинг Рейнский,Белое сладкое,belbek-risling-pozdniy-sbor-risling-reynskiy-beloe-sladkoe-117,belbek-risling-pozdniy-sbor-risling-reynskiy-beloe-sladkoe-117.webp
Рислинг. Поздний Сбор,белое сладкое Рислинг. Поздний Сбор Бельбек,Рислинг Рейнский,Белое сладкое,belbek-risling-pozdniy-sbor-risling-reynskiy-beloe-sladkoe-117,belbek-risling-pozdniy-sbor-risling-reynskiy-beloe-sladkoe-117_bottom.webp
Пино Нуар,красное сухое Пино Нуар Бельбек,Пино Нуар,Красное сухое,belbek-pino-nuar-krasnoe-suhoe-133,belbek-pino-nuar-krasnoe-suhoe-133.webp
Пино Нуар,красное сухое Пино Нуар Бельбек,Пино Нуар,Красное сухое,belbek-pino-nuar-krasnoe-suhoe-133,belbek-pino-nuar-krasnoe-suhoe-133_bottom.webp
Сира Резерв,красное сухое Сира Резерв Бельбек,Сира,Красное сухое,belbek-sira-rezerv-krasnoe-suhoe-132,belbek-sira-rezerv-krasnoe-suhoe-132.webp
Сира Резерв,красное сухое Сира Резерв Бельбек,Сира,Красное сухое,belbek-sira-rezerv-krasnoe-suhoe-132,belbek-sira-rezerv-krasnoe-suhoe-132_bottom.webp
Мускат,белое сухое Мускат Бельбек,Мускат Белый,Белое сухое,belbek-muskat-muskat-belyy-beloe-suhoe-127,belbek-muskat-muskat-belyy-beloe-suhoe-127.webp
Мускат,белое сухое Мускат Бельбек,Мускат Белый,Белое сухое,belbek-muskat-muskat-belyy-beloe-suhoe-127,belbek-muskat-muskat-belyy-beloe-suhoe-127_bottom.webp
Пино Нуар Резерв,красное сухое Пино Нуар Резерв Бельбек,Пино Нуар,Красное сухое,belbek-pino-nuar-rezerv-krasnoe-suhoe-135,belbek-pino-nuar-rezerv-krasnoe-suhoe-135.webp
Пино Нуар Резерв,красное сухое Пино Нуар Резерв Бельбек,Пино Нуар,Красное сухое,belbek-pino-nuar-rezerv-krasnoe-suhoe-135,belbek-pino-nuar-rezerv-krasnoe-suhoe-135_bottom.webp
Закат. Мерло Сира,красное сухое Закат. Мерло Сира Бельбек,Мерло,Красное сухое,belbek-zakat-merlo-sira-krasnoe-suhoe-132,belbek-zakat-merlo-sira-krasnoe-suhoe-132.webp
Закат. Мерло Сира,красное сухое Закат. Мерло Сира Бельбек,Мерло,Красное сухое,belbek-zakat-merlo-sira-krasnoe-suhoe-132,belbek-zakat-merlo-sira-krasnoe-suhoe-132_bottom.webp
Каберне Совиньон,красное сухое Каберне Совиньон Бельбек,Каберне Совиньон,Красное сухое,belbek-kaberne-sovinon-krasnoe-suhoe-138,belbek-kaberne-sovinon-krasnoe-suhoe-138.webp
Каберне Совиньон,красное сухое Каберне Совиньон Бельбек,Каберне Совиньон,Красное сухое,belbek-kaberne-sovinon-krasnoe-suhoe-138,belbek-kaberne-sovinon-krasnoe-suhoe-138_bottom.webp
Белое сухое,красное сухое Белое сухое Бельбек,Каберне Совиньон,Красное сухое,belbek-beloe-suhoe-kaberne-sovinon-krasnoe-14,belbek-beloe-suhoe-kaberne-sovinon-krasnoe-14.webp
Белое сухое,красное сухое Белое сухое Бельбек,Каберне Совиньон,Красное сухое,belbek-beloe-suhoe-kaberne-sovinon-krasnoe-14,belbek-beloe-suhoe-kaberne-sovinon-krasnoe-14_bottom.webp
Каберне Фран,красное сухое Каберне Фран Бельбек,Каберне Фран,Красное сухое,belbek-kaberne-fran-krasnoe-suhoe-134,belbek-kaberne-fran-krasnoe-suhoe-134.webp
Каберне Фран,красное сухое Каберне Фран Бельбек,Каберне Фран,Красное сухое,belbek-kaberne-fran-krasnoe-suhoe-134,belbek-kaberne-fran-krasnoe-suhoe-134_bottom.webp
Organic Syrah,красное сухое Organic Syrah Andryus Yutsis,Сира,Красное сухое,andryus-yutsis-organic-syrah-sira-krasnoe-suhoe-135,andryus-yutsis-organic-syrah-sira-krasnoe-suhoe-135.webp
Organic Syrah,красное сухое Organic Syrah Andryus Yutsis,Сира,Красное сухое,andryus-yutsis-organic-syrah-sira-krasnoe-suhoe-135,andryus-yutsis-organic-syrah-sira-krasnoe-suhoe-135_bottom.webp
Сира Нуво,красное сухое Сира Нуво А. Гордиенко & М. Николаев,Сира,Красное сухое,a-gordienko-m-nikolaev-sira-nuvo-krasnoe-suhoe-115,a-gordienko-m-nikolaev-sira-nuvo-krasnoe-suhoe-115.webp
Сира Нуво,красное сухое Сира Нуво А. Гордиенко & М. Николаев,Сира,Красное сухое,a-gordienko-m-nikolaev-sira-nuvo-krasnoe-suhoe-115,a-gordienko-m-nikolaev-sira-nuvo-krasnoe-suhoe-115_bottom.webp
Пино Нуар,красное сухое Пино Нуар А. Гордиенко & М. Николаев,Пино Нуар,Красное сухое,a-gordienko-m-nikolaev-pino-nuar-krasnoe-suhoe-135,a-gordienko-m-nikolaev-pino-nuar-krasnoe-suhoe-135.webp
Пино Нуар,красное сухое Пино Нуар А. Гордиенко & М. Николаев,Пино Нуар,Красное сухое,a-gordienko-m-nikolaev-pino-nuar-krasnoe-suhoe-135,a-gordienko-m-nikolaev-pino-nuar-krasnoe-suhoe-135_bottom.webp
Muscat Blanc,белое сухое Muscat Blanc Andryus Yutsis,Мускат,Белое сухое,andryus-yutsis-muscat-blanc-muskat-beloe-suhoe-112,andryus-yutsis-muscat-blanc-muskat-beloe-suhoe-112.webp
Muscat Blanc,белое сухое Muscat Blanc Andryus Yutsis,Мускат,Белое сухое,andryus-yutsis-muscat-blanc-muskat-beloe-suhoe-112,andryus-yutsis-muscat-blanc-muskat-beloe-suhoe-112_bottom.webp
Pinot Grigio,белое сухое Pinot Grigio Andryus Yutsis,Пино Гри,Белое сухое,andryus-yutsis-pinot-grigio-pino-gri-beloe-suhoe-125,andryus-yutsis-pinot-grigio-pino-gri-beloe-suhoe-125.webp
Pinot Grigio,белое сухое Pinot Grigio Andryus Yutsis,Пино Гри,Белое сухое,andryus-yutsis-pinot-grigio-pino-gri-beloe-suhoe-125,andryus-yutsis-pinot-grigio-pino-gri-beloe-suhoe-125_bottom.webp
Orange,белое сухое Orange Andryus Yutsis,Верментино,Белое сухое,andryus-yutsis-orange-vermentino-beloe-suhoe-112,andryus-yutsis-orange-vermentino-beloe-suhoe-112.webp
Orange,белое сухое Orange Andryus Yutsis,Верментино,Белое сухое,andryus-yutsis-orange-vermentino-beloe-suhoe-112,andryus-yutsis-orange-vermentino-beloe-suhoe-112_bottom.webp
Mountain Eagle Aleatico Rose,розовое сухое Mountain Eagle Aleatico Rose Агролайн,Алеатико,Розовое сухое,agrolayn-mountain-eagle-aleatico-rose-aleatiko-rozovoe-suhoe-125,agrolayn-mountain-eagle-aleatico-rose-aleatiko-rozovoe-suhoe-125.webp
Mountain Eagle Aleatico Rose,розовое сухое Mountain Eagle Aleatico Rose Агролайн,Алеатико,Розовое сухое,agrolayn-mountain-eagle-aleatico-rose-aleatiko-rozovoe-suhoe-125,agrolayn-mountain-eagle-aleatico-rose-aleatiko-rozovoe-suhoe-125_bottom.webp
Mountain Eagle Muscat,белое сухое Mountain Eagle Muscat Агролайн,Мускат,Белое сухое,agrolayn-mountain-eagle-muscat-muskat-beloe-suhoe-125,agrolayn-mountain-eagle-muscat-muskat-beloe-suhoe-125.webp
Mountain Eagle Muscat,белое сухое Mountain Eagle Muscat Агролайн,Мускат,Белое сухое,agrolayn-mountain-eagle-muscat-muskat-beloe-suhoe-125,agrolayn-mountain-eagle-muscat-muskat-beloe-suhoe-125_bottom.webp
Mountain Eagle White Blend,белое сухое Mountain Eagle White Blend Агролайн,Вионье,Белое сухое,agrolayn-mountain-eagle-white-blend-vione-beloe-suhoe-115,agrolayn-mountain-eagle-white-blend-vione-beloe-suhoe-115.webp
Mountain Eagle White Blend,белое сухое Mountain Eagle White Blend Агролайн,Вионье,Белое сухое,agrolayn-mountain-eagle-white-blend-vione-beloe-suhoe-115,agrolayn-mountain-eagle-white-blend-vione-beloe-suhoe-115_bottom.webp
Mountain Eagle Pedro Ximenez,белое сухое Mountain Eagle Pedro Ximenez Агролайн,Педро Хименес,Белое сухое,agrolayn-mountain-eagle-pedro-ximenez-pedro-himenes-beloe-suhoe-11,agrolayn-mountain-eagle-pedro-ximenez-pedro-himenes-beloe-suhoe-11.webp
Mountain Eagle Pedro Ximenez,белое сухое Mountain Eagle Pedro Ximenez Агролайн,Педро Хименес,Белое сухое,agrolayn-mountain-eagle-pedro-ximenez-pedro-himenes-beloe-suhoe-11,agrolayn-mountain-eagle-pedro-ximenez-pedro-himenes-beloe-suhoe-11_bottom.webp
Mountain Eagle Semillon,белое сухое Mountain Eagle Semillon Агролайн,Семильон,Белое сухое,agrolayn-mountain-eagle-semillon-semilon-beloe-suhoe-11,agrolayn-mountain-eagle-semillon-semilon-beloe-suhoe-11.webp
Mountain Eagle Semillon,белое сухое Mountain Eagle Semillon Агролайн,Семильон,Белое сухое,agrolayn-mountain-eagle-semillon-semilon-beloe-suhoe-11,agrolayn-mountain-eagle-semillon-semilon-beloe-suhoe-11_bottom.webp
Mountain Eagle Sauvignon Blanc,белое сухое Mountain Eagle Sauvignon Blanc Агролайн,Совиньон Блан,Белое сухое,agrolayn-mountain-eagle-sauvignon-blanc-sovinon-blan-beloe-suhoe-125,agrolayn-mountain-eagle-sauvignon-blanc-sovinon-blan-beloe-suhoe-125.webp
Mountain Eagle Sauvignon Blanc,белое сухое Mountain Eagle Sauvignon Blanc Агролайн,Совиньон Блан,Белое сухое,agrolayn-mountain-eagle-sauvignon-blanc-sovinon-blan-beloe-suhoe-125,agrolayn-mountain-eagle-sauvignon-blanc-sovinon-blan-beloe-suhoe-125_bottom.webp
Heritage DG Skin contact Rkatsiteli,красное сухое Heritage DG Skin contact Rkatsiteli Агролайн,Ркацители,Красное сухое,agrolayn-heritage-dg-skin-contact-rkatsiteli-rkatsiteli-krasnoe-suhoe-12,agrolayn-heritage-dg-skin-contact-rkatsiteli-rkatsiteli-krasnoe-suhoe-12.webp
Heritage DG Skin contact Rkatsiteli,красное сухое Heritage DG Skin contact Rkatsiteli Агролайн,Ркацители,Красное сухое,agrolayn-heritage-dg-skin-contact-rkatsiteli-rkatsiteli-krasnoe-suhoe-12,agrolayn-heritage-dg-skin-contact-rkatsiteli-rkatsiteli-krasnoe-suhoe-12_bottom.webp
Mountain Eagle Traminer,белое сухое Mountain Eagle Traminer Агролайн,Траминер,Белое сухое,agrolayn-mountain-eagle-traminer-traminer-beloe-suhoe-12,agrolayn-mountain-eagle-traminer-traminer-beloe-suhoe-12.webp
Mountain Eagle Traminer,белое сухое Mountain Eagle Traminer Агролайн,Траминер,Белое сухое,agrolayn-mountain-eagle-traminer-traminer-beloe-suhoe-12,agrolayn-mountain-eagle-traminer-traminer-beloe-suhoe-12_bottom.webp
Mountain Eagle Saperavi,красное сухое Mountain Eagle Saperavi Агролайн,Саперави,Красное сухое,agrolayn-mountain-eagle-saperavi-saperavi-krasnoe-suhoe-135,agrolayn-mountain-eagle-saperavi-saperavi-krasnoe-suhoe-135.webp
Mountain Eagle Saperavi,красное сухое Mountain Eagle Saperavi Агролайн,Саперави,Красное сухое,agrolayn-mountain-eagle-saperavi-saperavi-krasnoe-suhoe-135,agrolayn-mountain-eagle-saperavi-saperavi-krasnoe-suhoe-135_bottom.webp
Heritage Dg Skin Contact Red,красное сухое Heritage Dg Skin Contact Red Агролайн,Саперави,Красное сухое,agrolayn-heritage-dg-skin-contact-red-saperavi-krasnoe-suhoe-13,agrolayn-heritage-dg-skin-contact-red-saperavi-krasnoe-suhoe-13.webp
Heritage Dg Skin Contact Red,красное сухое Heritage Dg Skin Contact Red Агролайн,Саперави,Красное сухое,agrolayn-heritage-dg-skin-contact-red-saperavi-krasnoe-suhoe-13,agrolayn-heritage-dg-skin-contact-red-saperavi-krasnoe-suhoe-13_bottom.webp
Vexillum Blanc de Noirs,белое брют Vexillum Blanc de Noirs Агролайн,Пино Нуар,Белое брют,agrolayn-vexillum-blanc-de-noirs-pino-nuar-beloe-bryut-12,agrolayn-vexillum-blanc-de-noirs-pino-nuar-beloe-bryut-12.webp
Vexillum Blanc de Noirs,белое брют Vexillum Blanc de Noirs Агролайн,Пино Нуар,Белое брют,agrolayn-vexillum-blanc-de-noirs-pino-nuar-beloe-bryut-12,agrolayn-vexillum-blanc-de-noirs-pino-nuar-beloe-bryut-12_bottom.webp
Mountain Eagle Marselan,красное сухое Mountain Eagle Marselan Агролайн,Марселан,Красное сухое,agrolayn-mountain-eagle-marselan-marselan-krasnoe-suhoe-13,agrolayn-mountain-eagle-marselan-marselan-krasnoe-suhoe-13.webp
Mountain Eagle Marselan,красное сухое Mountain Eagle Marselan Агролайн,Марселан,Красное сухое,agrolayn-mountain-eagle-marselan-marselan-krasnoe-suhoe-13,agrolayn-mountain-eagle-marselan-marselan-krasnoe-suhoe-13_bottom.webp
Mountain Eagle Viognier,белое сухое Mountain Eagle Viognier Агролайн,Вионье,Белое сухое,agrolayn-mountain-eagle-viognier-vione-beloe-suhoe-115,agrolayn-mountain-eagle-viognier-vione-beloe-suhoe-115.webp
Mountain Eagle Viognier,белое сухое Mountain Eagle Viognier Агролайн,Вионье,Белое сухое,agrolayn-mountain-eagle-viognier-vione-beloe-suhoe-115,agrolayn-mountain-eagle-viognier-vione-beloe-suhoe-115_bottom.webp
Vexillum Blanc de Blancs,белое брют Vexillum Blanc de Blancs Агролайн,Шардоне,Белое брют,agrolayn-vexillum-blanc-de-blancs-shardone-beloe-bryut-115,agrolayn-vexillum-blanc-de-blancs-shardone-beloe-bryut-115.webp
Vexillum Blanc de Blancs,белое брют Vexillum Blanc de Blancs Агролайн,Шардоне,Белое брют,agrolayn-vexillum-blanc-de-blancs-shardone-beloe-bryut-115,agrolayn-vexillum-blanc-de-blancs-shardone-beloe-bryut-115_bottom.webp
Mountain Eagle Cabernet Sauvignon,красное сухое Mountain Eagle Cabernet Sauvignon Агролайн,Каберне Совиньон,Красное сухое,agrolayn-mountain-eagle-cabernet-sauvignon-kaberne-sovinon-krasnoe-suhoe-135,agrolayn-mountain-eagle-cabernet-sauvignon-kaberne-sovinon-krasnoe-suhoe-135.webp
Mountain Eagle Cabernet Sauvignon,красное сухое Mountain Eagle Cabernet Sauvignon Агролайн,Каберне Совиньон,Красное сухое,agrolayn-mountain-eagle-cabernet-sauvignon-kaberne-sovinon-krasnoe-suhoe-135,agrolayn-mountain-eagle-cabernet-sauvignon-kaberne-sovinon-krasnoe-suhoe-135_bottom.webp
L'ame du Vin,красное сухое L'ame du Vin Агролайн,Саперави,Красное сухое,agrolayn-lame-du-vin-saperavi-krasnoe-suhoe-13,agrolayn-lame-du-vin-saperavi-krasnoe-suhoe-13.webp
L'ame du Vin,красное сухое L'ame du Vin Агролайн,Саперави,Красное сухое,agrolayn-lame-du-vin-saperavi-krasnoe-suhoe-13,agrolayn-lame-du-vin-saperavi-krasnoe-suhoe-13_bottom.webp
Совиньон Блан Gunko Winery,белое сухое Совиньон Блан Gunko Winery Gunko Winery,Совиньон Блан,Белое сухое,gunko-winery-sovinon-blan-gunko-winery-beloe-suhoe-135,gunko-winery-sovinon-blan-gunko-winery-beloe-suhoe-135.webp
Совиньон Блан Gunko Winery,белое сухое Совиньон Блан Gunko Winery Gunko Winery,Совиньон Блан,Белое сухое,gunko-winery-sovinon-blan-gunko-winery-beloe-suhoe-135,gunko-winery-sovinon-blan-gunko-winery-beloe-suhoe-135_bottom.webp
Heritage DG Skin contact Rkatsiteli,белое сухое Heritage DG Skin contact Rkatsiteli Агролайн,Ркацители,Белое сухое,agrolayn-heritage-dg-skin-contact-rkatsiteli-rkatsiteli-beloe-suhoe-12,agrolayn-heritage-dg-skin-contact-rkatsiteli-rkatsiteli-beloe-suhoe-12.webp
Heritage DG Skin contact Rkatsiteli,белое сухое Heritage DG Skin contact Rkatsiteli Агролайн,Ркацители,Белое сухое,agrolayn-heritage-dg-skin-contact-rkatsiteli-rkatsiteli-beloe-suhoe-12,agrolayn-heritage-dg-skin-contact-rkatsiteli-rkatsiteli-beloe-suhoe-12_bottom.webp
Mountain Eagle Chardonnay,белое сухое Mountain Eagle Chardonnay Агролайн,Шардоне,Белое сухое,agrolayn-mountain-eagle-chardonnay-shardone-beloe-suhoe-12,agrolayn-mountain-eagle-chardonnay-shardone-beloe-suhoe-12.webp
Mountain Eagle Chardonnay,белое сухое Mountain Eagle Chardonnay Агролайн,Шардоне,Белое сухое,agrolayn-mountain-eagle-chardonnay-shardone-beloe-suhoe-12,agrolayn-mountain-eagle-chardonnay-shardone-beloe-suhoe-12_bottom.webp
Саперави Gunko Winery,красное сухое Саперави Gunko Winery Gunko Winery,Саперави,Красное сухое,gunko-winery-saperavi-gunko-winery-krasnoe-suhoe-135,gunko-winery-saperavi-gunko-winery-krasnoe-suhoe-135.webp
Саперави Gunko Winery,красное сухое Саперави Gunko Winery Gunko Winery,Саперави,Красное сухое,gunko-winery-saperavi-gunko-winery-krasnoe-suhoe-135,gunko-winery-saperavi-gunko-winery-krasnoe-suhoe-135_bottom.webp
Рислинг резерв,белое сухое Рислинг резерв Gunko Winery,Рислинг,Белое сухое,gunko-winery-risling-rezerv-beloe-suhoe-135,gunko-winery-risling-rezerv-beloe-suhoe-135.webp
Рислинг резерв,белое сухое Рислинг резерв Gunko Winery,Рислинг,Белое сухое,gunko-winery-risling-rezerv-beloe-suhoe-135,gunko-winery-risling-rezerv-beloe-suhoe-135_bottom.webp
Красные Глины,красное сухое Красные Глины Gunko Winery,Каберне Фран,Красное сухое,gunko-winery-krasnye-gliny-kaberne-fran-krasnoe-suhoe-14,gunko-winery-krasnye-gliny-kaberne-fran-krasnoe-suhoe-14.webp
Красные Глины,красное сухое Красные Глины Gunko Winery,Каберне Фран,Красное сухое,gunko-winery-krasnye-gliny-kaberne-fran-krasnoe-suhoe-14,gunko-winery-krasnye-gliny-kaberne-fran-krasnoe-suhoe-14_bottom.webp
Рислинг,белое сухое Рислинг Gunko Winery,Рислинг,Белое сухое,gunko-winery-risling-beloe-suhoe-135,gunko-winery-risling-beloe-suhoe-135.webp
Рислинг,белое сухое Рислинг Gunko Winery,Рислинг,Белое сухое,gunko-winery-risling-beloe-suhoe-135,gunko-winery-risling-beloe-suhoe-135_bottom.webp
Розе,розовое сухое Розе Gunko Winery,Каберне Фран,Розовое сухое,gunko-winery-roze-kaberne-fran-rozovoe-suhoe-135,gunko-winery-roze-kaberne-fran-rozovoe-suhoe-135.webp
Розе,розовое сухое Розе Gunko Winery,Каберне Фран,Розовое сухое,gunko-winery-roze-kaberne-fran-rozovoe-suhoe-135,gunko-winery-roze-kaberne-fran-rozovoe-suhoe-135_bottom.webp
Monumental брют,белое брют Monumental брют Gunko Winery,Шардоне,Белое брют,gunko-winery-monumental-bryut-shardone-beloe-12,gunko-winery-monumental-bryut-shardone-beloe-12.webp
Monumental брют,белое брют Monumental брют Gunko Winery,Шардоне,Белое брют,gunko-winery-monumental-bryut-shardone-beloe-12,gunko-winery-monumental-bryut-shardone-beloe-12_bottom.webp
Каберне Фран Gunko Winery,красное сухое Каберне Фран Gunko Winery Gunko Winery,Каберне Фран,Красное сухое,gunko-winery-kaberne-fran-gunko-winery-krasnoe-suhoe-135,gunko-winery-kaberne-fran-gunko-winery-krasnoe-suhoe-135.webp
Каберне Фран Gunko Winery,красное сухое Каберне Фран Gunko Winery Gunko Winery,Каберне Фран,Красное сухое,gunko-winery-kaberne-fran-gunko-winery-krasnoe-suhoe-135,gunko-winery-kaberne-fran-gunko-winery-krasnoe-suhoe-135_bottom.webp
Blanc de Blancs,белое брют Blanc de Blancs Gunko Winery,Шардоне,Белое брют,gunko-winery-blanc-de-blancs-shardone-beloe-bryut-12,gunko-winery-blanc-de-blancs-shardone-beloe-bryut-12.webp
Blanc de Blancs,белое брют Blanc de Blancs Gunko Winery,Шардоне,Белое брют,gunko-winery-blanc-de-blancs-shardone-beloe-bryut-12,gunko-winery-blanc-de-blancs-shardone-beloe-bryut-12_bottom.webp
Monumental Саперави,красное сухое Monumental Саперави Gunko Winery,Саперави,Красное сухое,gunko-winery-monumental-saperavi-krasnoe-suhoe-145,gunko-winery-monumental-saperavi-krasnoe-suhoe-145.webp
Monumental Саперави,красное сухое Monumental Саперави Gunko Winery,Саперави,Красное сухое,gunko-winery-monumental-saperavi-krasnoe-suhoe-145,gunko-winery-monumental-saperavi-krasnoe-suhoe-145_bottom.webp
Брют розе,розовое брют Брют розе Gunko Winery,Пино Нуар,Розовое брют,gunko-winery-bryut-roze-pino-nuar-rozovoe-12,gunko-winery-bryut-roze-pino-nuar-rozovoe-12.webp
Брют розе,розовое брют Брют розе Gunko Winery,Пино Нуар,Розовое брют,gunko-winery-bryut-roze-pino-nuar-rozovoe-12,gunko-winery-bryut-roze-pino-nuar-rozovoe-12_bottom.webp
Мерло,красное сухое Мерло Golubitskoe Estate,Мерло,Красное сухое,golubitskoe-estate-merlo-krasnoe-suhoe-135,golubitskoe-estate-merlo-krasnoe-suhoe-135.webp
Мерло,красное сухое Мерло Golubitskoe Estate,Мерло,Красное сухое,golubitskoe-estate-merlo-krasnoe-suhoe-135,golubitskoe-estate-merlo-krasnoe-suhoe-135_bottom.webp
Петнат White,белое сухое Петнат White Golubitskoe Estate,Рислинг Рейнский,Белое сухое,golubitskoe-estate-petnat-white-risling-reynskiy-beloe-suhoe-115,golubitskoe-estate-petnat-white-risling-reynskiy-beloe-suhoe-115.webp
Петнат White,белое сухое Петнат White Golubitskoe Estate,Рислинг Рейнский,Белое сухое,golubitskoe-estate-petnat-white-risling-reynskiy-beloe-suhoe-115,golubitskoe-estate-petnat-white-risling-reynskiy-beloe-suhoe-115_bottom.webp
Рислинг Оранж,оранжевое сухое Рислинг Оранж Golubitskoe Estate,Рислинг Рейнский,Оранжевое сухое,golubitskoe-estate-risling-oranzh-risling-reynskiy-oranzhevoe-suhoe-13,golubitskoe-estate-risling-oranzh-risling-reynskiy-oranzhevoe-suhoe-13.webp
Рислинг Оранж,оранжевое сухое Рислинг Оранж Golubitskoe Estate,Рислинг Рейнский,Оранжевое сухое,golubitskoe-estate-risling-oranzh-risling-reynskiy-oranzhevoe-suhoe-13,golubitskoe-estate-risling-oranzh-risling-reynskiy-oranzhevoe-suhoe-13_bottom.webp
Совиньон Блан,белое сухое Совиньон Блан Golubitskoe Estate,Совиньон Блан,Белое сухое,golubitskoe-estate-sovinon-blan-beloe-suhoe-11,golubitskoe-estate-sovinon-blan-beloe-suhoe-11.webp
Совиньон Блан,белое сухое Совиньон Блан Golubitskoe Estate,Совиньон Блан,Белое сухое,golubitskoe-estate-sovinon-blan-beloe-suhoe-11,golubitskoe-estate-sovinon-blan-beloe-suhoe-11_bottom.webp
Tête de Cheval Zero Dosage Экстра брют,белое экстра брют Tête de Cheval Zero Dosage Экстра брют Golubitskoe Estate,Совиньон Блан,Белое экстра брют,golubitskoe-estate-tte-de-cheval-zero-dosage-ekstra-bryut-sovinon-blan-beloe-12,golubitskoe-estate-tte-de-cheval-zero-dosage-ekstra-bryut-sovinon-blan-beloe-12.webp
Tête de Cheval Zero Dosage Экстра брют,белое экстра брют Tête de Cheval Zero Dosage Экстра брют Golubitskoe Estate,Совиньон Блан,Белое экстра брют,golubitskoe-estate-tte-de-cheval-zero-dosage-ekstra-bryut-sovinon-blan-beloe-12,golubitskoe-estate-tte-de-cheval-zero-dosage-ekstra-bryut-sovinon-blan-beloe-12_bottom.webp
Шардоне Резерв,белое сухое Шардоне Резерв Golubitskoe Estate,Шардоне,Белое сухое,golubitskoe-estate-shardone-rezerv-beloe-suhoe-135,golubitskoe-estate-shardone-rezerv-beloe-suhoe-135.webp
Шардоне Резерв,белое сухое Шардоне Резерв Golubitskoe Estate,Шардоне,Белое сухое,golubitskoe-estate-shardone-rezerv-beloe-suhoe-135,golubitskoe-estate-shardone-rezerv-beloe-suhoe-135_bottom.webp
Каберне Совиньон,красное сухое Каберне Совиньон Golubitskoe Estate,Каберне Совиньон,Красное сухое,golubitskoe-estate-kaberne-sovinon-krasnoe-suhoe-137,golubitskoe-estate-kaberne-sovinon-krasnoe-suhoe-137.webp
Каберне Совиньон,красное сухое Каберне Совиньон Golubitskoe Estate,Каберне Совиньон,Красное сухое,golubitskoe-estate-kaberne-sovinon-krasnoe-suhoe-137,golubitskoe-estate-kaberne-sovinon-krasnoe-suhoe-137_bottom.webp
Winery Series. Розе бленд,розовое сухое Winery Series. Розе бленд Golubitskoe Estate,Каберне Совиньон,Розовое сухое,golubitskoe-estate-winery-series-roze-blend-kaberne-sovinon-rozovoe-suhoe-117,golubitskoe-estate-winery-series-roze-blend-kaberne-sovinon-rozovoe-suhoe-117.webp
Winery Series. Розе бленд,розовое сухое Winery Series. Розе бленд Golubitskoe Estate,Каберне Совиньон,Розовое сухое,golubitskoe-estate-winery-series-roze-blend-kaberne-sovinon-rozovoe-suhoe-117,golubitskoe-estate-winery-series-roze-blend-kaberne-sovinon-rozovoe-suhoe-117_bottom.webp
Пино Нуар Резерв,красное сухое Пино Нуар Резерв Golubitskoe Estate,Пино Нуар,Красное сухое,golubitskoe-estate-pino-nuar-rezerv-krasnoe-suhoe-132,golubitskoe-estate-pino-nuar-rezerv-krasnoe-suhoe-132.webp
Пино Нуар Резерв,красное сухое Пино Нуар Резерв Golubitskoe Estate,Пино Нуар,Красное сухое,golubitskoe-estate-pino-nuar-rezerv-krasnoe-suhoe-132,golubitskoe-estate-pino-nuar-rezerv-krasnoe-suhoe-132_bottom.webp
Мерло Резерв,красное сухое Мерло Резерв Golubitskoe Estate,Мерло,Красное сухое,golubitskoe-estate-merlo-rezerv-krasnoe-suhoe-135,golubitskoe-estate-merlo-rezerv-krasnoe-suhoe-135.webp
Мерло Резерв,красное сухое Мерло Резерв Golubitskoe Estate,Мерло,Красное сухое,golubitskoe-estate-merlo-rezerv-krasnoe-suhoe-135,golubitskoe-estate-merlo-rezerv-krasnoe-suhoe-135_bottom.webp
Tête de Cheval брют,белое брют Tête de Cheval брют Golubitskoe Estate,Рислинг,Белое брют,golubitskoe-estate-tte-de-cheval-bryut-risling-beloe-12,golubitskoe-estate-tte-de-cheval-bryut-risling-beloe-12.webp
Tête de Cheval брют,белое брют Tête de Cheval брют Golubitskoe Estate,Рислинг,Белое брют,golubitskoe-estate-tte-de-cheval-bryut-risling-beloe-12,golubitskoe-estate-tte-de-cheval-bryut-risling-beloe-12_bottom.webp
Tête de Chevall розе,розовое брют Tête de Chevall розе Golubitskoe Estate,Пино Нуар,Розовое брют,golubitskoe-estate-tte-de-chevall-roze-pino-nuar-rozovoe-bryut-12,golubitskoe-estate-tte-de-chevall-roze-pino-nuar-rozovoe-bryut-12.webp
Tête de Chevall розе,розовое брют Tête de Chevall розе Golubitskoe Estate,Пино Нуар,Розовое брют,golubitskoe-estate-tte-de-chevall-roze-pino-nuar-rozovoe-bryut-12,golubitskoe-estate-tte-de-chevall-roze-pino-nuar-rozovoe-bryut-12_bottom.webp
Рислинг,белое сухое Рислинг Golubitskoe Estate,Рислинг,Белое сухое,golubitskoe-estate-risling-beloe-suhoe-125,golubitskoe-estate-risling-beloe-suhoe-125.webp
Рислинг,белое сухое Рислинг Golubitskoe Estate,Рислинг,Белое сухое,golubitskoe-estate-risling-beloe-suhoe-125,golubitskoe-estate-risling-beloe-suhoe-125_bottom.webp
Winery Series. Рислинг Рейнский,белое сухое Winery Series. Рислинг Рейнский Golubitskoe Estate,Рислинг Рейнский,Белое сухое,golubitskoe-estate-winery-series-risling-reynskiy-beloe-suhoe-125,golubitskoe-estate-winery-series-risling-reynskiy-beloe-suhoe-125.webp
Winery Series. Рислинг Рейнский,белое сухое Winery Series. Рислинг Рейнский Golubitskoe Estate,Рислинг Рейнский,Белое сухое,golubitskoe-estate-winery-series-risling-reynskiy-beloe-suhoe-125,golubitskoe-estate-winery-series-risling-reynskiy-beloe-suhoe-125_bottom.webp
Каберне Совиньон Резерв,красное сухое Каберне Совиньон Резерв Golubitskoe Estate,Каберне Совиньон,Красное сухое,golubitskoe-estate-kaberne-sovinon-rezerv-krasnoe-suhoe-125,golubitskoe-estate-kaberne-sovinon-rezerv-krasnoe-suhoe-125.webp
Каберне Совиньон Резерв,красное сухое Каберне Совиньон Резерв Golubitskoe Estate,Каберне Совиньон,Красное сухое,golubitskoe-estate-kaberne-sovinon-rezerv-krasnoe-suhoe-125,golubitskoe-estate-kaberne-sovinon-rezerv-krasnoe-suhoe-125_bottom.webp
Noble Selection White Blend,белое сухое Noble Selection White Blend Golubitskoe Estate,Шардоне,Белое сухое,golubitskoe-estate-noble-selection-white-blend-shardone-beloe-suhoe-135,golubitskoe-estate-noble-selection-white-blend-shardone-beloe-suhoe-135.webp
Noble Selection White Blend,белое сухое Noble Selection White Blend Golubitskoe Estate,Шардоне,Белое сухое,golubitskoe-estate-noble-selection-white-blend-shardone-beloe-suhoe-135,golubitskoe-estate-noble-selection-white-blend-shardone-beloe-suhoe-135_bottom.webp
Tête de Cheval Reserve,белое брют Tête de Cheval Reserve Golubitskoe Estate,Рислинг,Белое брют,golubitskoe-estate-tte-de-cheval-reserve-risling-beloe-bryut-125,golubitskoe-estate-tte-de-cheval-reserve-risling-beloe-bryut-125.webp
Tête de Cheval Reserve,белое брют Tête de Cheval Reserve Golubitskoe Estate,Рислинг,Белое брют,golubitskoe-estate-tte-de-cheval-reserve-risling-beloe-bryut-125,golubitskoe-estate-tte-de-cheval-reserve-risling-beloe-bryut-125_bottom.webp
Red Blend,красное сухое Red Blend Golubitskoe Estate,Каберне Совиньон,Красное сухое,golubitskoe-estate-red-blend-kaberne-sovinon-krasnoe-suhoe-136,golubitskoe-estate-red-blend-kaberne-sovinon-krasnoe-suhoe-136.webp
Red Blend,красное сухое Red Blend Golubitskoe Estate,Каберне Совиньон,Красное сухое,golubitskoe-estate-red-blend-kaberne-sovinon-krasnoe-suhoe-136,golubitskoe-estate-red-blend-kaberne-sovinon-krasnoe-suhoe-136_bottom.webp
Winery Series. Пино Нуар,розовое сухое Winery Series. Пино Нуар Golubitskoe Estate,Пино Нуар,Розовое сухое,golubitskoe-estate-winery-series-pino-nuar-rozovoe-suhoe-115,golubitskoe-estate-winery-series-pino-nuar-rozovoe-suhoe-115.webp
Winery Series. Пино Нуар,розовое сухое Winery Series. Пино Нуар Golubitskoe Estate,Пино Нуар,Розовое сухое,golubitskoe-estate-winery-series-pino-nuar-rozovoe-suhoe-115,golubitskoe-estate-winery-series-pino-nuar-rozovoe-suhoe-115_bottom.webp
Tête de Cheval Blanc de Blancs,белое брют Tête de Cheval Blanc de Blancs Golubitskoe Estate,Шардоне,Белое брют,golubitskoe-estate-tte-de-cheval-blanc-de-blancs-shardone-beloe-bryut-12,golubitskoe-estate-tte-de-cheval-blanc-de-blancs-shardone-beloe-bryut-12.webp
Tête de Cheval Blanc de Blancs,белое брют Tête de Cheval Blanc de Blancs Golubitskoe Estate,Шардоне,Белое брют,golubitskoe-estate-tte-de-cheval-blanc-de-blancs-shardone-beloe-bryut-12,golubitskoe-estate-tte-de-cheval-blanc-de-blancs-shardone-beloe-bryut-12_bottom.webp
Шардоне Noble Selection Barrel Touch,белое сухое Шардоне Noble Selection Barrel Touch Golubitskoe Estate,Шардоне,Белое сухое,golubitskoe-estate-shardone-noble-selection-barrel-touch-beloe-suhoe-135,golubitskoe-estate-shardone-noble-selection-barrel-touch-beloe-suhoe-135.webp
Шардоне Noble Selection Barrel Touch,белое сухое Шардоне Noble Selection Barrel Touch Golubitskoe Estate,Шардоне,Белое сухое,golubitskoe-estate-shardone-noble-selection-barrel-touch-beloe-suhoe-135,golubitskoe-estate-shardone-noble-selection-barrel-touch-beloe-suhoe-135_bottom.webp
Каберне Совиньон Noble Selection,красное сухое Каберне Совиньон Noble Selection Golubitskoe Estate,Каберне Совиньон,Красное сухое,golubitskoe-estate-kaberne-sovinon-noble-selection-krasnoe-suhoe-133,golubitskoe-estate-kaberne-sovinon-noble-selection-krasnoe-suhoe-133.webp
Каберне Совиньон Noble Selection,красное сухое Каберне Совиньон Noble Selection Golubitskoe Estate,Каберне Совиньон,Красное сухое,golubitskoe-estate-kaberne-sovinon-noble-selection-krasnoe-suhoe-133,golubitskoe-estate-kaberne-sovinon-noble-selection-krasnoe-suhoe-133_bottom.webp
Noble Selection Red Blend,красное сухое Noble Selection Red Blend Golubitskoe Estate,Каберне Совиньон,Красное сухое,golubitskoe-estate-noble-selection-red-blend-kaberne-sovinon-krasnoe-suhoe-136,golubitskoe-estate-noble-selection-red-blend-kaberne-sovinon-krasnoe-suhoe-136.webp
Noble Selection Red Blend,красное сухое Noble Selection Red Blend Golubitskoe Estate,Каберне Совиньон,Красное сухое,golubitskoe-estate-noble-selection-red-blend-kaberne-sovinon-krasnoe-suhoe-136,golubitskoe-estate-noble-selection-red-blend-kaberne-sovinon-krasnoe-suhoe-136_bottom.webp
Левокумский,красное сухое Левокумский GAVRAS,Левокумский,Красное сухое,gavras-levokumskiy-krasnoe-suhoe-12,gavras-levokumskiy-krasnoe-suhoe-12.webp
Левокумский,красное сухое Левокумский GAVRAS,Левокумский,Красное сухое,gavras-levokumskiy-krasnoe-suhoe-12,gavras-levokumskiy-krasnoe-suhoe-12_bottom.webp
Chardonnay,белое сухое Chardonnay GAVRAS,Шардоне,Белое сухое,gavras-chardonnay-shardone-beloe-suhoe-13,gavras-chardonnay-shardone-beloe-suhoe-13.webp
Chardonnay,белое сухое Chardonnay GAVRAS,Шардоне,Белое сухое,gavras-chardonnay-shardone-beloe-suhoe-13,gavras-chardonnay-shardone-beloe-suhoe-13_bottom.webp
Masour,розовое сухое Masour GAVRAS,Мурведр,Розовое сухое,gavras-masour-murvedr-rozovoe-suhoe-12,gavras-masour-murvedr-rozovoe-suhoe-12.webp
Masour,розовое сухое Masour GAVRAS,Мурведр,Розовое сухое,gavras-masour-murvedr-rozovoe-suhoe-12,gavras-masour-murvedr-rozovoe-suhoe-12_bottom.webp
Сира,красное сухое Сира GAVRAS,Сира,Красное сухое,gavras-sira-krasnoe-suhoe-135,gavras-sira-krasnoe-suhoe-135.webp
Сира,красное сухое Сира GAVRAS,Сира,Красное сухое,gavras-sira-krasnoe-suhoe-135,gavras-sira-krasnoe-suhoe-135_bottom.webp
Каберне Фран,красное сухое Каберне Фран Ferrum Winery,Каберне Фран,Красное сухое,ferrum-winery-kaberne-fran-krasnoe-suhoe-12,ferrum-winery-kaberne-fran-krasnoe-suhoe-12.webp
Каберне Фран,красное сухое Каберне Фран Ferrum Winery,Каберне Фран,Красное сухое,ferrum-winery-kaberne-fran-krasnoe-suhoe-12,ferrum-winery-kaberne-fran-krasnoe-suhoe-12_bottom.webp
Арени,красное сухое Арени GAVRAS,Арени,Красное сухое,gavras-areni-krasnoe-suhoe-13,gavras-areni-krasnoe-suhoe-13.webp
Арени,красное сухое Арени GAVRAS,Арени,Красное сухое,gavras-areni-krasnoe-suhoe-13,gavras-areni-krasnoe-suhoe-13_bottom.webp
Совиньон Блан Blush,белое сухое Совиньон Блан Blush Ferrum Winery,Совиньон Блан,Белое сухое,ferrum-winery-sovinon-blan-blush-beloe-suhoe-104,ferrum-winery-sovinon-blan-blush-beloe-suhoe-104.webp
Совиньон Блан Blush,белое сухое Совиньон Блан Blush Ferrum Winery,Совиньон Блан,Белое сухое,ferrum-winery-sovinon-blan-blush-beloe-suhoe-104,ferrum-winery-sovinon-blan-blush-beloe-suhoe-104_bottom.webp
Сabernet Sauvignon,красное сухое Сabernet Sauvignon Ferrum Winery,Каберне Совиньон,Красное сухое,ferrum-winery-sabernet-sauvignon-kaberne-sovinon-krasnoe-suhoe-14,ferrum-winery-sabernet-sauvignon-kaberne-sovinon-krasnoe-suhoe-14.webp
Сabernet Sauvignon,красное сухое Сabernet Sauvignon Ferrum Winery,Каберне Совиньон,Красное сухое,ferrum-winery-sabernet-sauvignon-kaberne-sovinon-krasnoe-suhoe-14,ferrum-winery-sabernet-sauvignon-kaberne-sovinon-krasnoe-suhoe-14_bottom.webp
Pinot Noir,розовое сухое Pinot Noir Ferrum Winery,Пино Нуар,Розовое сухое,ferrum-winery-pinot-noir-pino-nuar-rozovoe-suhoe-13,ferrum-winery-pinot-noir-pino-nuar-rozovoe-suhoe-13.webp
Pinot Noir,розовое сухое Pinot Noir Ferrum Winery,Пино Нуар,Розовое сухое,ferrum-winery-pinot-noir-pino-nuar-rozovoe-suhoe-13,ferrum-winery-pinot-noir-pino-nuar-rozovoe-suhoe-13_bottom.webp
Merlot,красное сухое Merlot Ferrum Winery,Мерло,Красное сухое,ferrum-winery-merlot-merlo-krasnoe-suhoe-13,ferrum-winery-merlot-merlo-krasnoe-suhoe-13.webp
Merlot,красное сухое Merlot Ferrum Winery,Мерло,Красное сухое,ferrum-winery-merlot-merlo-krasnoe-suhoe-13,ferrum-winery-merlot-merlo-krasnoe-suhoe-13_bottom.webp
Saperavi,красное сухое Saperavi Ferrum Winery,Саперави,Красное сухое,ferrum-winery-saperavi-saperavi-krasnoe-suhoe-12,ferrum-winery-saperavi-saperavi-krasnoe-suhoe-12.webp
Saperavi,красное сухое Saperavi Ferrum Winery,Саперави,Красное сухое,ferrum-winery-saperavi-saperavi-krasnoe-suhoe-12,ferrum-winery-saperavi-saperavi-krasnoe-suhoe-12_bottom.webp
Сabernet Sauvignon - Cabernet Franc,красное сухое Сabernet Sauvignon - Cabernet Franc Ferrum Winery,Каберне Совиньон,Красное сухое,ferrum-winery-sabernet-sauvignon-cabernet-franc-kaberne-sovinon-krasnoe-suhoe-12,ferrum-winery-sabernet-sauvignon-cabernet-franc-kaberne-sovinon-krasnoe-suhoe-12.webp
Сabernet Sauvignon - Cabernet Franc,красное сухое Сabernet Sauvignon - Cabernet Franc Ferrum Winery,Каберне Совиньон,Красное сухое,ferrum-winery-sabernet-sauvignon-cabernet-franc-kaberne-sovinon-krasnoe-suhoe-12,ferrum-winery-sabernet-sauvignon-cabernet-franc-kaberne-sovinon-krasnoe-suhoe-12_bottom.webp
Пино Нуар брют розе,розовое экстра брют Пино Нуар брют розе Dubinin Winery,Пино Нуар,Розовое экстра брют,dubinin-winery-pino-nuar-bryut-roze-rozovoe-ekstra-bryut-125,dubinin-winery-pino-nuar-bryut-roze-rozovoe-ekstra-bryut-125.webp
Пино Нуар брют розе,розовое экстра брют Пино Нуар брют розе Dubinin Winery,Пино Нуар,Розовое экстра брют,dubinin-winery-pino-nuar-bryut-roze-rozovoe-ekstra-bryut-125,dubinin-winery-pino-nuar-bryut-roze-rozovoe-ekstra-bryut-125_bottom.webp
Совиньон Блан,белое сухое Совиньон Блан Dubinin Winery,Совиньон Блан,Белое сухое,dubinin-winery-sovinon-blan-beloe-suhoe-12,dubinin-winery-sovinon-blan-beloe-suhoe-12.webp
Совиньон Блан,белое сухое Совиньон Блан Dubinin Winery,Совиньон Блан,Белое сухое,dubinin-winery-sovinon-blan-beloe-suhoe-12,dubinin-winery-sovinon-blan-beloe-suhoe-12_bottom.webp
Riesling,белое сухое Riesling Ferrum Winery,Рислинг Рейнский,Белое сухое,ferrum-winery-riesling-risling-reynskiy-beloe-suhoe-11,ferrum-winery-riesling-risling-reynskiy-beloe-suhoe-11.webp
Riesling,белое сухое Riesling Ferrum Winery,Рислинг Рейнский,Белое сухое,ferrum-winery-riesling-risling-reynskiy-beloe-suhoe-11,ferrum-winery-riesling-risling-reynskiy-beloe-suhoe-11_bottom.webp
Apollinary,красное сухое Apollinary Ferrum Winery,Мерло,Красное сухое,ferrum-winery-apollinary-merlo-krasnoe-suhoe-13,ferrum-winery-apollinary-merlo-krasnoe-suhoe-13.webp
Apollinary,красное сухое Apollinary Ferrum Winery,Мерло,Красное сухое,ferrum-winery-apollinary-merlo-krasnoe-suhoe-13,ferrum-winery-apollinary-merlo-krasnoe-suhoe-13_bottom.webp
Саперави фреш,красное сухое Саперави фреш Dubinin Winery,Саперави,Красное сухое,dubinin-winery-saperavi-fresh-krasnoe-suhoe-135,dubinin-winery-saperavi-fresh-krasnoe-suhoe-135.webp
Саперави фреш,красное сухое Саперави фреш Dubinin Winery,Саперави,Красное сухое,dubinin-winery-saperavi-fresh-krasnoe-suhoe-135,dubinin-winery-saperavi-fresh-krasnoe-suhoe-135_bottom.webp
Розе,розовое сухое Розе Dubinin Winery,Каберне Фран,Розовое сухое,dubinin-winery-roze-kaberne-fran-rozovoe-suhoe-13,dubinin-winery-roze-kaberne-fran-rozovoe-suhoe-13.webp
Розе,розовое сухое Розе Dubinin Winery,Каберне Фран,Розовое сухое,dubinin-winery-roze-kaberne-fran-rozovoe-suhoe-13,dubinin-winery-roze-kaberne-fran-rozovoe-suhoe-13_bottom.webp
Мускат. Поместье Трензина,белое сухое Мускат. Поместье Трензина Domaine Lipko,Мускат Белый,Белое сухое,domaine-lipko-muskat-pomeste-trenzina-muskat-belyy-beloe-suhoe-119,domaine-lipko-muskat-pomeste-trenzina-muskat-belyy-beloe-suhoe-119.webp
Мускат. Поместье Трензина,белое сухое Мускат. Поместье Трензина Domaine Lipko,Мускат Белый,Белое сухое,domaine-lipko-muskat-pomeste-trenzina-muskat-belyy-beloe-suhoe-119,domaine-lipko-muskat-pomeste-trenzina-muskat-belyy-beloe-suhoe-119_bottom.webp
Не найдено,Не найдено,,,domaine-lipko-kaberne-sovinon-merlo-pomeste-trenzina-krasnoe-suhoe-15,domaine-lipko-kaberne-sovinon-merlo-pomeste-trenzina-krasnoe-suhoe-15.webp
Не найдено,Не найдено,,,domaine-lipko-kaberne-sovinon-merlo-pomeste-trenzina-krasnoe-suhoe-15,domaine-lipko-kaberne-sovinon-merlo-pomeste-trenzina-krasnoe-suhoe-15_bottom.webp
ÐÑ Ð¾Ð±Ð½Ð¾Ð²Ð»ÑÐµÐ¼ ÑÐ°Ð¹Ñ Ð´Ð»Ñ Ð²Ð°Ñ!,Не найдено,,,dubinin-winery-risling-beloe-suhoe-12,dubinin-winery-risling-beloe-suhoe-12.webp
ÐÑ Ð¾Ð±Ð½Ð¾Ð²Ð»ÑÐµÐ¼ ÑÐ°Ð¹Ñ Ð´Ð»Ñ Ð²Ð°Ñ!,Не найдено,,,dubinin-winery-risling-beloe-suhoe-12,dubinin-winery-risling-beloe-suhoe-12_bottom.webp
Мерло розе,розовое сухое Мерло розе Dubinin Winery,Мерло,Розовое сухое,dubinin-winery-merlo-roze-rozovoe-suhoe-125,dubinin-winery-merlo-roze-rozovoe-suhoe-125.webp
Мерло розе,розовое сухое Мерло розе Dubinin Winery,Мерло,Розовое сухое,dubinin-winery-merlo-roze-rozovoe-suhoe-125,dubinin-winery-merlo-roze-rozovoe-suhoe-125_bottom.webp
Розе Сира,розовое сухое Розе Сира Domaine Lipko,Сира,Розовое сухое,domaine-lipko-roze-sira-rozovoe-suhoe-135,domaine-lipko-roze-sira-rozovoe-suhoe-135.webp
Розе Сира,розовое сухое Розе Сира Domaine Lipko,Сира,Розовое сухое,domaine-lipko-roze-sira-rozovoe-suhoe-135,domaine-lipko-roze-sira-rozovoe-suhoe-135_bottom.webp
Рислинг,белое полусухое Рислинг Domaine Lipko,Рислинг,Белое полусухое,domaine-lipko-risling-beloe-polusuhoe-124,domaine-lipko-risling-beloe-polusuhoe-124.webp
Рислинг,белое полусухое Рислинг Domaine Lipko,Рислинг,Белое полусухое,domaine-lipko-risling-beloe-polusuhoe-124,domaine-lipko-risling-beloe-polusuhoe-124_bottom.webp
Блауфранкиш,красное сухое Блауфранкиш Domaine Lipko,Блауфранкиш,Красное сухое,domaine-lipko-blaufrankish-krasnoe-suhoe-126,domaine-lipko-blaufrankish-krasnoe-suhoe-126.webp
Блауфранкиш,красное сухое Блауфранкиш Domaine Lipko,Блауфранкиш,Красное сухое,domaine-lipko-blaufrankish-krasnoe-suhoe-126,domaine-lipko-blaufrankish-krasnoe-suhoe-126_bottom.webp
Sauvignon Blanc Domaine Lipko,белое сухое Sauvignon Blanc Domaine Lipko Domaine Lipko,Совиньон Блан,Белое сухое,domaine-lipko-sauvignon-blanc-domaine-lipko-sovinon-blan-beloe-suhoe-118,domaine-lipko-sauvignon-blanc-domaine-lipko-sovinon-blan-beloe-suhoe-118.webp
Sauvignon Blanc Domaine Lipko,белое сухое Sauvignon Blanc Domaine Lipko Domaine Lipko,Совиньон Блан,Белое сухое,domaine-lipko-sauvignon-blanc-domaine-lipko-sovinon-blan-beloe-suhoe-118,domaine-lipko-sauvignon-blanc-domaine-lipko-sovinon-blan-beloe-suhoe-118_bottom.webp
Petit Verdot Domaine Lipko,красное сухое Petit Verdot Domaine Lipko Domaine Lipko,Пти Вердо,Красное сухое,domaine-lipko-petit-verdot-domaine-lipko-pti-verdo-krasnoe-suhoe-14,domaine-lipko-petit-verdot-domaine-lipko-pti-verdo-krasnoe-suhoe-14.webp
Petit Verdot Domaine Lipko,красное сухое Petit Verdot Domaine Lipko Domaine Lipko,Пти Вердо,Красное сухое,domaine-lipko-petit-verdot-domaine-lipko-pti-verdo-krasnoe-suhoe-14,domaine-lipko-petit-verdot-domaine-lipko-pti-verdo-krasnoe-suhoe-14_bottom.webp
Riesling M Domaine Lipko,белое сухое Riesling M Domaine Lipko Domaine Lipko,Рислинг,Белое сухое,domaine-lipko-riesling-m-domaine-lipko-risling-beloe-suhoe-102,domaine-lipko-riesling-m-domaine-lipko-risling-beloe-suhoe-102.webp
Riesling M Domaine Lipko,белое сухое Riesling M Domaine Lipko Domaine Lipko,Рислинг,Белое сухое,domaine-lipko-riesling-m-domaine-lipko-risling-beloe-suhoe-102,domaine-lipko-riesling-m-domaine-lipko-risling-beloe-suhoe-102_bottom.webp
White Blend,белое полусухое White Blend Domaine Lipko,Мускат,Белое полусухое,domaine-lipko-white-blend-muskat-beloe-polusuhoe-12,domaine-lipko-white-blend-muskat-beloe-polusuhoe-12.webp
White Blend,белое полусухое White Blend Domaine Lipko,Мускат,Белое полусухое,domaine-lipko-white-blend-muskat-beloe-polusuhoe-12,domaine-lipko-white-blend-muskat-beloe-polusuhoe-12_bottom.webp
Syrah Domaine Lipko,красное сухое Syrah Domaine Lipko Domaine Lipko,Сира,Красное сухое,domaine-lipko-syrah-domaine-lipko-sira-krasnoe-suhoe-14,domaine-lipko-syrah-domaine-lipko-sira-krasnoe-suhoe-14.webp
Syrah Domaine Lipko,красное сухое Syrah Domaine Lipko Domaine Lipko,Сира,Красное сухое,domaine-lipko-syrah-domaine-lipko-sira-krasnoe-suhoe-14,domaine-lipko-syrah-domaine-lipko-sira-krasnoe-suhoe-14_bottom.webp
White Blend Lipko,белое полусухое White Blend Lipko Domaine Lipko,Мускат Белый,Белое полусухое,domaine-lipko-white-blend-lipko-muskat-belyy-beloe-polusuhoe-115,domaine-lipko-white-blend-lipko-muskat-belyy-beloe-polusuhoe-115.webp
White Blend Lipko,белое полусухое White Blend Lipko Domaine Lipko,Мускат Белый,Белое полусухое,domaine-lipko-white-blend-lipko-muskat-belyy-beloe-polusuhoe-115,domaine-lipko-white-blend-lipko-muskat-belyy-beloe-polusuhoe-115_bottom.webp
Penpalo Каберне Совиньон,красное сухое Penpalo Каберне Совиньон Domaine Lipko,Каберне Совиньон,Красное сухое,domaine-lipko-penpalo-kaberne-sovinon-krasnoe-suhoe-14,domaine-lipko-penpalo-kaberne-sovinon-krasnoe-suhoe-14.webp
Penpalo Каберне Совиньон,красное сухое Penpalo Каберне Совиньон Domaine Lipko,Каберне Совиньон,Красное сухое,domaine-lipko-penpalo-kaberne-sovinon-krasnoe-suhoe-14,domaine-lipko-penpalo-kaberne-sovinon-krasnoe-suhoe-14_bottom.webp
Blaufrankisch Domaine Lipko,красное сухое Blaufrankisch Domaine Lipko Domaine Lipko,Блауфранкиш,Красное сухое,domaine-lipko-blaufrankisch-domaine-lipko-blaufrankish-krasnoe-suhoe-136,domaine-lipko-blaufrankisch-domaine-lipko-blaufrankish-krasnoe-suhoe-136.webp
Blaufrankisch Domaine Lipko,красное сухое Blaufrankisch Domaine Lipko Domaine Lipko,Блауфранкиш,Красное сухое,domaine-lipko-blaufrankisch-domaine-lipko-blaufrankish-krasnoe-suhoe-136,domaine-lipko-blaufrankisch-domaine-lipko-blaufrankish-krasnoe-suhoe-136_bottom.webp
Penpalo Chardonnay Domaine Lipko,белое сухое Penpalo Chardonnay Domaine Lipko Domaine Lipko,Шардоне,Белое сухое,domaine-lipko-penpalo-chardonnay-domaine-lipko-shardone-beloe-suhoe-122,domaine-lipko-penpalo-chardonnay-domaine-lipko-shardone-beloe-suhoe-122.webp
Penpalo Chardonnay Domaine Lipko,белое сухое Penpalo Chardonnay Domaine Lipko Domaine Lipko,Шардоне,Белое сухое,domaine-lipko-penpalo-chardonnay-domaine-lipko-shardone-beloe-suhoe-122,domaine-lipko-penpalo-chardonnay-domaine-lipko-shardone-beloe-suhoe-122_bottom.webp
Pinot Noir Domaine Lipko,красное сухое Pinot Noir Domaine Lipko Domaine Lipko,Пино Нуар,Красное сухое,domaine-lipko-pinot-noir-domaine-lipko-pino-nuar-krasnoe-suhoe-133,domaine-lipko-pinot-noir-domaine-lipko-pino-nuar-krasnoe-suhoe-133.webp
Pinot Noir Domaine Lipko,красное сухое Pinot Noir Domaine Lipko Domaine Lipko,Пино Нуар,Красное сухое,domaine-lipko-pinot-noir-domaine-lipko-pino-nuar-krasnoe-suhoe-133,domaine-lipko-pinot-noir-domaine-lipko-pino-nuar-krasnoe-suhoe-133_bottom.webp
Penpalo Cabernet Sauvignon Domaine Lipko,красное сухое Penpalo Cabernet Sauvignon Domaine Lipko Domaine Lipko,Каберне Совиньон,Красное сухое,domaine-lipko-penpalo-cabernet-sauvignon-domaine-lipko-kaberne-sovinon-krasnoe-suhoe-14,domaine-lipko-penpalo-cabernet-sauvignon-domaine-lipko-kaberne-sovinon-krasnoe-suhoe-14.webp
Penpalo Cabernet Sauvignon Domaine Lipko,красное сухое Penpalo Cabernet Sauvignon Domaine Lipko Domaine Lipko,Каберне Совиньон,Красное сухое,domaine-lipko-penpalo-cabernet-sauvignon-domaine-lipko-kaberne-sovinon-krasnoe-suhoe-14,domaine-lipko-penpalo-cabernet-sauvignon-domaine-lipko-kaberne-sovinon-krasnoe-suhoe-14_bottom.webp
Сибирьковый фреш,белое сухое Сибирьковый фреш Domaine de la Vivandiere,Сибирьковый,Белое сухое,domaine-de-la-vivandiere-sibirkovyy-fresh-beloe-suhoe-125,domaine-de-la-vivandiere-sibirkovyy-fresh-beloe-suhoe-125.webp
Сибирьковый фреш,белое сухое Сибирьковый фреш Domaine de la Vivandiere,Сибирьковый,Белое сухое,domaine-de-la-vivandiere-sibirkovyy-fresh-beloe-suhoe-125,domaine-de-la-vivandiere-sibirkovyy-fresh-beloe-suhoe-125_bottom.webp
VN белое,белое сухое VN белое Domaine de la Vivandiere,Алиготе,Белое сухое,domaine-de-la-vivandiere-vn-beloe-aligote-suhoe-131,domaine-de-la-vivandiere-vn-beloe-aligote-suhoe-131.webp
VN белое,белое сухое VN белое Domaine de la Vivandiere,Алиготе,Белое сухое,domaine-de-la-vivandiere-vn-beloe-aligote-suhoe-131,domaine-de-la-vivandiere-vn-beloe-aligote-suhoe-131_bottom.webp
Цимлянский чёрный Côtes du Don,розовое сухое Цимлянский чёрный Côtes du Don Domaine de la Vivandiere,Цимлянский черный,Розовое сухое,domaine-de-la-vivandiere-tsimlyanskiy-chyornyy-ctes-du-don-tsimlyanskiy-chernyy-rozovoe-suhoe-134,domaine-de-la-vivandiere-tsimlyanskiy-chyornyy-ctes-du-don-tsimlyanskiy-chernyy-rozovoe-suhoe-134.webp
Цимлянский чёрный Côtes du Don,розовое сухое Цимлянский чёрный Côtes du Don Domaine de la Vivandiere,Цимлянский черный,Розовое сухое,domaine-de-la-vivandiere-tsimlyanskiy-chyornyy-ctes-du-don-tsimlyanskiy-chernyy-rozovoe-suhoe-134,domaine-de-la-vivandiere-tsimlyanskiy-chyornyy-ctes-du-don-tsimlyanskiy-chernyy-rozovoe-suhoe-134_bottom.webp
Красностоп розе,розовое сухое Красностоп розе Domaine de la Vivandiere,Красностоп,Розовое сухое,domaine-de-la-vivandiere-krasnostop-roze-rozovoe-suhoe-134,domaine-de-la-vivandiere-krasnostop-roze-rozovoe-suhoe-134.webp
Красностоп розе,розовое сухое Красностоп розе Domaine de la Vivandiere,Красностоп,Розовое сухое,domaine-de-la-vivandiere-krasnostop-roze-rozovoe-suhoe-134,domaine-de-la-vivandiere-krasnostop-roze-rozovoe-suhoe-134_bottom.webp
Пино Нуар розе,розовое сухое Пино Нуар розе Domaine de la Vivandiere,Пино Нуар,Розовое сухое,domaine-de-la-vivandiere-pino-nuar-roze-rozovoe-suhoe-122,domaine-de-la-vivandiere-pino-nuar-roze-rozovoe-suhoe-122.webp
Пино Нуар розе,розовое сухое Пино Нуар розе Domaine de la Vivandiere,Пино Нуар,Розовое сухое,domaine-de-la-vivandiere-pino-nuar-roze-rozovoe-suhoe-122,domaine-de-la-vivandiere-pino-nuar-roze-rozovoe-suhoe-122_bottom.webp
Рислинг,белое сухое Рислинг Domaine de la Vivandiere,Рислинг,Белое сухое,domaine-de-la-vivandiere-risling-beloe-suhoe-122,domaine-de-la-vivandiere-risling-beloe-suhoe-122.webp
Рислинг,белое сухое Рислинг Domaine de la Vivandiere,Рислинг,Белое сухое,domaine-de-la-vivandiere-risling-beloe-suhoe-122,domaine-de-la-vivandiere-risling-beloe-suhoe-122_bottom.webp
Алкомишка,красное сухое Алкомишка Domaine de la Vivandiere,Мальбек,Красное сухое,domaine-de-la-vivandiere-alkomishka-malbek-krasnoe-suhoe-123,domaine-de-la-vivandiere-alkomishka-malbek-krasnoe-suhoe-123.webp
Алкомишка,красное сухое Алкомишка Domaine de la Vivandiere,Мальбек,Красное сухое,domaine-de-la-vivandiere-alkomishka-malbek-krasnoe-suhoe-123,domaine-de-la-vivandiere-alkomishka-malbek-krasnoe-suhoe-123_bottom.webp
Malbec Vivandiere розе,розовое сухое Malbec Vivandiere розе Domaine de la Vivandiere,Мальбек,Розовое сухое,domaine-de-la-vivandiere-malbec-vivandiere-roze-malbek-rozovoe-suhoe-125,domaine-de-la-vivandiere-malbec-vivandiere-roze-malbek-rozovoe-suhoe-125.webp
Malbec Vivandiere розе,розовое сухое Malbec Vivandiere розе Domaine de la Vivandiere,Мальбек,Розовое сухое,domaine-de-la-vivandiere-malbec-vivandiere-roze-malbek-rozovoe-suhoe-125,domaine-de-la-vivandiere-malbec-vivandiere-roze-malbek-rozovoe-suhoe-125_bottom.webp
Vn красное,красное сухое Vn красное Domaine de la Vivandiere,Пино Нуар,Красное сухое,domaine-de-la-vivandiere-vn-krasnoe-pino-nuar-suhoe-12,domaine-de-la-vivandiere-vn-krasnoe-pino-nuar-suhoe-12.webp
Vn красное,красное сухое Vn красное Domaine de la Vivandiere,Пино Нуар,Красное сухое,domaine-de-la-vivandiere-vn-krasnoe-pino-nuar-suhoe-12,domaine-de-la-vivandiere-vn-krasnoe-pino-nuar-suhoe-12_bottom.webp
Сенсо розе,розовое сухое Сенсо розе Domaine de la Vivandiere,Сенсо,Розовое сухое,domaine-de-la-vivandiere-senso-roze-rozovoe-suhoe-126,domaine-de-la-vivandiere-senso-roze-rozovoe-suhoe-126.webp
Сенсо розе,розовое сухое Сенсо розе Domaine de la Vivandiere,Сенсо,Розовое сухое,domaine-de-la-vivandiere-senso-roze-rozovoe-suhoe-126,domaine-de-la-vivandiere-senso-roze-rozovoe-suhoe-126_bottom.webp
Сибирьковый sur lies,белое сухое Сибирьковый sur lies Domaine de la Vivandiere,Сибирьковый,Белое сухое,domaine-de-la-vivandiere-sibirkovyy-sur-lies-beloe-suhoe-121,domaine-de-la-vivandiere-sibirkovyy-sur-lies-beloe-suhoe-121.webp
Сибирьковый sur lies,белое сухое Сибирьковый sur lies Domaine de la Vivandiere,Сибирьковый,Белое сухое,domaine-de-la-vivandiere-sibirkovyy-sur-lies-beloe-suhoe-121,domaine-de-la-vivandiere-sibirkovyy-sur-lies-beloe-suhoe-121_bottom.webp
Ассамбляж,розовое сухое Ассамбляж Denisov Winery,Рубин Голодриги,Розовое сухое,denisov-winery-assamblyazh-rubin-golodrigi-rozovoe-suhoe-12,denisov-winery-assamblyazh-rubin-golodrigi-rozovoe-suhoe-12.webp
Ассамбляж,розовое сухое Ассамбляж Denisov Winery,Рубин Голодриги,Розовое сухое,denisov-winery-assamblyazh-rubin-golodrigi-rozovoe-suhoe-12,denisov-winery-assamblyazh-rubin-golodrigi-rozovoe-suhoe-12_bottom.webp
Ркацители,белое сухое Ркацители Denisov Winery,Ркацители,Белое сухое,denisov-winery-rkatsiteli-beloe-suhoe-112,denisov-winery-rkatsiteli-beloe-suhoe-112.webp
Ркацители,белое сухое Ркацители Denisov Winery,Ркацители,Белое сухое,denisov-winery-rkatsiteli-beloe-suhoe-112,denisov-winery-rkatsiteli-beloe-suhoe-112_bottom.webp
Цитрон,белое сухое Цитрон Denisov Winery,Цитронный Магарача,Белое сухое,denisov-winery-tsitron-tsitronnyy-magaracha-beloe-suhoe-112,denisov-winery-tsitron-tsitronnyy-magaracha-beloe-suhoe-112.webp
Цитрон,белое сухое Цитрон Denisov Winery,Цитронный Магарача,Белое сухое,denisov-winery-tsitron-tsitronnyy-magaracha-beloe-suhoe-112,denisov-winery-tsitron-tsitronnyy-magaracha-beloe-suhoe-112_bottom.webp
Цитрон оранж,оранжевое сухое Цитрон оранж Denisov Winery,Цитронный Магарача,Оранжевое сухое,denisov-winery-tsitron-oranzh-tsitronnyy-magaracha-oranzhevoe-suhoe-105,denisov-winery-tsitron-oranzh-tsitronnyy-magaracha-oranzhevoe-suhoe-105.webp
Цитрон оранж,оранжевое сухое Цитрон оранж Denisov Winery,Цитронный Магарача,Оранжевое сухое,denisov-winery-tsitron-oranzh-tsitronnyy-magaracha-oranzhevoe-suhoe-105,denisov-winery-tsitron-oranzh-tsitronnyy-magaracha-oranzhevoe-suhoe-105_bottom.webp
Петнат Рислинг,белое экстра брют Петнат Рислинг Denisov Winery,Рислинг,Белое экстра брют,denisov-winery-petnat-risling-beloe-ekstra-bryut-10,denisov-winery-petnat-risling-beloe-ekstra-bryut-10.webp
Петнат Рислинг,белое экстра брют Петнат Рислинг Denisov Winery,Рислинг,Белое экстра брют,denisov-winery-petnat-risling-beloe-ekstra-bryut-10,denisov-winery-petnat-risling-beloe-ekstra-bryut-10_bottom.webp
Петнат Саперави Северный,розовое экстра брют Петнат Саперави Северный Denisov Winery,Саперави Северный,Розовое экстра брют,denisov-winery-petnat-saperavi-severnyy-rozovoe-ekstra-bryut-105,denisov-winery-petnat-saperavi-severnyy-rozovoe-ekstra-bryut-105.webp
Петнат Саперави Северный,розовое экстра брют Петнат Саперави Северный Denisov Winery,Саперави Северный,Розовое экстра брют,denisov-winery-petnat-saperavi-severnyy-rozovoe-ekstra-bryut-105,denisov-winery-petnat-saperavi-severnyy-rozovoe-ekstra-bryut-105_bottom.webp
Петнат Ркацители,белое экстра брют Петнат Ркацители Denisov Winery,Ркацители,Белое экстра брют,denisov-winery-petnat-rkatsiteli-beloe-ekstra-bryut-107,denisov-winery-petnat-rkatsiteli-beloe-ekstra-bryut-107.webp
Петнат Ркацители,белое экстра брют Петнат Ркацители Denisov Winery,Ркацители,Белое экстра брют,denisov-winery-petnat-rkatsiteli-beloe-ekstra-bryut-107,denisov-winery-petnat-rkatsiteli-beloe-ekstra-bryut-107_bottom.webp
Пино Нуар,розовое сухое Пино Нуар Denisov Winery,Пино Нуар,Розовое сухое,denisov-winery-pino-nuar-rozovoe-suhoe-125,denisov-winery-pino-nuar-rozovoe-suhoe-125.webp
Пино Нуар,розовое сухое Пино Нуар Denisov Winery,Пино Нуар,Розовое сухое,denisov-winery-pino-nuar-rozovoe-suhoe-125,denisov-winery-pino-nuar-rozovoe-suhoe-125_bottom.webp
Пино Нуар - Шардоне экстра брют,белое экстра брют Пино Нуар - Шардоне экстра брют Denisov Winery,Пино Нуар,Белое экстра брют,denisov-winery-pino-nuar-shardone-ekstra-bryut-beloe-125,denisov-winery-pino-nuar-shardone-ekstra-bryut-beloe-125.webp
Пино Нуар - Шардоне экстра брют,белое экстра брют Пино Нуар - Шардоне экстра брют Denisov Winery,Пино Нуар,Белое экстра брют,denisov-winery-pino-nuar-shardone-ekstra-bryut-beloe-125,denisov-winery-pino-nuar-shardone-ekstra-bryut-beloe-125_bottom.webp
Петнат Цитрон - Рислинг,белое экстра брют Петнат Цитрон - Рислинг Denisov Winery,Цитронный Магарача,Белое экстра брют,denisov-winery-petnat-tsitron-risling-tsitronnyy-magaracha-beloe-ekstra-bryut-102,denisov-winery-petnat-tsitron-risling-tsitronnyy-magaracha-beloe-ekstra-bryut-102.webp
Петнат Цитрон - Рислинг,белое экстра брют Петнат Цитрон - Рислинг Denisov Winery,Цитронный Магарача,Белое экстра брют,denisov-winery-petnat-tsitron-risling-tsitronnyy-magaracha-beloe-ekstra-bryut-102,denisov-winery-petnat-tsitron-risling-tsitronnyy-magaracha-beloe-ekstra-bryut-102_bottom.webp
Кюве №2 Блан Де Нуар,белое экстра брют Кюве №2 Блан Де Нуар Cock t'est belle,Пино Менье,Белое экстра брют,cock-test-belle-kyuve-2-blan-de-nuar-pino-mene-beloe-ekstra-bryut-12,cock-test-belle-kyuve-2-blan-de-nuar-pino-mene-beloe-ekstra-bryut-12.webp
Кюве №2 Блан Де Нуар,белое экстра брют Кюве №2 Блан Де Нуар Cock t'est belle,Пино Менье,Белое экстра брют,cock-test-belle-kyuve-2-blan-de-nuar-pino-mene-beloe-ekstra-bryut-12,cock-test-belle-kyuve-2-blan-de-nuar-pino-mene-beloe-ekstra-bryut-12_bottom.webp
Кюве №1. Blanc de Blancs,белое экстра брют Кюве №1. Blanc de Blancs Cock t'est belle,Шардоне,Белое экстра брют,cock-test-belle-kyuve-1-blanc-de-blancs-shardone-beloe-ekstra-bryut-12,cock-test-belle-kyuve-1-blanc-de-blancs-shardone-beloe-ekstra-bryut-12.webp
Кюве №1. Blanc de Blancs,белое экстра брют Кюве №1. Blanc de Blancs Cock t'est belle,Шардоне,Белое экстра брют,cock-test-belle-kyuve-1-blanc-de-blancs-shardone-beloe-ekstra-bryut-12,cock-test-belle-kyuve-1-blanc-de-blancs-shardone-beloe-ekstra-bryut-12_bottom.webp
Рислинг,белое сухое Рислинг Denisov Winery,Рислинг,Белое сухое,denisov-winery-risling-beloe-suhoe-115,denisov-winery-risling-beloe-suhoe-115.webp
Рислинг,белое сухое Рислинг Denisov Winery,Рислинг,Белое сухое,denisov-winery-risling-beloe-suhoe-115,denisov-winery-risling-beloe-suhoe-115_bottom.webp
Совиньон Блан,белое сухое Совиньон Блан Denisov Winery,Совиньон Блан,Белое сухое,denisov-winery-sovinon-blan-beloe-suhoe-115,denisov-winery-sovinon-blan-beloe-suhoe-115.webp
Совиньон Блан,белое сухое Совиньон Блан Denisov Winery,Совиньон Блан,Белое сухое,denisov-winery-sovinon-blan-beloe-suhoe-115,denisov-winery-sovinon-blan-beloe-suhoe-115_bottom.webp
Кюве №5. Розе,розовое экстра брют Кюве №5. Розе Cock t'est belle,Шардоне,Розовое экстра брют,cock-test-belle-kyuve-5-roze-shardone-rozovoe-ekstra-bryut-12,cock-test-belle-kyuve-5-roze-shardone-rozovoe-ekstra-bryut-12.webp
Кюве №5. Розе,розовое экстра брют Кюве №5. Розе Cock t'est belle,Шардоне,Розовое экстра брют,cock-test-belle-kyuve-5-roze-shardone-rozovoe-ekstra-bryut-12,cock-test-belle-kyuve-5-roze-shardone-rozovoe-ekstra-bryut-12_bottom.webp
Розе,розовое сухое Розе Chateau de Talu,Каберне Совиньон,Розовое сухое,chateau-de-talu-roze-kaberne-sovinon-rozovoe-suhoe-14,chateau-de-talu-roze-kaberne-sovinon-rozovoe-suhoe-14.webp
Розе,розовое сухое Розе Chateau de Talu,Каберне Совиньон,Розовое сухое,chateau-de-talu-roze-kaberne-sovinon-rozovoe-suhoe-14,chateau-de-talu-roze-kaberne-sovinon-rozovoe-suhoe-14_bottom.webp
Южная Вертикаль Каберне Фран,красное сухое Южная Вертикаль Каберне Фран Chateau de Talu,Каберне Фран,Красное сухое,chateau-de-talu-yuzhnaya-vertikal-kaberne-fran-krasnoe-suhoe-142,chateau-de-talu-yuzhnaya-vertikal-kaberne-fran-krasnoe-suhoe-142.webp
Южная Вертикаль Каберне Фран,красное сухое Южная Вертикаль Каберне Фран Chateau de Talu,Каберне Фран,Красное сухое,chateau-de-talu-yuzhnaya-vertikal-kaberne-fran-krasnoe-suhoe-142,chateau-de-talu-yuzhnaya-vertikal-kaberne-fran-krasnoe-suhoe-142_bottom.webp
Клере,розовое сухое Клере Chateau de Talu,Сира,Розовое сухое,chateau-de-talu-klere-sira-rozovoe-suhoe-136,chateau-de-talu-klere-sira-rozovoe-suhoe-136.webp
Клере,розовое сухое Клере Chateau de Talu,Сира,Розовое сухое,chateau-de-talu-klere-sira-rozovoe-suhoe-136,chateau-de-talu-klere-sira-rozovoe-suhoe-136_bottom.webp
Мускат,белое сухое Мускат Chateau de Talu,Мускат,Белое сухое,chateau-de-talu-muskat-beloe-suhoe-13,chateau-de-talu-muskat-beloe-suhoe-13.webp
Мускат,белое сухое Мускат Chateau de Talu,Мускат,Белое сухое,chateau-de-talu-muskat-beloe-suhoe-13,chateau-de-talu-muskat-beloe-suhoe-13_bottom.webp
Южная Вертикаль Каберне Фран премиум,красное сухое Южная Вертикаль Каберне Фран премиум Chateau de Talu,Каберне Фран,Красное сухое,chateau-de-talu-yuzhnaya-vertikal-kaberne-fran-premium-krasnoe-suhoe-143,chateau-de-talu-yuzhnaya-vertikal-kaberne-fran-premium-krasnoe-suhoe-143.webp
Южная Вертикаль Каберне Фран премиум,красное сухое Южная Вертикаль Каберне Фран премиум Chateau de Talu,Каберне Фран,Красное сухое,chateau-de-talu-yuzhnaya-vertikal-kaberne-fran-premium-krasnoe-suhoe-143,chateau-de-talu-yuzhnaya-vertikal-kaberne-fran-premium-krasnoe-suhoe-143_bottom.webp
Уроки французского. Красностоп,красное сухое Уроки французского. Красностоп Chateau de Talu,Красностоп Анапский,Красное сухое,chateau-de-talu-uroki-frantsuzskogo-krasnostop-krasnostop-anapskiy-krasnoe-suhoe-145,chateau-de-talu-uroki-frantsuzskogo-krasnostop-krasnostop-anapskiy-krasnoe-suhoe-145.webp
Уроки французского. Красностоп,красное сухое Уроки французского. Красностоп Chateau de Talu,Красностоп Анапский,Красное сухое,chateau-de-talu-uroki-frantsuzskogo-krasnostop-krasnostop-anapskiy-krasnoe-suhoe-145,chateau-de-talu-uroki-frantsuzskogo-krasnostop-krasnostop-anapskiy-krasnoe-suhoe-145_bottom.webp
Уроки французского. Мерло,красное сухое Уроки французского. Мерло Chateau de Talu,Мерло,Красное сухое,chateau-de-talu-uroki-frantsuzskogo-merlo-krasnoe-suhoe-147,chateau-de-talu-uroki-frantsuzskogo-merlo-krasnoe-suhoe-147.webp
Уроки французского. Мерло,красное сухое Уроки французского. Мерло Chateau de Talu,Мерло,Красное сухое,chateau-de-talu-uroki-frantsuzskogo-merlo-krasnoe-suhoe-147,chateau-de-talu-uroki-frantsuzskogo-merlo-krasnoe-suhoe-147_bottom.webp
Уроки французского. Каберне Совиньон,красное сухое Уроки французского. Каберне Совиньон Chateau de Talu,Каберне Совиньон,Красное сухое,chateau-de-talu-uroki-frantsuzskogo-kaberne-sovinon-krasnoe-suhoe-14,chateau-de-talu-uroki-frantsuzskogo-kaberne-sovinon-krasnoe-suhoe-14.webp
Уроки французского. Каберне Совиньон,красное сухое Уроки французского. Каберне Совиньон Chateau de Talu,Каберне Совиньон,Красное сухое,chateau-de-talu-uroki-frantsuzskogo-kaberne-sovinon-krasnoe-suhoe-14,chateau-de-talu-uroki-frantsuzskogo-kaberne-sovinon-krasnoe-suhoe-14_bottom.webp
Южная Вертикаль. Каберне Фран Резерв,красное сухое Южная Вертикаль. Каберне Фран Резерв Chateau de Talu,Каберне Фран,Красное сухое,chateau-de-talu-yuzhnaya-vertikal-kaberne-fran-rezerv-krasnoe-suhoe-146,chateau-de-talu-yuzhnaya-vertikal-kaberne-fran-rezerv-krasnoe-suhoe-146.webp
Южная Вертикаль. Каберне Фран Резерв,красное сухое Южная Вертикаль. Каберне Фран Резерв Chateau de Talu,Каберне Фран,Красное сухое,chateau-de-talu-yuzhnaya-vertikal-kaberne-fran-rezerv-krasnoe-suhoe-146,chateau-de-talu-yuzhnaya-vertikal-kaberne-fran-rezerv-krasnoe-suhoe-146_bottom.webp
Уроки французского. Сира,красное сухое Уроки французского. Сира Chateau de Talu,Сира,Красное сухое,chateau-de-talu-uroki-frantsuzskogo-sira-krasnoe-suhoe-13,chateau-de-talu-uroki-frantsuzskogo-sira-krasnoe-suhoe-13.webp
Уроки французского. Сира,красное сухое Уроки французского. Сира Chateau de Talu,Сира,Красное сухое,chateau-de-talu-uroki-frantsuzskogo-sira-krasnoe-suhoe-13,chateau-de-talu-uroki-frantsuzskogo-sira-krasnoe-suhoe-13_bottom.webp
Шардоне Резерв,белое сухое Шардоне Резерв Chateau de Talu,Шардоне,Белое сухое,chateau-de-talu-shardone-rezerv-beloe-suhoe-13,chateau-de-talu-shardone-rezerv-beloe-suhoe-13.webp
Шардоне Резерв,белое сухое Шардоне Резерв Chateau de Talu,Шардоне,Белое сухое,chateau-de-talu-shardone-rezerv-beloe-suhoe-13,chateau-de-talu-shardone-rezerv-beloe-suhoe-13_bottom.webp
Блан,белое сухое Блан Chateau de Talu,Семильон,Белое сухое,chateau-de-talu-blan-semilon-beloe-suhoe-127,chateau-de-talu-blan-semilon-beloe-suhoe-127.webp
Блан,белое сухое Блан Chateau de Talu,Семильон,Белое сухое,chateau-de-talu-blan-semilon-beloe-suhoe-127,chateau-de-talu-blan-semilon-beloe-suhoe-127_bottom.webp
Уроки французского. Каберне Фран,красное сухое Уроки французского. Каберне Фран Chateau de Talu,Каберне Фран,Красное сухое,chateau-de-talu-uroki-frantsuzskogo-kaberne-fran-krasnoe-suhoe-14,chateau-de-talu-uroki-frantsuzskogo-kaberne-fran-krasnoe-suhoe-14.webp
Уроки французского. Каберне Фран,красное сухое Уроки французского. Каберне Фран Chateau de Talu,Каберне Фран,Красное сухое,chateau-de-talu-uroki-frantsuzskogo-kaberne-fran-krasnoe-suhoe-14,chateau-de-talu-uroki-frantsuzskogo-kaberne-fran-krasnoe-suhoe-14_bottom.webp
Уроки французского Шардоне,белое сухое Уроки французского Шардоне Chateau de Talu,Шардоне,Белое сухое,chateau-de-talu-uroki-frantsuzskogo-shardone-beloe-suhoe-124,chateau-de-talu-uroki-frantsuzskogo-shardone-beloe-suhoe-124.webp
Уроки французского Шардоне,белое сухое Уроки французского Шардоне Chateau de Talu,Шардоне,Белое сухое,chateau-de-talu-uroki-frantsuzskogo-shardone-beloe-suhoe-124,chateau-de-talu-uroki-frantsuzskogo-shardone-beloe-suhoe-124_bottom.webp
Красностоп Резерв,красное сухое Красностоп Резерв Chateau de Talu,Красностоп Анапский,Красное сухое,chateau-de-talu-krasnostop-rezerv-krasnostop-anapskiy-krasnoe-suhoe-137,chateau-de-talu-krasnostop-rezerv-krasnostop-anapskiy-krasnoe-suhoe-137.webp
Красностоп Резерв,красное сухое Красностоп Резерв Chateau de Talu,Красностоп Анапский,Красное сухое,chateau-de-talu-krasnostop-rezerv-krasnostop-anapskiy-krasnoe-suhoe-137,chateau-de-talu-krasnostop-rezerv-krasnostop-anapskiy-krasnoe-suhoe-137_bottom.webp
Мерло Резерв,красное сухое Мерло Резерв Chateau de Talu,Мерло,Красное сухое,chateau-de-talu-merlo-rezerv-krasnoe-suhoe-14,chateau-de-talu-merlo-rezerv-krasnoe-suhoe-14.webp
Мерло Резерв,красное сухое Мерло Резерв Chateau de Talu,Мерло,Красное сухое,chateau-de-talu-merlo-rezerv-krasnoe-suhoe-14,chateau-de-talu-merlo-rezerv-krasnoe-suhoe-14_bottom.webp
Шираз Резерв,красное сухое Шираз Резерв Chateau de Talu,Сира,Красное сухое,chateau-de-talu-shiraz-rezerv-sira-krasnoe-suhoe-14,chateau-de-talu-shiraz-rezerv-sira-krasnoe-suhoe-14.webp
Шираз Резерв,красное сухое Шираз Резерв Chateau de Talu,Сира,Красное сухое,chateau-de-talu-shiraz-rezerv-sira-krasnoe-suhoe-14,chateau-de-talu-shiraz-rezerv-sira-krasnoe-suhoe-14_bottom.webp
Руж,красное сухое Руж Chateau de Talu,Каберне Совиньон,Красное сухое,chateau-de-talu-ruzh-kaberne-sovinon-krasnoe-suhoe-14,chateau-de-talu-ruzh-kaberne-sovinon-krasnoe-suhoe-14.webp
Руж,красное сухое Руж Chateau de Talu,Каберне Совиньон,Красное сухое,chateau-de-talu-ruzh-kaberne-sovinon-krasnoe-suhoe-14,chateau-de-talu-ruzh-kaberne-sovinon-krasnoe-suhoe-14_bottom.webp
Каберне Совиньон Резерв,красное сухое Каберне Совиньон Резерв Chateau de Talu,Каберне Совиньон,Красное сухое,chateau-de-talu-kaberne-sovinon-rezerv-krasnoe-suhoe-14,chateau-de-talu-kaberne-sovinon-rezerv-krasnoe-suhoe-14.webp
Каберне Совиньон Резерв,красное сухое Каберне Совиньон Резерв Chateau de Talu,Каберне Совиньон,Красное сухое,chateau-de-talu-kaberne-sovinon-rezerv-krasnoe-suhoe-14,chateau-de-talu-kaberne-sovinon-rezerv-krasnoe-suhoe-14_bottom.webp
Энолог,красное сухое Энолог Chateau de Talu,Каберне Совиньон,Красное сухое,chateau-de-talu-enolog-kaberne-sovinon-krasnoe-suhoe-15,chateau-de-talu-enolog-kaberne-sovinon-krasnoe-suhoe-15.webp
Энолог,красное сухое Энолог Chateau de Talu,Каберне Совиньон,Красное сухое,chateau-de-talu-enolog-kaberne-sovinon-krasnoe-suhoe-15,chateau-de-talu-enolog-kaberne-sovinon-krasnoe-suhoe-15_bottom.webp
Купаж 132,красное сухое Купаж 132 Chateau de Talu,Каберне Совиньон,Красное сухое,chateau-de-talu-kupazh-132-kaberne-sovinon-krasnoe-suhoe-146,chateau-de-talu-kupazh-132-kaberne-sovinon-krasnoe-suhoe-146.webp
Купаж 132,красное сухое Купаж 132 Chateau de Talu,Каберне Совиньон,Красное сухое,chateau-de-talu-kupazh-132-kaberne-sovinon-krasnoe-suhoe-146,chateau-de-talu-kupazh-132-kaberne-sovinon-krasnoe-suhoe-146_bottom.webp
Шенен Блан,белое сухое Шенен Блан Chateau Cachalot,Шенен Блан,Белое сухое,chateau-cachalot-shenen-blan-beloe-suhoe-113,chateau-cachalot-shenen-blan-beloe-suhoe-113.webp
Шенен Блан,белое сухое Шенен Блан Chateau Cachalot,Шенен Блан,Белое сухое,chateau-cachalot-shenen-blan-beloe-suhoe-113,chateau-cachalot-shenen-blan-beloe-suhoe-113_bottom.webp
Вионье,белое сухое Вионье Chateau Cachalot,Вионье,Белое сухое,chateau-cachalot-vione-beloe-suhoe-112,chateau-cachalot-vione-beloe-suhoe-112.webp
Вионье,белое сухое Вионье Chateau Cachalot,Вионье,Белое сухое,chateau-cachalot-vione-beloe-suhoe-112,chateau-cachalot-vione-beloe-suhoe-112_bottom.webp
Мускат Блан,белое сухое Мускат Блан Chateau Cachalot,Мускат Белый,Белое сухое,chateau-cachalot-muskat-blan-muskat-belyy-beloe-suhoe-117,chateau-cachalot-muskat-blan-muskat-belyy-beloe-suhoe-117.webp
Мускат Блан,белое сухое Мускат Блан Chateau Cachalot,Мускат Белый,Белое сухое,chateau-cachalot-muskat-blan-muskat-belyy-beloe-suhoe-117,chateau-cachalot-muskat-blan-muskat-belyy-beloe-suhoe-117_bottom.webp
Каберне Фран Резерв,красное сухое Каберне Фран Резерв Chateau de Talu,Каберне Фран,Красное сухое,chateau-de-talu-kaberne-fran-rezerv-krasnoe-suhoe-13,chateau-de-talu-kaberne-fran-rezerv-krasnoe-suhoe-13.webp
Каберне Фран Резерв,красное сухое Каберне Фран Резерв Chateau de Talu,Каберне Фран,Красное сухое,chateau-de-talu-kaberne-fran-rezerv-krasnoe-suhoe-13,chateau-de-talu-kaberne-fran-rezerv-krasnoe-suhoe-13_bottom.webp
Рислинг,белое сухое Рислинг Chateau Cachalot,Рислинг,Белое сухое,chateau-cachalot-risling-beloe-suhoe-115,chateau-cachalot-risling-beloe-suhoe-115.webp
Рислинг,белое сухое Рислинг Chateau Cachalot,Рислинг,Белое сухое,chateau-cachalot-risling-beloe-suhoe-115,chateau-cachalot-risling-beloe-suhoe-115_bottom.webp
Цвайгельт розе,розовое сухое Цвайгельт розе Chateau Andre,Цвайгельт,Розовое сухое,chateau-andre-tsvaygelt-roze-rozovoe-suhoe-13,chateau-andre-tsvaygelt-roze-rozovoe-suhoe-13.webp
Цвайгельт розе,розовое сухое Цвайгельт розе Chateau Andre,Цвайгельт,Розовое сухое,chateau-andre-tsvaygelt-roze-rozovoe-suhoe-13,chateau-andre-tsvaygelt-roze-rozovoe-suhoe-13_bottom.webp
Совиньон Блан,белое сухое Совиньон Блан Chateau Andre,Совиньон Блан,Белое сухое,chateau-andre-sovinon-blan-beloe-suhoe-13,chateau-andre-sovinon-blan-beloe-suhoe-13.webp
Совиньон Блан,белое сухое Совиньон Блан Chateau Andre,Совиньон Блан,Белое сухое,chateau-andre-sovinon-blan-beloe-suhoe-13,chateau-andre-sovinon-blan-beloe-suhoe-13_bottom.webp
Пино Нуар,красное сухое Пино Нуар Chateau Cachalot,Пино Нуар,Красное сухое,chateau-cachalot-pino-nuar-krasnoe-suhoe-12,chateau-cachalot-pino-nuar-krasnoe-suhoe-12.webp
Пино Нуар,красное сухое Пино Нуар Chateau Cachalot,Пино Нуар,Красное сухое,chateau-cachalot-pino-nuar-krasnoe-suhoe-12,chateau-cachalot-pino-nuar-krasnoe-suhoe-12_bottom.webp
Сира,красное сухое Сира Chateau Cachalot,Сира,Красное сухое,chateau-cachalot-sira-krasnoe-suhoe-12,chateau-cachalot-sira-krasnoe-suhoe-12.webp
Сира,красное сухое Сира Chateau Cachalot,Сира,Красное сухое,chateau-cachalot-sira-krasnoe-suhoe-12,chateau-cachalot-sira-krasnoe-suhoe-12_bottom.webp
Каберне Совиньон,красное сухое Каберне Совиньон Chateau Andre,Каберне Совиньон,Красное сухое,chateau-andre-kaberne-sovinon-krasnoe-suhoe-13,chateau-andre-kaberne-sovinon-krasnoe-suhoe-13.webp
Каберне Совиньон,красное сухое Каберне Совиньон Chateau Andre,Каберне Совиньон,Красное сухое,chateau-andre-kaberne-sovinon-krasnoe-suhoe-13,chateau-andre-kaberne-sovinon-krasnoe-suhoe-13_bottom.webp
Пино Гри,белое сухое Пино Гри Chateau Andre,Пино Гри,Белое сухое,chateau-andre-pino-gri-beloe-suhoe-14,chateau-andre-pino-gri-beloe-suhoe-14.webp
Пино Гри,белое сухое Пино Гри Chateau Andre,Пино Гри,Белое сухое,chateau-andre-pino-gri-beloe-suhoe-14,chateau-andre-pino-gri-beloe-suhoe-14_bottom.webp
Траминер,белое сухое Траминер Chateau Andre,Траминер,Белое сухое,chateau-andre-traminer-beloe-suhoe-135,chateau-andre-traminer-beloe-suhoe-135.webp
Траминер,белое сухое Траминер Chateau Andre,Траминер,Белое сухое,chateau-andre-traminer-beloe-suhoe-135,chateau-andre-traminer-beloe-suhoe-135_bottom.webp
Пино Нуар розе,розовое сухое Пино Нуар розе Chateau Andre,Пино Нуар,Розовое сухое,chateau-andre-pino-nuar-roze-rozovoe-suhoe-13,chateau-andre-pino-nuar-roze-rozovoe-suhoe-13.webp
Пино Нуар розе,розовое сухое Пино Нуар розе Chateau Andre,Пино Нуар,Розовое сухое,chateau-andre-pino-nuar-roze-rozovoe-suhoe-13,chateau-andre-pino-nuar-roze-rozovoe-suhoe-13_bottom.webp
Грюнер,белое сухое Грюнер Chateau Andre,Грюнер,Белое сухое,chateau-andre-gryuner-beloe-suhoe-13,chateau-andre-gryuner-beloe-suhoe-13.webp
Грюнер,белое сухое Грюнер Chateau Andre,Грюнер,Белое сухое,chateau-andre-gryuner-beloe-suhoe-13,chateau-andre-gryuner-beloe-suhoe-13_bottom.webp
Рислинг,белое сухое Рислинг Chateau Andre,Рислинг,Белое сухое,chateau-andre-risling-beloe-suhoe-13,chateau-andre-risling-beloe-suhoe-13.webp
Рислинг,белое сухое Рислинг Chateau Andre,Рислинг,Белое сухое,chateau-andre-risling-beloe-suhoe-13,chateau-andre-risling-beloe-suhoe-13_bottom.webp
Мадо,розовое сухое Мадо Chateau Andre,Пино Нуар,Розовое сухое,chateau-andre-mado-pino-nuar-rozovoe-suhoe-13,chateau-andre-mado-pino-nuar-rozovoe-suhoe-13.webp
Мадо,розовое сухое Мадо Chateau Andre,Пино Нуар,Розовое сухое,chateau-andre-mado-pino-nuar-rozovoe-suhoe-13,chateau-andre-mado-pino-nuar-rozovoe-suhoe-13_bottom.webp
Пино Нуар,красное сухое Пино Нуар Chateau Andre,Пино Нуар,Красное сухое,chateau-andre-pino-nuar-krasnoe-suhoe-14,chateau-andre-pino-nuar-krasnoe-suhoe-14.webp
Пино Нуар,красное сухое Пино Нуар Chateau Andre,Пино Нуар,Красное сухое,chateau-andre-pino-nuar-krasnoe-suhoe-14,chateau-andre-pino-nuar-krasnoe-suhoe-14_bottom.webp
Алиготе,белое сухое Алиготе Chateau Andre,Алиготе,Белое сухое,chateau-andre-aligote-beloe-suhoe-13,chateau-andre-aligote-beloe-suhoe-13.webp
Алиготе,белое сухое Алиготе Chateau Andre,Алиготе,Белое сухое,chateau-andre-aligote-beloe-suhoe-13,chateau-andre-aligote-beloe-suhoe-13_bottom.webp
Цвайгельт,розовое сухое Цвайгельт Chateau Andre,Цвайгельт Таманский,Розовое сухое,chateau-andre-tsvaygelt-tsvaygelt-tamanskiy-rozovoe-suhoe-13,chateau-andre-tsvaygelt-tsvaygelt-tamanskiy-rozovoe-suhoe-13.webp
Цвайгельт,розовое сухое Цвайгельт Chateau Andre,Цвайгельт Таманский,Розовое сухое,chateau-andre-tsvaygelt-tsvaygelt-tamanskiy-rozovoe-suhoe-13,chateau-andre-tsvaygelt-tsvaygelt-tamanskiy-rozovoe-suhoe-13_bottom.webp
Мальвазия,белое сухое Мальвазия Cellar Master,Мальвазия,Белое сухое,cellar-master-malvaziya-beloe-suhoe-13,cellar-master-malvaziya-beloe-suhoe-13.webp
Мальвазия,белое сухое Мальвазия Cellar Master,Мальвазия,Белое сухое,cellar-master-malvaziya-beloe-suhoe-13,cellar-master-malvaziya-beloe-suhoe-13_bottom.webp
Мерло,красное сухое Мерло Chateau Andre,Мерло,Красное сухое,chateau-andre-merlo-krasnoe-suhoe-14,chateau-andre-merlo-krasnoe-suhoe-14.webp
Мерло,красное сухое Мерло Chateau Andre,Мерло,Красное сухое,chateau-andre-merlo-krasnoe-suhoe-14,chateau-andre-merlo-krasnoe-suhoe-14_bottom.webp
Каберне Фран,красное сухое Каберне Фран Chateau Andre,Каберне Фран,Красное сухое,chateau-andre-kaberne-fran-krasnoe-suhoe-14,chateau-andre-kaberne-fran-krasnoe-suhoe-14.webp
Каберне Фран,красное сухое Каберне Фран Chateau Andre,Каберне Фран,Красное сухое,chateau-andre-kaberne-fran-krasnoe-suhoe-14,chateau-andre-kaberne-fran-krasnoe-suhoe-14_bottom.webp
Шардоне,белое сухое Шардоне Chateau Andre,Шардоне,Белое сухое,chateau-andre-shardone-beloe-suhoe-13,chateau-andre-shardone-beloe-suhoe-13.webp
Шардоне,белое сухое Шардоне Chateau Andre,Шардоне,Белое сухое,chateau-andre-shardone-beloe-suhoe-13,chateau-andre-shardone-beloe-suhoe-13_bottom.webp
Санджовезе,красное сухое Санджовезе Cellar Master,Санджовезе,Красное сухое,cellar-master-sandzhoveze-krasnoe-suhoe-125,cellar-master-sandzhoveze-krasnoe-suhoe-125.webp
Санджовезе,красное сухое Санджовезе Cellar Master,Санджовезе,Красное сухое,cellar-master-sandzhoveze-krasnoe-suhoe-125,cellar-master-sandzhoveze-krasnoe-suhoe-125_bottom.webp
Мерло,красное сухое Мерло Bogovich Wine & Vineyard,Мерло,Красное сухое,bogovich-wine-vineyard-merlo-krasnoe-suhoe-14,bogovich-wine-vineyard-merlo-krasnoe-suhoe-14.webp
Мерло,красное сухое Мерло Bogovich Wine & Vineyard,Мерло,Красное сухое,bogovich-wine-vineyard-merlo-krasnoe-suhoe-14,bogovich-wine-vineyard-merlo-krasnoe-suhoe-14_bottom.webp
Пино Нуар 2,красное сухое Пино Нуар 2 Bogovich Wine & Vineyard,Пино Нуар,Красное сухое,bogovich-wine-vineyard-pino-nuar-2-krasnoe-suhoe-12,bogovich-wine-vineyard-pino-nuar-2-krasnoe-suhoe-12.webp
Пино Нуар 2,красное сухое Пино Нуар 2 Bogovich Wine & Vineyard,Пино Нуар,Красное сухое,bogovich-wine-vineyard-pino-nuar-2-krasnoe-suhoe-12,bogovich-wine-vineyard-pino-nuar-2-krasnoe-suhoe-12_bottom.webp
Мускат Оранж,белое сухое Мускат Оранж Bogovich Wine & Vineyard,Мускат Белый,Белое сухое,bogovich-wine-vineyard-muskat-oranzh-muskat-belyy-beloe-suhoe-125,bogovich-wine-vineyard-muskat-oranzh-muskat-belyy-beloe-suhoe-125.webp
Мускат Оранж,белое сухое Мускат Оранж Bogovich Wine & Vineyard,Мускат Белый,Белое сухое,bogovich-wine-vineyard-muskat-oranzh-muskat-belyy-beloe-suhoe-125,bogovich-wine-vineyard-muskat-oranzh-muskat-belyy-beloe-suhoe-125_bottom.webp
Ркацители Оранж,белое сухое Ркацители Оранж Bogovich Wine & Vineyard,Ркацители Оранж,Белое сухое,bogovich-wine-vineyard-rkatsiteli-oranzh-beloe-suhoe-125,bogovich-wine-vineyard-rkatsiteli-oranzh-beloe-suhoe-125.webp
Ркацители Оранж,белое сухое Ркацители Оранж Bogovich Wine & Vineyard,Ркацители Оранж,Белое сухое,bogovich-wine-vineyard-rkatsiteli-oranzh-beloe-suhoe-125,bogovich-wine-vineyard-rkatsiteli-oranzh-beloe-suhoe-125_bottom.webp
Фаина,белое сухое Фаина Bogovich Wine & Vineyard,Совиньон Зеленый,Белое сухое,bogovich-wine-vineyard-faina-sovinon-zelenyy-beloe-suhoe-113,bogovich-wine-vineyard-faina-sovinon-zelenyy-beloe-suhoe-113.webp
Фаина,белое сухое Фаина Bogovich Wine & Vineyard,Совиньон Зеленый,Белое сухое,bogovich-wine-vineyard-faina-sovinon-zelenyy-beloe-suhoe-113,bogovich-wine-vineyard-faina-sovinon-zelenyy-beloe-suhoe-113_bottom.webp
Каберне Совиньон,красное сухое Каберне Совиньон Bogovich Wine & Vineyard,Каберне Совиньон,Красное сухое,bogovich-wine-vineyard-kaberne-sovinon-krasnoe-suhoe-125,bogovich-wine-vineyard-kaberne-sovinon-krasnoe-suhoe-125.webp
Каберне Совиньон,красное сухое Каберне Совиньон Bogovich Wine & Vineyard,Каберне Совиньон,Красное сухое,bogovich-wine-vineyard-kaberne-sovinon-krasnoe-suhoe-125,bogovich-wine-vineyard-kaberne-sovinon-krasnoe-suhoe-125_bottom.webp
Пино Нуар,красное сухое Пино Нуар Bogovich Wine & Vineyard,Пино Нуар,Красное сухое,bogovich-wine-vineyard-pino-nuar-krasnoe-suhoe-125,bogovich-wine-vineyard-pino-nuar-krasnoe-suhoe-125.webp
Пино Нуар,красное сухое Пино Нуар Bogovich Wine & Vineyard,Пино Нуар,Красное сухое,bogovich-wine-vineyard-pino-nuar-krasnoe-suhoe-125,bogovich-wine-vineyard-pino-nuar-krasnoe-suhoe-125_bottom.webp
Каберне Фран,красное сухое Каберне Фран Bogovich Wine & Vineyard,Каберне Фран,Красное сухое,bogovich-wine-vineyard-kaberne-fran-krasnoe-suhoe-135,bogovich-wine-vineyard-kaberne-fran-krasnoe-suhoe-135.webp
Каберне Фран,красное сухое Каберне Фран Bogovich Wine & Vineyard,Каберне Фран,Красное сухое,bogovich-wine-vineyard-kaberne-fran-krasnoe-suhoe-135,bogovich-wine-vineyard-kaberne-fran-krasnoe-suhoe-135_bottom.webp
Sauvignon Blanc Katya Belmas,белое сухое Sauvignon Blanc Katya Belmas Belmas Winery,Совиньон Блан,Белое сухое,belmas-winery-sauvignon-blanc-katya-belmas-sovinon-blan-beloe-suhoe-115,belmas-winery-sauvignon-blanc-katya-belmas-sovinon-blan-beloe-suhoe-115.webp
Sauvignon Blanc Katya Belmas,белое сухое Sauvignon Blanc Katya Belmas Belmas Winery,Совиньон Блан,Белое сухое,belmas-winery-sauvignon-blanc-katya-belmas-sovinon-blan-beloe-suhoe-115,belmas-winery-sauvignon-blanc-katya-belmas-sovinon-blan-beloe-suhoe-115_bottom.webp
Riesling Belmas,белое сухое Riesling Belmas Belmas Winery,Рислинг,Белое сухое,belmas-winery-riesling-belmas-risling-beloe-suhoe-135,belmas-winery-riesling-belmas-risling-beloe-suhoe-135.webp
Riesling Belmas,белое сухое Riesling Belmas Belmas Winery,Рислинг,Белое сухое,belmas-winery-riesling-belmas-risling-beloe-suhoe-135,belmas-winery-riesling-belmas-risling-beloe-suhoe-135_bottom.webp
Viognier Belmas,белое сухое Viognier Belmas Belmas Winery,Вионье,Белое сухое,belmas-winery-viognier-belmas-vione-beloe-suhoe-122,belmas-winery-viognier-belmas-vione-beloe-suhoe-122.webp
Viognier Belmas,белое сухое Viognier Belmas Belmas Winery,Вионье,Белое сухое,belmas-winery-viognier-belmas-vione-beloe-suhoe-122,belmas-winery-viognier-belmas-vione-beloe-suhoe-122_bottom.webp
Cabernet Sauvignon Rose Belmas,розовое сухое Cabernet Sauvignon Rose Belmas Belmas Winery,Каберне Совиньон,Розовое сухое,belmas-winery-cabernet-sauvignon-rose-belmas-kaberne-sovinon-rozovoe-suhoe-13,belmas-winery-cabernet-sauvignon-rose-belmas-kaberne-sovinon-rozovoe-suhoe-13.webp
Cabernet Sauvignon Rose Belmas,розовое сухое Cabernet Sauvignon Rose Belmas Belmas Winery,Каберне Совиньон,Розовое сухое,belmas-winery-cabernet-sauvignon-rose-belmas-kaberne-sovinon-rozovoe-suhoe-13,belmas-winery-cabernet-sauvignon-rose-belmas-kaberne-sovinon-rozovoe-suhoe-13_bottom.webp
Sauvignon Blanc Belmas,белое сухое Sauvignon Blanc Belmas Belmas Winery,Совиньон Блан,Белое сухое,belmas-winery-sauvignon-blanc-belmas-sovinon-blan-beloe-suhoe-13,belmas-winery-sauvignon-blanc-belmas-sovinon-blan-beloe-suhoe-13.webp
Sauvignon Blanc Belmas,белое сухое Sauvignon Blanc Belmas Belmas Winery,Совиньон Блан,Белое сухое,belmas-winery-sauvignon-blanc-belmas-sovinon-blan-beloe-suhoe-13,belmas-winery-sauvignon-blanc-belmas-sovinon-blan-beloe-suhoe-13_bottom.webp
Viognier Katya Belmas,белое сухое Viognier Katya Belmas Belmas Winery,Вионье,Белое сухое,belmas-winery-viognier-katya-belmas-vione-beloe-suhoe-135,belmas-winery-viognier-katya-belmas-vione-beloe-suhoe-135.webp
Viognier Katya Belmas,белое сухое Viognier Katya Belmas Belmas Winery,Вионье,Белое сухое,belmas-winery-viognier-katya-belmas-vione-beloe-suhoe-135,belmas-winery-viognier-katya-belmas-vione-beloe-suhoe-135_bottom.webp
Malbec Katya Belmas,розовое сухое Malbec Katya Belmas Belmas Winery,Мальбек,Розовое сухое,belmas-winery-malbec-katya-belmas-malbek-rozovoe-suhoe-11,belmas-winery-malbec-katya-belmas-malbek-rozovoe-suhoe-11.webp
Malbec Katya Belmas,розовое сухое Malbec Katya Belmas Belmas Winery,Мальбек,Розовое сухое,belmas-winery-malbec-katya-belmas-malbek-rozovoe-suhoe-11,belmas-winery-malbec-katya-belmas-malbek-rozovoe-suhoe-11_bottom.webp
Pinot Gris Belmas,белое сухое Pinot Gris Belmas Belmas Winery,Пино Гри,Белое сухое,belmas-winery-pinot-gris-belmas-pino-gri-beloe-suhoe-122,belmas-winery-pinot-gris-belmas-pino-gri-beloe-suhoe-122.webp
Pinot Gris Belmas,белое сухое Pinot Gris Belmas Belmas Winery,Пино Гри,Белое сухое,belmas-winery-pinot-gris-belmas-pino-gri-beloe-suhoe-122,belmas-winery-pinot-gris-belmas-pino-gri-beloe-suhoe-122_bottom.webp
Riesling Katya Belmas,белое сухое Riesling Katya Belmas Belmas Winery,Рислинг,Белое сухое,belmas-winery-riesling-katya-belmas-risling-beloe-suhoe-125,belmas-winery-riesling-katya-belmas-risling-beloe-suhoe-125.webp
Riesling Katya Belmas,белое сухое Riesling Katya Belmas Belmas Winery,Рислинг,Белое сухое,belmas-winery-riesling-katya-belmas-risling-beloe-suhoe-125,belmas-winery-riesling-katya-belmas-risling-beloe-suhoe-125_bottom.webp
Syrah Katya Belmas,красное сухое Syrah Katya Belmas Belmas Winery,Сира,Красное сухое,belmas-winery-syrah-katya-belmas-sira-krasnoe-suhoe-125,belmas-winery-syrah-katya-belmas-sira-krasnoe-suhoe-125.webp
Syrah Katya Belmas,красное сухое Syrah Katya Belmas Belmas Winery,Сира,Красное сухое,belmas-winery-syrah-katya-belmas-sira-krasnoe-suhoe-125,belmas-winery-syrah-katya-belmas-sira-krasnoe-suhoe-125_bottom.webp
Кангун Оранж,белое сухое Кангун Оранж Bakla Vines,Кангун,Белое сухое,bakla-vines-kangun-oranzh-beloe-suhoe-119,bakla-vines-kangun-oranzh-beloe-suhoe-119.webp
Кангун Оранж,белое сухое Кангун Оранж Bakla Vines,Кангун,Белое сухое,bakla-vines-kangun-oranzh-beloe-suhoe-119,bakla-vines-kangun-oranzh-beloe-suhoe-119_bottom.webp
Cabernet Franc Belmas,красное сухое Cabernet Franc Belmas Belmas Winery,Каберне Фран,Красное сухое,belmas-winery-cabernet-franc-belmas-kaberne-fran-krasnoe-suhoe-14,belmas-winery-cabernet-franc-belmas-kaberne-fran-krasnoe-suhoe-14.webp
Cabernet Franc Belmas,красное сухое Cabernet Franc Belmas Belmas Winery,Каберне Фран,Красное сухое,belmas-winery-cabernet-franc-belmas-kaberne-fran-krasnoe-suhoe-14,belmas-winery-cabernet-franc-belmas-kaberne-fran-krasnoe-suhoe-14_bottom.webp
Кангун P.S.,белое сухое Кангун P.S. Bakla Vines,Кангун,Белое сухое,bakla-vines-kangun-ps-beloe-suhoe-128,bakla-vines-kangun-ps-beloe-suhoe-128.webp
Кангун P.S.,белое сухое Кангун P.S. Bakla Vines,Кангун,Белое сухое,bakla-vines-kangun-ps-beloe-suhoe-128,bakla-vines-kangun-ps-beloe-suhoe-128_bottom.webp
Сира,красное сухое Сира Bakla Vines,Сира,Красное сухое,bakla-vines-sira-krasnoe-suhoe-135,bakla-vines-sira-krasnoe-suhoe-135.webp
Сира,красное сухое Сира Bakla Vines,Сира,Красное сухое,bakla-vines-sira-krasnoe-suhoe-135,bakla-vines-sira-krasnoe-suhoe-135_bottom.webp
Пино Нуар,красное сухое Пино Нуар Bakla Vines,Пино Нуар,Красное сухое,bakla-vines-pino-nuar-krasnoe-suhoe-125,bakla-vines-pino-nuar-krasnoe-suhoe-125.webp
Пино Нуар,красное сухое Пино Нуар Bakla Vines,Пино Нуар,Красное сухое,bakla-vines-pino-nuar-krasnoe-suhoe-125,bakla-vines-pino-nuar-krasnoe-suhoe-125_bottom.webp
Цитрон Крымский,белое сухое Цитрон Крымский Bakla Vines,Цитронный Магарача,Белое сухое,bakla-vines-tsitron-krymskiy-tsitronnyy-magaracha-beloe-suhoe-118,bakla-vines-tsitron-krymskiy-tsitronnyy-magaracha-beloe-suhoe-118.webp
Цитрон Крымский,белое сухое Цитрон Крымский Bakla Vines,Цитронный Магарача,Белое сухое,bakla-vines-tsitron-krymskiy-tsitronnyy-magaracha-beloe-suhoe-118,bakla-vines-tsitron-krymskiy-tsitronnyy-magaracha-beloe-suhoe-118_bottom.webp
Кангун,белое сухое Кангун Bakla Vines,Кангун,Белое сухое,bakla-vines-kangun-beloe-suhoe-12,bakla-vines-kangun-beloe-suhoe-12.webp
Кангун,белое сухое Кангун Bakla Vines,Кангун,Белое сухое,bakla-vines-kangun-beloe-suhoe-12,bakla-vines-kangun-beloe-suhoe-12_bottom.webp
Рислинг,белое полусухое Рислинг Bakla Vines,Рислинг,Белое полусухое,bakla-vines-risling-beloe-polusuhoe-125,bakla-vines-risling-beloe-polusuhoe-125.webp
Рислинг,белое полусухое Рислинг Bakla Vines,Рислинг,Белое полусухое,bakla-vines-risling-beloe-polusuhoe-125,bakla-vines-risling-beloe-polusuhoe-125_bottom.webp
Purity in Syrah,красное сухое Purity in Syrah AYA Organic Wine & Vineyards,Сира,Красное сухое,aya-organic-wine-vineyards-purity-in-syrah-sira-krasnoe-suhoe-146,aya-organic-wine-vineyards-purity-in-syrah-sira-krasnoe-suhoe-146.webp
Purity in Syrah,красное сухое Purity in Syrah AYA Organic Wine & Vineyards,Сира,Красное сухое,aya-organic-wine-vineyards-purity-in-syrah-sira-krasnoe-suhoe-146,aya-organic-wine-vineyards-purity-in-syrah-sira-krasnoe-suhoe-146_bottom.webp
Каберне Фран,красное сухое Каберне Фран Bakla Vines,Каберне Фран,Красное сухое,bakla-vines-kaberne-fran-krasnoe-suhoe-143,bakla-vines-kaberne-fran-krasnoe-suhoe-143.webp
Каберне Фран,красное сухое Каберне Фран Bakla Vines,Каберне Фран,Красное сухое,bakla-vines-kaberne-fran-krasnoe-suhoe-143,bakla-vines-kaberne-fran-krasnoe-suhoe-143_bottom.webp
Purity in Trinity,розовое сухое Purity in Trinity AYA Organic Wine & Vineyards,Пино Нуар,Розовое сухое,aya-organic-wine-vineyards-purity-in-trinity-pino-nuar-rozovoe-suhoe-13,aya-organic-wine-vineyards-purity-in-trinity-pino-nuar-rozovoe-suhoe-13.webp
Purity in Trinity,розовое сухое Purity in Trinity AYA Organic Wine & Vineyards,Пино Нуар,Розовое сухое,aya-organic-wine-vineyards-purity-in-trinity-pino-nuar-rozovoe-suhoe-13,aya-organic-wine-vineyards-purity-in-trinity-pino-nuar-rozovoe-suhoe-13_bottom.webp
Evolution Pinot Noir,красное сухое Evolution Pinot Noir AYA Organic Wine & Vineyards,Пино Нуар,Красное сухое,aya-organic-wine-vineyards-evolution-pinot-noir-pino-nuar-krasnoe-suhoe-125,aya-organic-wine-vineyards-evolution-pinot-noir-pino-nuar-krasnoe-suhoe-125.webp
Evolution Pinot Noir,красное сухое Evolution Pinot Noir AYA Organic Wine & Vineyards,Пино Нуар,Красное сухое,aya-organic-wine-vineyards-evolution-pinot-noir-pino-nuar-krasnoe-suhoe-125,aya-organic-wine-vineyards-evolution-pinot-noir-pino-nuar-krasnoe-suhoe-125_bottom.webp
Purity in Merlot,розовое сухое Purity in Merlot AYA Organic Wine & Vineyards,Мерло,Розовое сухое,aya-organic-wine-vineyards-purity-in-merlot-merlo-rozovoe-suhoe-134,aya-organic-wine-vineyards-purity-in-merlot-merlo-rozovoe-suhoe-134.webp
Purity in Merlot,розовое сухое Purity in Merlot AYA Organic Wine & Vineyards,Мерло,Розовое сухое,aya-organic-wine-vineyards-purity-in-merlot-merlo-rozovoe-suhoe-134,aya-organic-wine-vineyards-purity-in-merlot-merlo-rozovoe-suhoe-134_bottom.webp
Evolution Chardonnay,белое сухое Evolution Chardonnay AYA Organic Wine & Vineyards,Шардоне,Белое сухое,aya-organic-wine-vineyards-evolution-chardonnay-shardone-beloe-suhoe-124,aya-organic-wine-vineyards-evolution-chardonnay-shardone-beloe-suhoe-124.webp
Evolution Chardonnay,белое сухое Evolution Chardonnay AYA Organic Wine & Vineyards,Шардоне,Белое сухое,aya-organic-wine-vineyards-evolution-chardonnay-shardone-beloe-suhoe-124,aya-organic-wine-vineyards-evolution-chardonnay-shardone-beloe-suhoe-124_bottom.webp
Purity in Syrah,розовое сухое Purity in Syrah AYA Organic Wine & Vineyards,Сира,Розовое сухое,aya-organic-wine-vineyards-purity-in-syrah-sira-rozovoe-suhoe-132,aya-organic-wine-vineyards-purity-in-syrah-sira-rozovoe-suhoe-132.webp
Purity in Syrah,розовое сухое Purity in Syrah AYA Organic Wine & Vineyards,Сира,Розовое сухое,aya-organic-wine-vineyards-purity-in-syrah-sira-rozovoe-suhoe-132,aya-organic-wine-vineyards-purity-in-syrah-sira-rozovoe-suhoe-132_bottom.webp
Blush #4,красное экстра брют Blush #4 AYA Organic Wine & Vineyards,Пино Нуар,Красное экстра брют,aya-organic-wine-vineyards-blush-4-pino-nuar-krasnoe-ekstra-bryut-129,aya-organic-wine-vineyards-blush-4-pino-nuar-krasnoe-ekstra-bryut-129.webp
Blush #4,красное экстра брют Blush #4 AYA Organic Wine & Vineyards,Пино Нуар,Красное экстра брют,aya-organic-wine-vineyards-blush-4-pino-nuar-krasnoe-ekstra-bryut-129,aya-organic-wine-vineyards-blush-4-pino-nuar-krasnoe-ekstra-bryut-129_bottom.webp
Blush #3,розовое экстра брют Blush #3 AYA Organic Wine & Vineyards,Каберне Фран,Розовое экстра брют,aya-organic-wine-vineyards-blush-3-kaberne-fran-rozovoe-ekstra-bryut-132,aya-organic-wine-vineyards-blush-3-kaberne-fran-rozovoe-ekstra-bryut-132.webp
Blush #3,розовое экстра брют Blush #3 AYA Organic Wine & Vineyards,Каберне Фран,Розовое экстра брют,aya-organic-wine-vineyards-blush-3-kaberne-fran-rozovoe-ekstra-bryut-132,aya-organic-wine-vineyards-blush-3-kaberne-fran-rozovoe-ekstra-bryut-132_bottom.webp
"Мускат Блан, Вионье","белое сухое Мускат Блан, Вионье Andryus Yutsis",Мускат Блан,Белое сухое,andryus-yutsis-muskat-blan-vione-beloe-suhoe-117,andryus-yutsis-muskat-blan-vione-beloe-suhoe-117.webp
"Мускат Блан, Вионье","белое сухое Мускат Блан, Вионье Andryus Yutsis",Мускат Блан,Белое сухое,andryus-yutsis-muskat-blan-vione-beloe-suhoe-117,andryus-yutsis-muskat-blan-vione-beloe-suhoe-117_bottom.webp
Blush #2,розовое экстра брют Blush #2 AYA Organic Wine & Vineyards,Мерло,Розовое экстра брют,aya-organic-wine-vineyards-blush-2-merlo-rozovoe-ekstra-bryut-135,aya-organic-wine-vineyards-blush-2-merlo-rozovoe-ekstra-bryut-135.webp
Blush #2,розовое экстра брют Blush #2 AYA Organic Wine & Vineyards,Мерло,Розовое экстра брют,aya-organic-wine-vineyards-blush-2-merlo-rozovoe-ekstra-bryut-135,aya-organic-wine-vineyards-blush-2-merlo-rozovoe-ekstra-bryut-135_bottom.webp
Blush #1,розовое экстра брют Blush #1 AYA Organic Wine & Vineyards,Сира,Розовое экстра брют,aya-organic-wine-vineyards-blush-1-sira-rozovoe-ekstra-bryut-135,aya-organic-wine-vineyards-blush-1-sira-rozovoe-ekstra-bryut-135.webp
Blush #1,розовое экстра брют Blush #1 AYA Organic Wine & Vineyards,Сира,Розовое экстра брют,aya-organic-wine-vineyards-blush-1-sira-rozovoe-ekstra-bryut-135,aya-organic-wine-vineyards-blush-1-sira-rozovoe-ekstra-bryut-135_bottom.webp
Шенен Блан,белое сухое Шенен Блан Andryus Yutsis,Шенен Блан,Белое сухое,andryus-yutsis-shenen-blan-beloe-suhoe-12,andryus-yutsis-shenen-blan-beloe-suhoe-12.webp
Шенен Блан,белое сухое Шенен Блан Andryus Yutsis,Шенен Блан,Белое сухое,andryus-yutsis-shenen-blan-beloe-suhoe-12,andryus-yutsis-shenen-blan-beloe-suhoe-12_bottom.webp
Рислинг,белое сухое Рислинг Andryus Yutsis,Рислинг,Белое сухое,andryus-yutsis-risling-beloe-suhoe-12,andryus-yutsis-risling-beloe-suhoe-12.webp
Рислинг,белое сухое Рислинг Andryus Yutsis,Рислинг,Белое сухое,andryus-yutsis-risling-beloe-suhoe-12,andryus-yutsis-risling-beloe-suhoe-12_bottom.webp
"CUVEE Пино нуар, Шардоне, брют, розовое","розовое брют CUVEE Пино нуар, Шардоне, брют, розовое AGORA WINERY",Пино Нуар,Розовое брют,agora-winery-cuvee-pino-nuar-shardone-bryut-rozovoe-125,agora-winery-cuvee-pino-nuar-shardone-bryut-rozovoe-125.webp
"CUVEE Пино нуар, Шардоне, брют, розовое","розовое брют CUVEE Пино нуар, Шардоне, брют, розовое AGORA WINERY",Пино Нуар,Розовое брют,agora-winery-cuvee-pino-nuar-shardone-bryut-rozovoe-125,agora-winery-cuvee-pino-nuar-shardone-bryut-rozovoe-125_bottom.webp
"CUVEE Пино Гриджио Шардоне, брют, белое","белое брют CUVEE Пино Гриджио Шардоне, брют, белое AGORA WINERY",Пино Гриджио,Белое брют,agora-winery-cuvee-pino-gridzhio-shardone-bryut-beloe-125,agora-winery-cuvee-pino-gridzhio-shardone-bryut-beloe-125.webp
"CUVEE Пино Гриджио Шардоне, брют, белое","белое брют CUVEE Пино Гриджио Шардоне, брют, белое AGORA WINERY",Пино Гриджио,Белое брют,agora-winery-cuvee-pino-gridzhio-shardone-bryut-beloe-125,agora-winery-cuvee-pino-gridzhio-shardone-bryut-beloe-125_bottom.webp
Пино Нуар,красное сухое Пино Нуар Andryus Yutsis,Пино Нуар,Красное сухое,andryus-yutsis-pino-nuar-krasnoe-suhoe-12,andryus-yutsis-pino-nuar-krasnoe-suhoe-12.webp
Пино Нуар,красное сухое Пино Нуар Andryus Yutsis,Пино Нуар,Красное сухое,andryus-yutsis-pino-nuar-krasnoe-suhoe-12,andryus-yutsis-pino-nuar-krasnoe-suhoe-12_bottom.webp
Вионье,белое сухое Вионье Andryus Yutsis,Вионье,Белое сухое,andryus-yutsis-vione-beloe-suhoe-112,andryus-yutsis-vione-beloe-suhoe-112.webp
Вионье,белое сухое Вионье Andryus Yutsis,Вионье,Белое сухое,andryus-yutsis-vione-beloe-suhoe-112,andryus-yutsis-vione-beloe-suhoe-112_bottom.webp
Органик Рислинг,белое сухое Органик Рислинг Andryus Yutsis,Рислинг,Белое сухое,andryus-yutsis-organik-risling-beloe-suhoe-115,andryus-yutsis-organik-risling-beloe-suhoe-115.webp
Органик Рислинг,белое сухое Органик Рислинг Andryus Yutsis,Рислинг,Белое сухое,andryus-yutsis-organik-risling-beloe-suhoe-115,andryus-yutsis-organik-risling-beloe-suhoe-115_bottom.webp
Шардоне Отборное,белое сухое Шардоне Отборное ESSE,Шардоне,Белое сухое,esse-shardone-otbornoe-beloe-suhoe-12,esse-shardone-otbornoe-beloe-suhoe-12.webp
Шардоне Отборное,белое сухое Шардоне Отборное ESSE,Шардоне,Белое сухое,esse-shardone-otbornoe-beloe-suhoe-12,esse-shardone-otbornoe-beloe-suhoe-12_bottom.webp
Каберне Отборное,красное сухое Каберне Отборное ESSE,Каберне Совиньон,Красное сухое,esse-kaberne-otbornoe-kaberne-sovinon-krasnoe-suhoe-12,esse-kaberne-otbornoe-kaberne-sovinon-krasnoe-suhoe-12.webp
Каберне Отборное,красное сухое Каберне Отборное ESSE,Каберне Совиньон,Красное сухое,esse-kaberne-otbornoe-kaberne-sovinon-krasnoe-suhoe-12,esse-kaberne-otbornoe-kaberne-sovinon-krasnoe-suhoe-12_bottom.webp
Мускат,белое сухое Мускат ESSE,Мускат Белый,Белое сухое,esse-muskat-muskat-belyy-beloe-suhoe-115,esse-muskat-muskat-belyy-beloe-suhoe-115.webp
Мускат,белое сухое Мускат ESSE,Мускат Белый,Белое сухое,esse-muskat-muskat-belyy-beloe-suhoe-115,esse-muskat-muskat-belyy-beloe-suhoe-115_bottom.webp
Мерло Отборное,красное сухое Мерло Отборное ESSE,Мерло,Красное сухое,esse-merlo-otbornoe-krasnoe-suhoe-13,esse-merlo-otbornoe-krasnoe-suhoe-13.webp
Мерло Отборное,красное сухое Мерло Отборное ESSE,Мерло,Красное сухое,esse-merlo-otbornoe-krasnoe-suhoe-13,esse-merlo-otbornoe-krasnoe-suhoe-13_bottom.webp
Ркацители,белое сухое Ркацители ESSE,Ркацители,Белое сухое,esse-rkatsiteli-beloe-suhoe-125,esse-rkatsiteli-beloe-suhoe-125.webp
Ркацители,белое сухое Ркацители ESSE,Ркацители,Белое сухое,esse-rkatsiteli-beloe-suhoe-125,esse-rkatsiteli-beloe-suhoe-125_bottom.webp
Мерло,красное сухое Мерло ESSE,Мерло,Красное сухое,esse-merlo-krasnoe-suhoe-135,esse-merlo-krasnoe-suhoe-135.webp
Мерло,красное сухое Мерло ESSE,Мерло,Красное сухое,esse-merlo-krasnoe-suhoe-135,esse-merlo-krasnoe-suhoe-135_bottom.webp
Esse Сира,красное сухое Esse Сира ESSE,Сира,Красное сухое,esse-esse-sira-krasnoe-suhoe-12,esse-esse-sira-krasnoe-suhoe-12.webp
Esse Сира,красное сухое Esse Сира ESSE,Сира,Красное сухое,esse-esse-sira-krasnoe-suhoe-12,esse-esse-sira-krasnoe-suhoe-12_bottom.webp
Саперави,красное сухое Саперави ESSE,Саперави,Красное сухое,esse-saperavi-krasnoe-suhoe-13,esse-saperavi-krasnoe-suhoe-13.webp
Саперави,красное сухое Саперави ESSE,Саперави,Красное сухое,esse-saperavi-krasnoe-suhoe-13,esse-saperavi-krasnoe-suhoe-13_bottom.webp
Совиньон Блан,белое сухое Совиньон Блан ESSE,Совиньон Блан,Белое сухое,esse-sovinon-blan-beloe-suhoe-12,esse-sovinon-blan-beloe-suhoe-12.webp
Совиньон Блан,белое сухое Совиньон Блан ESSE,Совиньон Блан,Белое сухое,esse-sovinon-blan-beloe-suhoe-12,esse-sovinon-blan-beloe-suhoe-12_bottom.webp
Рубиновый,красное сухое Рубиновый ESSE,Рубиновый Магарача,Красное сухое,esse-rubinovyy-rubinovyy-magaracha-krasnoe-suhoe-12,esse-rubinovyy-rubinovyy-magaracha-krasnoe-suhoe-12.webp
Рубиновый,красное сухое Рубиновый ESSE,Рубиновый Магарача,Красное сухое,esse-rubinovyy-rubinovyy-magaracha-krasnoe-suhoe-12,esse-rubinovyy-rubinovyy-magaracha-krasnoe-suhoe-12_bottom.webp
Каберне Совиньон,красное сухое Каберне Совиньон ESSE,Каберне Совиньон,Красное сухое,esse-kaberne-sovinon-krasnoe-suhoe-14,esse-kaberne-sovinon-krasnoe-suhoe-14.webp
Каберне Совиньон,красное сухое Каберне Совиньон ESSE,Каберне Совиньон,Красное сухое,esse-kaberne-sovinon-krasnoe-suhoe-14,esse-kaberne-sovinon-krasnoe-suhoe-14_bottom.webp
Вионье,белое сухое Вионье ESSE,Вионье,Белое сухое,esse-vione-beloe-suhoe-13,esse-vione-beloe-suhoe-13.webp
Вионье,белое сухое Вионье ESSE,Вионье,Белое сухое,esse-vione-beloe-suhoe-13,esse-vione-beloe-suhoe-13_bottom.webp
Каберне Фран,красное сухое Каберне Фран ESSE,Каберне Фран,Красное сухое,esse-kaberne-fran-krasnoe-suhoe-13,esse-kaberne-fran-krasnoe-suhoe-13.webp
Каберне Фран,красное сухое Каберне Фран ESSE,Каберне Фран,Красное сухое,esse-kaberne-fran-krasnoe-suhoe-13,esse-kaberne-fran-krasnoe-suhoe-13_bottom.webp
Ркацители Сюр Ли,белое сухое Ркацители Сюр Ли ESSE,Ркацители,Белое сухое,esse-rkatsiteli-syur-li-beloe-suhoe-125,esse-rkatsiteli-syur-li-beloe-suhoe-125.webp
Ркацители Сюр Ли,белое сухое Ркацители Сюр Ли ESSE,Ркацители,Белое сухое,esse-rkatsiteli-syur-li-beloe-suhoe-125,esse-rkatsiteli-syur-li-beloe-suhoe-125_bottom.webp
Гевюрцтраминер,белое сухое Гевюрцтраминер ESSE,Гевюрцтраминер,Белое сухое,esse-gevyurtstraminer-beloe-suhoe-12,esse-gevyurtstraminer-beloe-suhoe-12.webp
Гевюрцтраминер,белое сухое Гевюрцтраминер ESSE,Гевюрцтраминер,Белое сухое,esse-gevyurtstraminer-beloe-suhoe-12,esse-gevyurtstraminer-beloe-suhoe-12_bottom.webp
Совиньон Блан Фюме,белое сухое Совиньон Блан Фюме ESSE,Совиньон Блан,Белое сухое,esse-sovinon-blan-fyume-beloe-suhoe-128,esse-sovinon-blan-fyume-beloe-suhoe-128.webp
Совиньон Блан Фюме,белое сухое Совиньон Блан Фюме ESSE,Совиньон Блан,Белое сухое,esse-sovinon-blan-fyume-beloe-suhoe-128,esse-sovinon-blan-fyume-beloe-suhoe-128_bottom.webp
Рислинг,белое сухое Рислинг ESSE,Рислинг,Белое сухое,esse-risling-beloe-suhoe-115,esse-risling-beloe-suhoe-115.webp
Рислинг,белое сухое Рислинг ESSE,Рислинг,Белое сухое,esse-risling-beloe-suhoe-115,esse-risling-beloe-suhoe-115_bottom.webp
Природно Полусладкое белое,белое полусладкое Природно Полусладкое белое ESSE,Рислинг,Белое полусладкое,esse-prirodno-polusladkoe-beloe-risling-125,esse-prirodno-polusladkoe-beloe-risling-125.webp
Природно Полусладкое белое,белое полусладкое Природно Полусладкое белое ESSE,Рислинг,Белое полусладкое,esse-prirodno-polusladkoe-beloe-risling-125,esse-prirodno-polusladkoe-beloe-risling-125_bottom.webp
Природно Полусладкое красное,красное полусладкое Природно Полусладкое красное ESSE,Мерло,Красное полусладкое,esse-prirodno-polusladkoe-krasnoe-merlo-13,esse-prirodno-polusladkoe-krasnoe-merlo-13.webp
Природно Полусладкое красное,красное полусладкое Природно Полусладкое красное ESSE,Мерло,Красное полусладкое,esse-prirodno-polusladkoe-krasnoe-merlo-13,esse-prirodno-polusladkoe-krasnoe-merlo-13_bottom.webp
Esse Шардоне,белое сухое Esse Шардоне ESSE,Шардоне,Белое сухое,esse-esse-shardone-beloe-suhoe-125,esse-esse-shardone-beloe-suhoe-125.webp
Esse Шардоне,белое сухое Esse Шардоне ESSE,Шардоне,Белое сухое,esse-esse-shardone-beloe-suhoe-125,esse-esse-shardone-beloe-suhoe-125_bottom.webp
Muskat,белое экстра брют Muskat ESSE,Мускат Белый,Белое экстра брют,esse-muskat-muskat-belyy-beloe-ekstra-bryut-115,esse-muskat-muskat-belyy-beloe-ekstra-bryut-115.webp
Muskat,белое экстра брют Muskat ESSE,Мускат Белый,Белое экстра брют,esse-muskat-muskat-belyy-beloe-ekstra-bryut-115,esse-muskat-muskat-belyy-beloe-ekstra-bryut-115_bottom.webp
Demi-Sec Muscat Nectar,белое экстра брют Demi-Sec Muscat Nectar ESSE,Мускат Белый,Белое экстра брют,esse-demi-sec-muscat-nectar-muskat-belyy-beloe-ekstra-bryut-115,esse-demi-sec-muscat-nectar-muskat-belyy-beloe-ekstra-bryut-115.webp
Demi-Sec Muscat Nectar,белое экстра брют Demi-Sec Muscat Nectar ESSE,Мускат Белый,Белое экстра брют,esse-demi-sec-muscat-nectar-muskat-belyy-beloe-ekstra-bryut-115,esse-demi-sec-muscat-nectar-muskat-belyy-beloe-ekstra-bryut-115_bottom.webp
Esse Rose Zero Dosage,розовое экстра брют Esse Rose Zero Dosage ESSE,Шардоне,Розовое экстра брют,esse-esse-rose-zero-dosage-shardone-rozovoe-ekstra-bryut-115,esse-esse-rose-zero-dosage-shardone-rozovoe-ekstra-bryut-115.webp
Esse Rose Zero Dosage,розовое экстра брют Esse Rose Zero Dosage ESSE,Шардоне,Розовое экстра брют,esse-esse-rose-zero-dosage-shardone-rozovoe-ekstra-bryut-115,esse-esse-rose-zero-dosage-shardone-rozovoe-ekstra-bryut-115_bottom.webp
Brut Cuvee Prestige,белое экстра брют Brut Cuvee Prestige ESSE,Шардоне,Белое экстра брют,esse-brut-cuvee-prestige-shardone-beloe-ekstra-bryut-115,esse-brut-cuvee-prestige-shardone-beloe-ekstra-bryut-115.webp
Brut Cuvee Prestige,белое экстра брют Brut Cuvee Prestige ESSE,Шардоне,Белое экстра брют,esse-brut-cuvee-prestige-shardone-beloe-ekstra-bryut-115,esse-brut-cuvee-prestige-shardone-beloe-ekstra-bryut-115_bottom.webp
Rose Cuvee Prestige,розовое брют Rose Cuvee Prestige ESSE,Пино Нуар,Розовое брют,esse-rose-cuvee-prestige-pino-nuar-rozovoe-bryut-115,esse-rose-cuvee-prestige-pino-nuar-rozovoe-bryut-115.webp
Rose Cuvee Prestige,розовое брют Rose Cuvee Prestige ESSE,Пино Нуар,Розовое брют,esse-rose-cuvee-prestige-pino-nuar-rozovoe-bryut-115,esse-rose-cuvee-prestige-pino-nuar-rozovoe-bryut-115_bottom.webp
Brut Zero Dosage,белое экстра брют Brut Zero Dosage ESSE,Шардоне,Белое экстра брют,esse-brut-zero-dosage-shardone-beloe-ekstra-bryut-12,esse-brut-zero-dosage-shardone-beloe-ekstra-bryut-12.webp
Brut Zero Dosage,белое экстра брют Brut Zero Dosage ESSE,Шардоне,Белое экстра брют,esse-brut-zero-dosage-shardone-beloe-ekstra-bryut-12,esse-brut-zero-dosage-shardone-beloe-ekstra-bryut-12_bottom.webp
Esse Millesime Brut Zero Dosage,белое экстра брют Esse Millesime Brut Zero Dosage ESSE,Шардоне,Белое экстра брют,esse-esse-millesime-brut-zero-dosage-shardone-beloe-ekstra-bryut-115,esse-esse-millesime-brut-zero-dosage-shardone-beloe-ekstra-bryut-115.webp
Esse Millesime Brut Zero Dosage,белое экстра брют Esse Millesime Brut Zero Dosage ESSE,Шардоне,Белое экстра брют,esse-esse-millesime-brut-zero-dosage-shardone-beloe-ekstra-bryut-115,esse-esse-millesime-brut-zero-dosage-shardone-beloe-ekstra-bryut-115_bottom.webp
Chenin Blanc,белое сухое Chenin Blanc ESSE,Шенен Блан,Белое сухое,esse-chenin-blanc-shenen-blan-beloe-suhoe-12,esse-chenin-blanc-shenen-blan-beloe-suhoe-12.webp
Chenin Blanc,белое сухое Chenin Blanc ESSE,Шенен Блан,Белое сухое,esse-chenin-blanc-shenen-blan-beloe-suhoe-12,esse-chenin-blanc-shenen-blan-beloe-suhoe-12_bottom.webp
Esse Grand Cuvee 60,белое экстра брют Esse Grand Cuvee 60 ESSE,Шардоне,Белое экстра брют,esse-esse-grand-cuvee-60-shardone-beloe-ekstra-bryut-115,esse-esse-grand-cuvee-60-shardone-beloe-ekstra-bryut-115.webp
Esse Grand Cuvee 60,белое экстра брют Esse Grand Cuvee 60 ESSE,Шардоне,Белое экстра брют,esse-esse-grand-cuvee-60-shardone-beloe-ekstra-bryut-115,esse-esse-grand-cuvee-60-shardone-beloe-ekstra-bryut-115_bottom.webp
Blanc De Noirs,белое экстра брют Blanc De Noirs ESSE,Пино Нуар,Белое экстра брют,esse-blanc-de-noirs-pino-nuar-beloe-ekstra-bryut-115,esse-blanc-de-noirs-pino-nuar-beloe-ekstra-bryut-115.webp
Blanc De Noirs,белое экстра брют Blanc De Noirs ESSE,Пино Нуар,Белое экстра брют,esse-blanc-de-noirs-pino-nuar-beloe-ekstra-bryut-115,esse-blanc-de-noirs-pino-nuar-beloe-ekstra-bryut-115_bottom.webp
Rose,розовое сухое Rose ESSE,Сира,Розовое сухое,esse-rose-sira-rozovoe-suhoe-12,esse-rose-sira-rozovoe-suhoe-12.webp
Rose,розовое сухое Rose ESSE,Сира,Розовое сухое,esse-rose-sira-rozovoe-suhoe-12,esse-rose-sira-rozovoe-suhoe-12_bottom.webp
Sangiovese,красное сухое Sangiovese ESSE,Санджовезе,Красное сухое,esse-sangiovese-sandzhoveze-krasnoe-suhoe-135,esse-sangiovese-sandzhoveze-krasnoe-suhoe-135.webp
Sangiovese,красное сухое Sangiovese ESSE,Санджовезе,Красное сухое,esse-sangiovese-sandzhoveze-krasnoe-suhoe-135,esse-sangiovese-sandzhoveze-krasnoe-suhoe-135_bottom.webp
Dolinnoe CHRD+VNR,белое сухое Dolinnoe CHRD+VNR ESSE,Шардоне,Белое сухое,esse-dolinnoe-chrdvnr-shardone-beloe-suhoe-13,esse-dolinnoe-chrdvnr-shardone-beloe-suhoe-13.webp
Dolinnoe CHRD+VNR,белое сухое Dolinnoe CHRD+VNR ESSE,Шардоне,Белое сухое,esse-dolinnoe-chrdvnr-shardone-beloe-suhoe-13,esse-dolinnoe-chrdvnr-shardone-beloe-suhoe-13_bottom.webp
Dolinnoe Cabernet Franc,красное сухое Dolinnoe Cabernet Franc ESSE,Каберне Фран,Красное сухое,esse-dolinnoe-cabernet-franc-kaberne-fran-krasnoe-suhoe-13,esse-dolinnoe-cabernet-franc-kaberne-fran-krasnoe-suhoe-13.webp
Dolinnoe Cabernet Franc,красное сухое Dolinnoe Cabernet Franc ESSE,Каберне Фран,Красное сухое,esse-dolinnoe-cabernet-franc-kaberne-fran-krasnoe-suhoe-13,esse-dolinnoe-cabernet-franc-kaberne-fran-krasnoe-suhoe-13_bottom.webp
Petit Verdot,красное сухое Petit Verdot ESSE,Пти Вердо,Красное сухое,esse-petit-verdot-pti-verdo-krasnoe-suhoe-13,esse-petit-verdot-pti-verdo-krasnoe-suhoe-13.webp
Petit Verdot,красное сухое Petit Verdot ESSE,Пти Вердо,Красное сухое,esse-petit-verdot-pti-verdo-krasnoe-suhoe-13,esse-petit-verdot-pti-verdo-krasnoe-suhoe-13_bottom.webp
Шенен Блан,белое сухое Шенен Блан ESSE,Шенен Блан,Белое сухое,esse-shenen-blan-beloe-suhoe-13,esse-shenen-blan-beloe-suhoe-13.webp
Шенен Блан,белое сухое Шенен Блан ESSE,Шенен Блан,Белое сухое,esse-shenen-blan-beloe-suhoe-13,esse-shenen-blan-beloe-suhoe-13_bottom.webp
MaMa,красное сухое MaMa ESSE,Марселан,Красное сухое,esse-mama-marselan-krasnoe-suhoe-115,esse-mama-marselan-krasnoe-suhoe-115.webp
MaMa,красное сухое MaMa ESSE,Марселан,Красное сухое,esse-mama-marselan-krasnoe-suhoe-115,esse-mama-marselan-krasnoe-suhoe-115_bottom.webp
Odessa black,красное сухое Odessa black ESSE,Одесский черный,Красное сухое,esse-odessa-black-odesskiy-chernyy-krasnoe-suhoe-12,esse-odessa-black-odesskiy-chernyy-krasnoe-suhoe-12.webp
Odessa black,красное сухое Odessa black ESSE,Одесский черный,Красное сухое,esse-odessa-black-odesskiy-chernyy-krasnoe-suhoe-12,esse-odessa-black-odesskiy-chernyy-krasnoe-suhoe-12_bottom.webp
Саперави Heaven,красное сухое Саперави Heaven ESSE,Саперави,Красное сухое,esse-saperavi-heaven-krasnoe-suhoe-13,esse-saperavi-heaven-krasnoe-suhoe-13.webp
Саперави Heaven,красное сухое Саперави Heaven ESSE,Саперави,Красное сухое,esse-saperavi-heaven-krasnoe-suhoe-13,esse-saperavi-heaven-krasnoe-suhoe-13_bottom.webp
Пино Нуар,красное сухое Пино Нуар ESSE,Пино Нуар,Красное сухое,esse-pino-nuar-krasnoe-suhoe-115,esse-pino-nuar-krasnoe-suhoe-115.webp
Пино Нуар,красное сухое Пино Нуар ESSE,Пино Нуар,Красное сухое,esse-pino-nuar-krasnoe-suhoe-115,esse-pino-nuar-krasnoe-suhoe-115_bottom.webp
Мускат Оранж,белое сухое Мускат Оранж ESSE,Мускат Белый,Белое сухое,esse-muskat-oranzh-muskat-belyy-beloe-suhoe-115,esse-muskat-oranzh-muskat-belyy-beloe-suhoe-115.webp
Мускат Оранж,белое сухое Мускат Оранж ESSE,Мускат Белый,Белое сухое,esse-muskat-oranzh-muskat-belyy-beloe-suhoe-115,esse-muskat-oranzh-muskat-belyy-beloe-suhoe-115_bottom.webp
Пино Гри Blush,розовое сухое Пино Гри Blush ESSE,Пино Гри,Розовое сухое,esse-pino-gri-blush-rozovoe-suhoe-115,esse-pino-gri-blush-rozovoe-suhoe-115.webp
Пино Гри Blush,розовое сухое Пино Гри Blush ESSE,Пино Гри,Розовое сухое,esse-pino-gri-blush-rozovoe-suhoe-115,esse-pino-gri-blush-rozovoe-suhoe-115_bottom.webp
Пино Гри,белое сухое Пино Гри ESSE,Пино Гри,Белое сухое,esse-pino-gri-beloe-suhoe-12,esse-pino-gri-beloe-suhoe-12.webp
Пино Гри,белое сухое Пино Гри ESSE,Пино Гри,Белое сухое,esse-pino-gri-beloe-suhoe-12,esse-pino-gri-beloe-suhoe-12_bottom.webp
Ркацители Оранж,белое сухое Ркацители Оранж ESSE,Ркацители,Белое сухое,esse-rkatsiteli-oranzh-beloe-suhoe-12,esse-rkatsiteli-oranzh-beloe-suhoe-12.webp
Ркацители Оранж,белое сухое Ркацители Оранж ESSE,Ркацители,Белое сухое,esse-rkatsiteli-oranzh-beloe-suhoe-12,esse-rkatsiteli-oranzh-beloe-suhoe-12_bottom.webp
Ridicule,красное сухое Ridicule ESSE,Сира,Красное сухое,esse-ridicule-sira-krasnoe-suhoe-125,esse-ridicule-sira-krasnoe-suhoe-125.webp
Ridicule,красное сухое Ridicule ESSE,Сира,Красное сухое,esse-ridicule-sira-krasnoe-suhoe-125,esse-ridicule-sira-krasnoe-suhoe-125_bottom.webp
Muscat de Gai-Kodzor сладкий,белое сладкое Muscat de Gai-Kodzor сладкий Виноградники Гай-Кодзора,Мускат Александрийский,Белое сладкое,vinogradniki-gay-kodzora-muscat-de-gai-kodzor-sladkiy-muskat-aleksandriyskiy-beloe-sladkoe-14,vinogradniki-gay-kodzora-muscat-de-gai-kodzor-sladkiy-muskat-aleksandriyskiy-beloe-sladkoe-14.webp
Muscat de Gai-Kodzor сладкий,белое сладкое Muscat de Gai-Kodzor сладкий Виноградники Гай-Кодзора,Мускат Александрийский,Белое сладкое,vinogradniki-gay-kodzora-muscat-de-gai-kodzor-sladkiy-muskat-aleksandriyskiy-beloe-sladkoe-14,vinogradniki-gay-kodzora-muscat-de-gai-kodzor-sladkiy-muskat-aleksandriyskiy-beloe-sladkoe-14_bottom.webp
Malbec De Gai-Kodzor,красное сухое Malbec De Gai-Kodzor Виноградники Гай-Кодзора,Мальбек,Красное сухое,vinogradniki-gay-kodzora-malbec-de-gai-kodzor-malbek-krasnoe-suhoe-135,vinogradniki-gay-kodzora-malbec-de-gai-kodzor-malbek-krasnoe-suhoe-135.webp
Malbec De Gai-Kodzor,красное сухое Malbec De Gai-Kodzor Виноградники Гай-Кодзора,Мальбек,Красное сухое,vinogradniki-gay-kodzora-malbec-de-gai-kodzor-malbek-krasnoe-suhoe-135,vinogradniki-gay-kodzora-malbec-de-gai-kodzor-malbek-krasnoe-suhoe-135_bottom.webp
Terroir De Gai-Kodzor,красное сухое Terroir De Gai-Kodzor Виноградники Гай-Кодзора,Сира,Красное сухое,vinogradniki-gay-kodzora-terroir-de-gai-kodzor-sira-krasnoe-suhoe-14,vinogradniki-gay-kodzora-terroir-de-gai-kodzor-sira-krasnoe-suhoe-14.webp
Terroir De Gai-Kodzor,красное сухое Terroir De Gai-Kodzor Виноградники Гай-Кодзора,Сира,Красное сухое,vinogradniki-gay-kodzora-terroir-de-gai-kodzor-sira-krasnoe-suhoe-14,vinogradniki-gay-kodzora-terroir-de-gai-kodzor-sira-krasnoe-suhoe-14_bottom.webp
Semillion de Gai-Kodzor,белое сладкое Semillion de Gai-Kodzor Виноградники Гай-Кодзора,Семильон,Белое сладкое,vinogradniki-gay-kodzora-semillion-de-gai-kodzor-semilon-beloe-sladkoe-12,vinogradniki-gay-kodzora-semillion-de-gai-kodzor-semilon-beloe-sladkoe-12.webp
Semillion de Gai-Kodzor,белое сладкое Semillion de Gai-Kodzor Виноградники Гай-Кодзора,Семильон,Белое сладкое,vinogradniki-gay-kodzora-semillion-de-gai-kodzor-semilon-beloe-sladkoe-12,vinogradniki-gay-kodzora-semillion-de-gai-kodzor-semilon-beloe-sladkoe-12_bottom.webp
Gewurztraminer de Gai-Kodzor,белое полусухое Gewurztraminer de Gai-Kodzor Виноградники Гай-Кодзора,Гевюрцтраминер,Белое полусухое,vinogradniki-gay-kodzora-gewurztraminer-de-gai-kodzor-gevyurtstraminer-beloe-polusuhoe-135,vinogradniki-gay-kodzora-gewurztraminer-de-gai-kodzor-gevyurtstraminer-beloe-polusuhoe-135.webp
Gewurztraminer de Gai-Kodzor,белое полусухое Gewurztraminer de Gai-Kodzor Виноградники Гай-Кодзора,Гевюрцтраминер,Белое полусухое,vinogradniki-gay-kodzora-gewurztraminer-de-gai-kodzor-gevyurtstraminer-beloe-polusuhoe-135,vinogradniki-gay-kodzora-gewurztraminer-de-gai-kodzor-gevyurtstraminer-beloe-polusuhoe-135_bottom.webp
Rose Cuvee Prestige De Gai-Kodzor,розовое сухое Rose Cuvee Prestige De Gai-Kodzor Виноградники Гай-Кодзора,Мурведр,Розовое сухое,vinogradniki-gay-kodzora-rose-cuvee-prestige-de-gai-kodzor-murvedr-rozovoe-suhoe-13,vinogradniki-gay-kodzora-rose-cuvee-prestige-de-gai-kodzor-murvedr-rozovoe-suhoe-13.webp
Rose Cuvee Prestige De Gai-Kodzor,розовое сухое Rose Cuvee Prestige De Gai-Kodzor Виноградники Гай-Кодзора,Мурведр,Розовое сухое,vinogradniki-gay-kodzora-rose-cuvee-prestige-de-gai-kodzor-murvedr-rozovoe-suhoe-13,vinogradniki-gay-kodzora-rose-cuvee-prestige-de-gai-kodzor-murvedr-rozovoe-suhoe-13_bottom.webp
Malbec Red Klen De Gai-Kodzor,красное сухое Malbec Red Klen De Gai-Kodzor Виноградники Гай-Кодзора,Мальбек,Красное сухое,vinogradniki-gay-kodzora-malbec-red-klen-de-gai-kodzor-malbek-krasnoe-suhoe-135,vinogradniki-gay-kodzora-malbec-red-klen-de-gai-kodzor-malbek-krasnoe-suhoe-135.webp
Malbec Red Klen De Gai-Kodzor,красное сухое Malbec Red Klen De Gai-Kodzor Виноградники Гай-Кодзора,Мальбек,Красное сухое,vinogradniki-gay-kodzora-malbec-red-klen-de-gai-kodzor-malbek-krasnoe-suhoe-135,vinogradniki-gay-kodzora-malbec-red-klen-de-gai-kodzor-malbek-krasnoe-suhoe-135_bottom.webp
Elegance. Rose De Gai-Kodzor,розовое сухое Elegance. Rose De Gai-Kodzor Виноградники Гай-Кодзора,Сира,Розовое сухое,vinogradniki-gay-kodzora-elegance-rose-de-gai-kodzor-sira-rozovoe-suhoe-125,vinogradniki-gay-kodzora-elegance-rose-de-gai-kodzor-sira-rozovoe-suhoe-125.webp
Elegance. Rose De Gai-Kodzor,розовое сухое Elegance. Rose De Gai-Kodzor Виноградники Гай-Кодзора,Сира,Розовое сухое,vinogradniki-gay-kodzora-elegance-rose-de-gai-kodzor-sira-rozovoe-suhoe-125,vinogradniki-gay-kodzora-elegance-rose-de-gai-kodzor-sira-rozovoe-suhoe-125_bottom.webp
Terroir Blanc de Gaï-Kodzor,белое сухое Terroir Blanc de Gaï-Kodzor Виноградники Гай-Кодзора,Семильон,Белое сухое,vinogradniki-gay-kodzora-terroir-blanc-de-ga-kodzor-semilon-beloe-suhoe-13,vinogradniki-gay-kodzora-terroir-blanc-de-ga-kodzor-semilon-beloe-suhoe-13.webp
Terroir Blanc de Gaï-Kodzor,белое сухое Terroir Blanc de Gaï-Kodzor Виноградники Гай-Кодзора,Семильон,Белое сухое,vinogradniki-gay-kodzora-terroir-blanc-de-ga-kodzor-semilon-beloe-suhoe-13,vinogradniki-gay-kodzora-terroir-blanc-de-ga-kodzor-semilon-beloe-suhoe-13_bottom.webp
Sauvignon Blanc de Gaï-Kodzor,белое сухое Sauvignon Blanc de Gaï-Kodzor Виноградники Гай-Кодзора,Совиньон Блан,Белое сухое,vinogradniki-gay-kodzora-sauvignon-blanc-de-ga-kodzor-sovinon-blan-beloe-suhoe-12,vinogradniki-gay-kodzora-sauvignon-blanc-de-ga-kodzor-sovinon-blan-beloe-suhoe-12.webp
Sauvignon Blanc de Gaï-Kodzor,белое сухое Sauvignon Blanc de Gaï-Kodzor Виноградники Гай-Кодзора,Совиньон Блан,Белое сухое,vinogradniki-gay-kodzora-sauvignon-blanc-de-ga-kodzor-sovinon-blan-beloe-suhoe-12,vinogradniki-gay-kodzora-sauvignon-blanc-de-ga-kodzor-sovinon-blan-beloe-suhoe-12_bottom.webp
Rose de Gai-Kodzor,розовое сухое Rose de Gai-Kodzor Виноградники Гай-Кодзора,Гренаш,Розовое сухое,vinogradniki-gay-kodzora-rose-de-gai-kodzor-grenash-rozovoe-suhoe-125,vinogradniki-gay-kodzora-rose-de-gai-kodzor-grenash-rozovoe-suhoe-125.webp
Rose de Gai-Kodzor,розовое сухое Rose de Gai-Kodzor Виноградники Гай-Кодзора,Гренаш,Розовое сухое,vinogradniki-gay-kodzora-rose-de-gai-kodzor-grenash-rozovoe-suhoe-125,vinogradniki-gay-kodzora-rose-de-gai-kodzor-grenash-rozovoe-suhoe-125_bottom.webp
Viognier de Gaï-Kodzor,белое сухое Viognier de Gaï-Kodzor Виноградники Гай-Кодзора,Вионье,Белое сухое,vinogradniki-gay-kodzora-viognier-de-ga-kodzor-vione-beloe-suhoe-125,vinogradniki-gay-kodzora-viognier-de-ga-kodzor-vione-beloe-suhoe-125.webp
Viognier de Gaï-Kodzor,белое сухое Viognier de Gaï-Kodzor Виноградники Гай-Кодзора,Вионье,Белое сухое,vinogradniki-gay-kodzora-viognier-de-ga-kodzor-vione-beloe-suhoe-125,vinogradniki-gay-kodzora-viognier-de-ga-kodzor-vione-beloe-suhoe-125_bottom.webp
Арпачино. Иноходец,белое экстра брют Арпачино. Иноходец Вина Арпачина,Алиготе,Белое экстра брют,vina-arpachina-arpachino-inohodets-aligote-beloe-ekstra-bryut-125,vina-arpachina-arpachino-inohodets-aligote-beloe-ekstra-bryut-125.webp
Арпачино. Иноходец,белое экстра брют Арпачино. Иноходец Вина Арпачина,Алиготе,Белое экстра брют,vina-arpachina-arpachino-inohodets-aligote-beloe-ekstra-bryut-125,vina-arpachina-arpachino-inohodets-aligote-beloe-ekstra-bryut-125_bottom.webp
Muscat Gaï-Kodzor,белое сухое Muscat Gaï-Kodzor Виноградники Гай-Кодзора,Мускат Мелкозернистый,Белое сухое,vinogradniki-gay-kodzora-muscat-ga-kodzor-muskat-melkozernistyy-beloe-suhoe-12,vinogradniki-gay-kodzora-muscat-ga-kodzor-muskat-melkozernistyy-beloe-suhoe-12.webp
Muscat Gaï-Kodzor,белое сухое Muscat Gaï-Kodzor Виноградники Гай-Кодзора,Мускат Мелкозернистый,Белое сухое,vinogradniki-gay-kodzora-muscat-ga-kodzor-muskat-melkozernistyy-beloe-suhoe-12,vinogradniki-gay-kodzora-muscat-ga-kodzor-muskat-melkozernistyy-beloe-suhoe-12_bottom.webp
Terroir Red Klёn de Gaï-Kodzor,красное сухое Terroir Red Klёn de Gaï-Kodzor Виноградники Гай-Кодзора,Сира,Красное сухое,vinogradniki-gay-kodzora-terroir-red-klyon-de-ga-kodzor-sira-krasnoe-suhoe-14,vinogradniki-gay-kodzora-terroir-red-klyon-de-ga-kodzor-sira-krasnoe-suhoe-14.webp
Terroir Red Klёn de Gaï-Kodzor,красное сухое Terroir Red Klёn de Gaï-Kodzor Виноградники Гай-Кодзора,Сира,Красное сухое,vinogradniki-gay-kodzora-terroir-red-klyon-de-ga-kodzor-sira-krasnoe-suhoe-14,vinogradniki-gay-kodzora-terroir-red-klyon-de-ga-kodzor-sira-krasnoe-suhoe-14_bottom.webp
Арпачино. Цимлянский Черный,розовое экстра брют Арпачино. Цимлянский Черный Вина Арпачина,Цимлянский черный,Розовое экстра брют,vina-arpachina-arpachino-tsimlyanskiy-chernyy-rozovoe-ekstra-bryut-13,vina-arpachina-arpachino-tsimlyanskiy-chernyy-rozovoe-ekstra-bryut-13.webp
Арпачино. Цимлянский Черный,розовое экстра брют Арпачино. Цимлянский Черный Вина Арпачина,Цимлянский черный,Розовое экстра брют,vina-arpachina-arpachino-tsimlyanskiy-chernyy-rozovoe-ekstra-bryut-13,vina-arpachina-arpachino-tsimlyanskiy-chernyy-rozovoe-ekstra-bryut-13_bottom.webp
Арпачино. Иноходец,белое экстра брют Арпачино. Иноходец Вина Арпачина,Сибирьковый,Белое экстра брют,vina-arpachina-arpachino-inohodets-sibirkovyy-beloe-ekstra-bryut-125,vina-arpachina-arpachino-inohodets-sibirkovyy-beloe-ekstra-bryut-125.webp
Арпачино. Иноходец,белое экстра брют Арпачино. Иноходец Вина Арпачина,Сибирьковый,Белое экстра брют,vina-arpachina-arpachino-inohodets-sibirkovyy-beloe-ekstra-bryut-125,vina-arpachina-arpachino-inohodets-sibirkovyy-beloe-ekstra-bryut-125_bottom.webp
Арпачино. Иноходец,белое экстра брют Арпачино. Иноходец Вина Арпачина,Кумшацкий,Белое экстра брют,vina-arpachina-arpachino-inohodets-kumshatskiy-beloe-ekstra-bryut-125,vina-arpachina-arpachino-inohodets-kumshatskiy-beloe-ekstra-bryut-125.webp
Арпачино. Иноходец,белое экстра брют Арпачино. Иноходец Вина Арпачина,Кумшацкий,Белое экстра брют,vina-arpachina-arpachino-inohodets-kumshatskiy-beloe-ekstra-bryut-125,vina-arpachina-arpachino-inohodets-kumshatskiy-beloe-ekstra-bryut-125_bottom.webp
Арпачино. Алиготе экстра брют,белое экстра брют Арпачино. Алиготе экстра брют Вина Арпачина,Алиготе,Белое экстра брют,vina-arpachina-arpachino-aligote-ekstra-bryut-beloe-115,vina-arpachina-arpachino-aligote-ekstra-bryut-beloe-115.webp
Арпачино. Алиготе экстра брют,белое экстра брют Арпачино. Алиготе экстра брют Вина Арпачина,Алиготе,Белое экстра брют,vina-arpachina-arpachino-aligote-ekstra-bryut-beloe-115,vina-arpachina-arpachino-aligote-ekstra-bryut-beloe-115_bottom.webp
Арпачино. Иноходец,белое экстра брют Арпачино. Иноходец Вина Арпачина,Пухляковский,Белое экстра брют,vina-arpachina-arpachino-inohodets-puhlyakovskiy-beloe-ekstra-bryut-125,vina-arpachina-arpachino-inohodets-puhlyakovskiy-beloe-ekstra-bryut-125.webp
Арпачино. Иноходец,белое экстра брют Арпачино. Иноходец Вина Арпачина,Пухляковский,Белое экстра брют,vina-arpachina-arpachino-inohodets-puhlyakovskiy-beloe-ekstra-bryut-125,vina-arpachina-arpachino-inohodets-puhlyakovskiy-beloe-ekstra-bryut-125_bottom.webp
Саперави,красное сухое Саперави VinaBani,Саперави,Красное сухое,vinabani-saperavi-krasnoe-suhoe-135,vinabani-saperavi-krasnoe-suhoe-135.webp
Саперави,красное сухое Саперави VinaBani,Саперави,Красное сухое,vinabani-saperavi-krasnoe-suhoe-135,vinabani-saperavi-krasnoe-suhoe-135_bottom.webp
Архитектор. Сира,красное сухое Архитектор. Сира STN Winery,Сира,Красное сухое,stn-winery-arhitektor-sira-krasnoe-suhoe-12,stn-winery-arhitektor-sira-krasnoe-suhoe-12.webp
Архитектор. Сира,красное сухое Архитектор. Сира STN Winery,Сира,Красное сухое,stn-winery-arhitektor-sira-krasnoe-suhoe-12,stn-winery-arhitektor-sira-krasnoe-suhoe-12_bottom.webp
Пино Нуар розе,розовое сухое Пино Нуар розе VinaBani,Пино Нуар,Розовое сухое,vinabani-pino-nuar-roze-rozovoe-suhoe-12,vinabani-pino-nuar-roze-rozovoe-suhoe-12.webp
Пино Нуар розе,розовое сухое Пино Нуар розе VinaBani,Пино Нуар,Розовое сухое,vinabani-pino-nuar-roze-rozovoe-suhoe-12,vinabani-pino-nuar-roze-rozovoe-suhoe-12_bottom.webp
Aligote Sur Lie,белое сухое Aligote Sur Lie Vino & Nebo,Алиготе,Белое сухое,vino-nebo-aligote-sur-lie-aligote-beloe-suhoe-127,vino-nebo-aligote-sur-lie-aligote-beloe-suhoe-127.webp
Aligote Sur Lie,белое сухое Aligote Sur Lie Vino & Nebo,Алиготе,Белое сухое,vino-nebo-aligote-sur-lie-aligote-beloe-suhoe-127,vino-nebo-aligote-sur-lie-aligote-beloe-suhoe-127_bottom.webp
Алиготе,белое сухое Алиготе VinaBani,Алиготе,Белое сухое,vinabani-aligote-beloe-suhoe-12,vinabani-aligote-beloe-suhoe-12.webp
Алиготе,белое сухое Алиготе VinaBani,Алиготе,Белое сухое,vinabani-aligote-beloe-suhoe-12,vinabani-aligote-beloe-suhoe-12_bottom.webp
Мерло,красное сухое Мерло STN Winery,Мерло,Красное сухое,stn-winery-merlo-krasnoe-suhoe-14,stn-winery-merlo-krasnoe-suhoe-14.webp
Мерло,красное сухое Мерло STN Winery,Мерло,Красное сухое,stn-winery-merlo-krasnoe-suhoe-14,stn-winery-merlo-krasnoe-suhoe-14_bottom.webp
Пино Нуар,красное сухое Пино Нуар STN Winery,Пино Нуар,Красное сухое,stn-winery-pino-nuar-krasnoe-suhoe-12,stn-winery-pino-nuar-krasnoe-suhoe-12.webp
Пино Нуар,красное сухое Пино Нуар STN Winery,Пино Нуар,Красное сухое,stn-winery-pino-nuar-krasnoe-suhoe-12,stn-winery-pino-nuar-krasnoe-suhoe-12_bottom.webp
WIESS,белое сухое WIESS STN Winery,Рислинг,Белое сухое,stn-winery-wiess-risling-beloe-suhoe-12,stn-winery-wiess-risling-beloe-suhoe-12.webp
WIESS,белое сухое WIESS STN Winery,Рислинг,Белое сухое,stn-winery-wiess-risling-beloe-suhoe-12,stn-winery-wiess-risling-beloe-suhoe-12_bottom.webp
Мускат,белое сухое Мускат STN Winery,Мускат,Белое сухое,stn-winery-muskat-beloe-suhoe-115,stn-winery-muskat-beloe-suhoe-115.webp
Мускат,белое сухое Мускат STN Winery,Мускат,Белое сухое,stn-winery-muskat-beloe-suhoe-115,stn-winery-muskat-beloe-suhoe-115_bottom.webp
Братство Кочерги. Пино Нуар,красное сухое Братство Кочерги. Пино Нуар STN Winery,Пино Нуар,Красное сухое,stn-winery-bratstvo-kochergi-pino-nuar-krasnoe-suhoe-12,stn-winery-bratstvo-kochergi-pino-nuar-krasnoe-suhoe-12.webp
Братство Кочерги. Пино Нуар,красное сухое Братство Кочерги. Пино Нуар STN Winery,Пино Нуар,Красное сухое,stn-winery-bratstvo-kochergi-pino-nuar-krasnoe-suhoe-12,stn-winery-bratstvo-kochergi-pino-nuar-krasnoe-suhoe-12_bottom.webp
Traminer,белое сухое Traminer STN Winery,Траминер,Белое сухое,stn-winery-traminer-traminer-beloe-suhoe-13,stn-winery-traminer-traminer-beloe-suhoe-13.webp
Traminer,белое сухое Traminer STN Winery,Траминер,Белое сухое,stn-winery-traminer-traminer-beloe-suhoe-13,stn-winery-traminer-traminer-beloe-suhoe-13_bottom.webp
Трио Алиготе,белое сухое Трио Алиготе STN Winery,Алиготе,Белое сухое,stn-winery-trio-aligote-beloe-suhoe-13,stn-winery-trio-aligote-beloe-suhoe-13.webp
Трио Алиготе,белое сухое Трио Алиготе STN Winery,Алиготе,Белое сухое,stn-winery-trio-aligote-beloe-suhoe-13,stn-winery-trio-aligote-beloe-suhoe-13_bottom.webp
Saignee,розовое сухое Saignee STN Winery,Сира,Розовое сухое,stn-winery-saignee-sira-rozovoe-suhoe-125,stn-winery-saignee-sira-rozovoe-suhoe-125.webp
Saignee,розовое сухое Saignee STN Winery,Сира,Розовое сухое,stn-winery-saignee-sira-rozovoe-suhoe-125,stn-winery-saignee-sira-rozovoe-suhoe-125_bottom.webp
Cyberpunk,красное сухое Cyberpunk STN Winery,Пино Нуар,Красное сухое,stn-winery-cyberpunk-pino-nuar-krasnoe-suhoe-12,stn-winery-cyberpunk-pino-nuar-krasnoe-suhoe-12.webp
Cyberpunk,красное сухое Cyberpunk STN Winery,Пино Нуар,Красное сухое,stn-winery-cyberpunk-pino-nuar-krasnoe-suhoe-12,stn-winery-cyberpunk-pino-nuar-krasnoe-suhoe-12_bottom.webp
Syrah,красное сухое Syrah STN Winery,Сира,Красное сухое,stn-winery-syrah-sira-krasnoe-suhoe-13,stn-winery-syrah-sira-krasnoe-suhoe-13.webp
Syrah,красное сухое Syrah STN Winery,Сира,Красное сухое,stn-winery-syrah-sira-krasnoe-suhoe-13,stn-winery-syrah-sira-krasnoe-suhoe-13_bottom.webp
Pavel Shvets. Cabernet Sauvignon - Merlot,красное сухое Pavel Shvets. Cabernet Sauvignon - Merlot Uppa Winery,Каберне Совиньон,Красное сухое,uppa-winery-pavel-shvets-cabernet-sauvignon-merlot-kaberne-sovinon-krasnoe-suhoe-14,uppa-winery-pavel-shvets-cabernet-sauvignon-merlot-kaberne-sovinon-krasnoe-suhoe-14.webp
Pavel Shvets. Cabernet Sauvignon - Merlot,красное сухое Pavel Shvets. Cabernet Sauvignon - Merlot Uppa Winery,Каберне Совиньон,Красное сухое,uppa-winery-pavel-shvets-cabernet-sauvignon-merlot-kaberne-sovinon-krasnoe-suhoe-14,uppa-winery-pavel-shvets-cabernet-sauvignon-merlot-kaberne-sovinon-krasnoe-suhoe-14_bottom.webp
4 elements. Рислинг,белое сухое 4 elements. Рислинг Усадьба Родное Гнездо,Рислинг,Белое сухое,usadba-rodnoe-gnezdo-4-elements-risling-beloe-suhoe-12,usadba-rodnoe-gnezdo-4-elements-risling-beloe-suhoe-12.webp
4 elements. Рислинг,белое сухое 4 elements. Рислинг Усадьба Родное Гнездо,Рислинг,Белое сухое,usadba-rodnoe-gnezdo-4-elements-risling-beloe-suhoe-12,usadba-rodnoe-gnezdo-4-elements-risling-beloe-suhoe-12_bottom.webp
Chardonnay vol.2,белое сухое Chardonnay vol.2 STN Winery,Шардоне,Белое сухое,stn-winery-chardonnay-vol2-shardone-beloe-suhoe-105,stn-winery-chardonnay-vol2-shardone-beloe-suhoe-105.webp
Chardonnay vol.2,белое сухое Chardonnay vol.2 STN Winery,Шардоне,Белое сухое,stn-winery-chardonnay-vol2-shardone-beloe-suhoe-105,stn-winery-chardonnay-vol2-shardone-beloe-suhoe-105_bottom.webp
4 elements. Совиньон Блан,белое полусладкое 4 elements. Совиньон Блан Усадьба Родное Гнездо,Совиньон Блан,Белое полусладкое,usadba-rodnoe-gnezdo-4-elements-sovinon-blan-beloe-polusladkoe-12,usadba-rodnoe-gnezdo-4-elements-sovinon-blan-beloe-polusladkoe-12.webp
4 elements. Совиньон Блан,белое полусладкое 4 elements. Совиньон Блан Усадьба Родное Гнездо,Совиньон Блан,Белое полусладкое,usadba-rodnoe-gnezdo-4-elements-sovinon-blan-beloe-polusladkoe-12,usadba-rodnoe-gnezdo-4-elements-sovinon-blan-beloe-polusladkoe-12_bottom.webp
4 elements. Совиньон Блан,белое сухое 4 elements. Совиньон Блан Усадьба Родное Гнездо,Совиньон Блан,Белое сухое,usadba-rodnoe-gnezdo-4-elements-sovinon-blan-beloe-suhoe-12,usadba-rodnoe-gnezdo-4-elements-sovinon-blan-beloe-suhoe-12.webp
4 elements. Совиньон Блан,белое сухое 4 elements. Совиньон Блан Усадьба Родное Гнездо,Совиньон Блан,Белое сухое,usadba-rodnoe-gnezdo-4-elements-sovinon-blan-beloe-suhoe-12,usadba-rodnoe-gnezdo-4-elements-sovinon-blan-beloe-suhoe-12_bottom.webp
4 elements. Рислинг,белое полусухое 4 elements. Рислинг Усадьба Родное Гнездо,Рислинг,Белое полусухое,usadba-rodnoe-gnezdo-4-elements-risling-beloe-polusuhoe-12,usadba-rodnoe-gnezdo-4-elements-risling-beloe-polusuhoe-12.webp
4 elements. Рислинг,белое полусухое 4 elements. Рислинг Усадьба Родное Гнездо,Рислинг,Белое полусухое,usadba-rodnoe-gnezdo-4-elements-risling-beloe-polusuhoe-12,usadba-rodnoe-gnezdo-4-elements-risling-beloe-polusuhoe-12_bottom.webp
Шу-Шу,розовое сухое Шу-Шу Сенетх,Саперави,Розовое сухое,seneth-shu-shu-saperavi-rozovoe-suhoe-12,seneth-shu-shu-saperavi-rozovoe-suhoe-12.webp
Шу-Шу,розовое сухое Шу-Шу Сенетх,Саперави,Розовое сухое,seneth-shu-shu-saperavi-rozovoe-suhoe-12,seneth-shu-shu-saperavi-rozovoe-suhoe-12_bottom.webp
4 elements. Каберне Совиньон,красное сухое 4 elements. Каберне Совиньон Усадьба Родное Гнездо,Каберне Совиньон,Красное сухое,usadba-rodnoe-gnezdo-4-elements-kaberne-sovinon-krasnoe-suhoe-15,usadba-rodnoe-gnezdo-4-elements-kaberne-sovinon-krasnoe-suhoe-15.webp
4 elements. Каберне Совиньон,красное сухое 4 elements. Каберне Совиньон Усадьба Родное Гнездо,Каберне Совиньон,Красное сухое,usadba-rodnoe-gnezdo-4-elements-kaberne-sovinon-krasnoe-suhoe-15,usadba-rodnoe-gnezdo-4-elements-kaberne-sovinon-krasnoe-suhoe-15_bottom.webp
4 elements. Сира. Розе,розовое полусухое 4 elements. Сира. Розе Усадьба Родное Гнездо,Сира,Розовое полусухое,usadba-rodnoe-gnezdo-4-elements-sira-roze-rozovoe-polusuhoe-135,usadba-rodnoe-gnezdo-4-elements-sira-roze-rozovoe-polusuhoe-135.webp
4 elements. Сира. Розе,розовое полусухое 4 elements. Сира. Розе Усадьба Родное Гнездо,Сира,Розовое полусухое,usadba-rodnoe-gnezdo-4-elements-sira-roze-rozovoe-polusuhoe-135,usadba-rodnoe-gnezdo-4-elements-sira-roze-rozovoe-polusuhoe-135_bottom.webp
Ркацители,белое сухое Ркацители Левокумское,Ркацители,Белое сухое,levokumskoe-rkatsiteli-beloe-suhoe-10,levokumskoe-rkatsiteli-beloe-suhoe-10.webp
Ркацители,белое сухое Ркацители Левокумское,Ркацители,Белое сухое,levokumskoe-rkatsiteli-beloe-suhoe-10,levokumskoe-rkatsiteli-beloe-suhoe-10_bottom.webp
Blanc de Blancs,белое экстра брют Blanc de Blancs Усадьба Перовских,Шардоне,Белое экстра брют,usadba-perovskih-blanc-de-blancs-shardone-beloe-ekstra-bryut-11,usadba-perovskih-blanc-de-blancs-shardone-beloe-ekstra-bryut-11.webp
Blanc de Blancs,белое экстра брют Blanc de Blancs Усадьба Перовских,Шардоне,Белое экстра брют,usadba-perovskih-blanc-de-blancs-shardone-beloe-ekstra-bryut-11,usadba-perovskih-blanc-de-blancs-shardone-beloe-ekstra-bryut-11_bottom.webp
Совиньон Блан,белое сухое Совиньон Блан Левокумское,Совиньон Блан,Белое сухое,levokumskoe-sovinon-blan-beloe-suhoe-10,levokumskoe-sovinon-blan-beloe-suhoe-10.webp
Совиньон Блан,белое сухое Совиньон Блан Левокумское,Совиньон Блан,Белое сухое,levokumskoe-sovinon-blan-beloe-suhoe-10,levokumskoe-sovinon-blan-beloe-suhoe-10_bottom.webp
Белое,белое сухое Белое Левокумское,Ркацители,Белое сухое,levokumskoe-beloe-rkatsiteli-suhoe-10,levokumskoe-beloe-rkatsiteli-suhoe-10.webp
Белое,белое сухое Белое Левокумское,Ркацители,Белое сухое,levokumskoe-beloe-rkatsiteli-suhoe-10,levokumskoe-beloe-rkatsiteli-suhoe-10_bottom.webp
Пино Нуар Резерв,красное сухое Пино Нуар Резерв Усадьба Перовских,Пино Нуар,Красное сухое,usadba-perovskih-pino-nuar-rezerv-krasnoe-suhoe-122,usadba-perovskih-pino-nuar-rezerv-krasnoe-suhoe-122.webp
Пино Нуар Резерв,красное сухое Пино Нуар Резерв Усадьба Перовских,Пино Нуар,Красное сухое,usadba-perovskih-pino-nuar-rezerv-krasnoe-suhoe-122,usadba-perovskih-pino-nuar-rezerv-krasnoe-suhoe-122_bottom.webp
Silvaner,белое сухое Silvaner Vibes,Сильванер,Белое сухое,vibes-silvaner-silvaner-beloe-suhoe-125,vibes-silvaner-silvaner-beloe-suhoe-125.webp
Silvaner,белое сухое Silvaner Vibes,Сильванер,Белое сухое,vibes-silvaner-silvaner-beloe-suhoe-125,vibes-silvaner-silvaner-beloe-suhoe-125_bottom.webp
Riesling - Silvaner,белое сухое Riesling - Silvaner Vibes,Рислинг,Белое сухое,vibes-riesling-silvaner-risling-beloe-suhoe-115,vibes-riesling-silvaner-risling-beloe-suhoe-115.webp
Riesling - Silvaner,белое сухое Riesling - Silvaner Vibes,Рислинг,Белое сухое,vibes-riesling-silvaner-risling-beloe-suhoe-115,vibes-riesling-silvaner-risling-beloe-suhoe-115_bottom.webp
Каберне Фран 1890,красное сухое Каберне Фран 1890 Усадьба Перовских,Каберне Фран,Красное сухое,usadba-perovskih-kaberne-fran-1890-krasnoe-suhoe-13,usadba-perovskih-kaberne-fran-1890-krasnoe-suhoe-13.webp
Каберне Фран 1890,красное сухое Каберне Фран 1890 Усадьба Перовских,Каберне Фран,Красное сухое,usadba-perovskih-kaberne-fran-1890-krasnoe-suhoe-13,usadba-perovskih-kaberne-fran-1890-krasnoe-suhoe-13_bottom.webp
Vermentino – Viognier Barrel Fermented,белое сухое Vermentino – Viognier Barrel Fermented Vibes,Верментино,Белое сухое,vibes-vermentino-viognier-barrel-fermented-vermentino-beloe-suhoe-115,vibes-vermentino-viognier-barrel-fermented-vermentino-beloe-suhoe-115.webp
Vermentino – Viognier Barrel Fermented,белое сухое Vermentino – Viognier Barrel Fermented Vibes,Верментино,Белое сухое,vibes-vermentino-viognier-barrel-fermented-vermentino-beloe-suhoe-115,vibes-vermentino-viognier-barrel-fermented-vermentino-beloe-suhoe-115_bottom.webp
Каберне Совиньон & Мерло 1890,красное сухое Каберне Совиньон & Мерло 1890 Усадьба Перовских,Мерло,Красное сухое,usadba-perovskih-kaberne-sovinon-merlo-1890-krasnoe-suhoe-13,usadba-perovskih-kaberne-sovinon-merlo-1890-krasnoe-suhoe-13.webp
Каберне Совиньон & Мерло 1890,красное сухое Каберне Совиньон & Мерло 1890 Усадьба Перовских,Мерло,Красное сухое,usadba-perovskih-kaberne-sovinon-merlo-1890-krasnoe-suhoe-13,usadba-perovskih-kaberne-sovinon-merlo-1890-krasnoe-suhoe-13_bottom.webp
Chardonnay Barrel Fermented,белое сухое Chardonnay Barrel Fermented Vibes,Шардоне,Белое сухое,vibes-chardonnay-barrel-fermented-shardone-beloe-suhoe-125,vibes-chardonnay-barrel-fermented-shardone-beloe-suhoe-125.webp
Chardonnay Barrel Fermented,белое сухое Chardonnay Barrel Fermented Vibes,Шардоне,Белое сухое,vibes-chardonnay-barrel-fermented-shardone-beloe-suhoe-125,vibes-chardonnay-barrel-fermented-shardone-beloe-suhoe-125_bottom.webp
Cabernet Franc – Pinot Noir,красное сухое Cabernet Franc – Pinot Noir Vibes,Пино Нуар,Красное сухое,vibes-cabernet-franc-pinot-noir-pino-nuar-krasnoe-suhoe-125,vibes-cabernet-franc-pinot-noir-pino-nuar-krasnoe-suhoe-125.webp
Cabernet Franc – Pinot Noir,красное сухое Cabernet Franc – Pinot Noir Vibes,Пино Нуар,Красное сухое,vibes-cabernet-franc-pinot-noir-pino-nuar-krasnoe-suhoe-125,vibes-cabernet-franc-pinot-noir-pino-nuar-krasnoe-suhoe-125_bottom.webp
Montepulciano – Cabernet Franc – Petit Verdot,красное сухое Montepulciano – Cabernet Franc – Petit Verdot Vibes,Монтепульчано,Красное сухое,vibes-montepulciano-cabernet-franc-petit-verdot-montepulchano-krasnoe-suhoe-125,vibes-montepulciano-cabernet-franc-petit-verdot-montepulchano-krasnoe-suhoe-125.webp
Montepulciano – Cabernet Franc – Petit Verdot,красное сухое Montepulciano – Cabernet Franc – Petit Verdot Vibes,Монтепульчано,Красное сухое,vibes-montepulciano-cabernet-franc-petit-verdot-montepulchano-krasnoe-suhoe-125,vibes-montepulciano-cabernet-franc-petit-verdot-montepulchano-krasnoe-suhoe-125_bottom.webp
Exclusive Вионье - Рислинг,белое сухое Exclusive Вионье - Рислинг Шато Пино,Вионье,Белое сухое,shato-pino-exclusive-vione-risling-beloe-suhoe-115,shato-pino-exclusive-vione-risling-beloe-suhoe-115.webp
Exclusive Вионье - Рислинг,белое сухое Exclusive Вионье - Рислинг Шато Пино,Вионье,Белое сухое,shato-pino-exclusive-vione-risling-beloe-suhoe-115,shato-pino-exclusive-vione-risling-beloe-suhoe-115_bottom.webp
Совиньон Блан - Семильон,белое сухое Совиньон Блан - Семильон Шато Пино,Совиньон Блан,Белое сухое,shato-pino-sovinon-blan-semilon-beloe-suhoe-115,shato-pino-sovinon-blan-semilon-beloe-suhoe-115.webp
Совиньон Блан - Семильон,белое сухое Совиньон Блан - Семильон Шато Пино,Совиньон Блан,Белое сухое,shato-pino-sovinon-blan-semilon-beloe-suhoe-115,shato-pino-sovinon-blan-semilon-beloe-suhoe-115_bottom.webp
Алиготе - Ркацители белое сухое,белое сухое Алиготе - Ркацители белое сухое Шато Пино,Алиготе,Белое сухое,shato-pino-aligote-rkatsiteli-beloe-suhoe-12,shato-pino-aligote-rkatsiteli-beloe-suhoe-12.webp
Алиготе - Ркацители белое сухое,белое сухое Алиготе - Ркацители белое сухое Шато Пино,Алиготе,Белое сухое,shato-pino-aligote-rkatsiteli-beloe-suhoe-12,shato-pino-aligote-rkatsiteli-beloe-suhoe-12_bottom.webp
Шираз,красное сухое Шираз Шато Пино,Шираз,Красное сухое,shato-pino-shiraz-krasnoe-suhoe-135,shato-pino-shiraz-krasnoe-suhoe-135.webp
Шираз,красное сухое Шираз Шато Пино,Шираз,Красное сухое,shato-pino-shiraz-krasnoe-suhoe-135,shato-pino-shiraz-krasnoe-suhoe-135_bottom.webp
Каберне Совиньон,красное сухое Каберне Совиньон Шато Пино,Каберне Совиньон,Красное сухое,shato-pino-kaberne-sovinon-krasnoe-suhoe-14,shato-pino-kaberne-sovinon-krasnoe-suhoe-14.webp
Каберне Совиньон,красное сухое Каберне Совиньон Шато Пино,Каберне Совиньон,Красное сухое,shato-pino-kaberne-sovinon-krasnoe-suhoe-14,shato-pino-kaberne-sovinon-krasnoe-suhoe-14_bottom.webp
Exclusive Каберне Совиньон - Шираз,красное сухое Exclusive Каберне Совиньон - Шираз Шато Пино,Каберне Совиньон,Красное сухое,shato-pino-exclusive-kaberne-sovinon-shiraz-krasnoe-suhoe-135,shato-pino-exclusive-kaberne-sovinon-shiraz-krasnoe-suhoe-135.webp
Exclusive Каберне Совиньон - Шираз,красное сухое Exclusive Каберне Совиньон - Шираз Шато Пино,Каберне Совиньон,Красное сухое,shato-pino-exclusive-kaberne-sovinon-shiraz-krasnoe-suhoe-135,shato-pino-exclusive-kaberne-sovinon-shiraz-krasnoe-suhoe-135_bottom.webp
Блан Де Блан,белое экстра брют Блан Де Блан Шато Пино,Шардоне,Белое экстра брют,shato-pino-blan-de-blan-shardone-beloe-ekstra-bryut-12,shato-pino-blan-de-blan-shardone-beloe-ekstra-bryut-12.webp
Блан Де Блан,белое экстра брют Блан Де Блан Шато Пино,Шардоне,Белое экстра брют,shato-pino-blan-de-blan-shardone-beloe-ekstra-bryut-12,shato-pino-blan-de-blan-shardone-beloe-ekstra-bryut-12_bottom.webp
Марселан - Мерло,красное сухое Марселан - Мерло Шато Пино,Марселан,Красное сухое,shato-pino-marselan-merlo-krasnoe-suhoe-13,shato-pino-marselan-merlo-krasnoe-suhoe-13.webp
Марселан - Мерло,красное сухое Марселан - Мерло Шато Пино,Марселан,Красное сухое,shato-pino-marselan-merlo-krasnoe-suhoe-13,shato-pino-marselan-merlo-krasnoe-suhoe-13_bottom.webp
Шардоне - Рислинг,белое сухое Шардоне - Рислинг Шато Пино,Шардоне,Белое сухое,shato-pino-shardone-risling-beloe-suhoe-12,shato-pino-shardone-risling-beloe-suhoe-12.webp
Шардоне - Рислинг,белое сухое Шардоне - Рислинг Шато Пино,Шардоне,Белое сухое,shato-pino-shardone-risling-beloe-suhoe-12,shato-pino-shardone-risling-beloe-suhoe-12_bottom.webp
Гравитация. Каберне Совиньон - Мерло,красное сухое Гравитация. Каберне Совиньон - Мерло Шато Пино,Каберне Совиньон,Красное сухое,shato-pino-gravitatsiya-kaberne-sovinon-merlo-krasnoe-suhoe-135,shato-pino-gravitatsiya-kaberne-sovinon-merlo-krasnoe-suhoe-135.webp
Гравитация. Каберне Совиньон - Мерло,красное сухое Гравитация. Каберне Совиньон - Мерло Шато Пино,Каберне Совиньон,Красное сухое,shato-pino-gravitatsiya-kaberne-sovinon-merlo-krasnoe-suhoe-135,shato-pino-gravitatsiya-kaberne-sovinon-merlo-krasnoe-suhoe-135_bottom.webp
Шары Колдуна. Тополек,белое сухое Шары Колдуна. Тополек Шато Пино,Ркацители,Белое сухое,shato-pino-shary-kolduna-topolek-rkatsiteli-beloe-suhoe-125,shato-pino-shary-kolduna-topolek-rkatsiteli-beloe-suhoe-125.webp
Шары Колдуна. Тополек,белое сухое Шары Колдуна. Тополек Шато Пино,Ркацители,Белое сухое,shato-pino-shary-kolduna-topolek-rkatsiteli-beloe-suhoe-125,shato-pino-shary-kolduna-topolek-rkatsiteli-beloe-suhoe-125_bottom.webp
Пино Нуар розе,розовое экстра брют Пино Нуар розе Шато Пино,Пино Нуар,Розовое экстра брют,shato-pino-pino-nuar-roze-rozovoe-ekstra-bryut-115,shato-pino-pino-nuar-roze-rozovoe-ekstra-bryut-115.webp
Пино Нуар розе,розовое экстра брют Пино Нуар розе Шато Пино,Пино Нуар,Розовое экстра брют,shato-pino-pino-nuar-roze-rozovoe-ekstra-bryut-115,shato-pino-pino-nuar-roze-rozovoe-ekstra-bryut-115_bottom.webp
Шираз,красное сухое Шираз Шато Пино,Шираз,Красное сухое,shato-pino-shiraz-krasnoe-suhoe-14,shato-pino-shiraz-krasnoe-suhoe-14.webp
Шираз,красное сухое Шираз Шато Пино,Шираз,Красное сухое,shato-pino-shiraz-krasnoe-suhoe-14,shato-pino-shiraz-krasnoe-suhoe-14_bottom.webp
Шары Колдуна. Рамато,розовое сухое Шары Колдуна. Рамато Шато Пино,Пино Гри,Розовое сухое,shato-pino-shary-kolduna-ramato-pino-gri-rozovoe-suhoe-115,shato-pino-shary-kolduna-ramato-pino-gri-rozovoe-suhoe-115.webp
Шары Колдуна. Рамато,розовое сухое Шары Колдуна. Рамато Шато Пино,Пино Гри,Розовое сухое,shato-pino-shary-kolduna-ramato-pino-gri-rozovoe-suhoe-115,shato-pino-shary-kolduna-ramato-pino-gri-rozovoe-suhoe-115_bottom.webp
Шары Колдуна. Кирпичи Прилетели,красное сухое Шары Колдуна. Кирпичи Прилетели Шато Пино,Пино Нуар,Красное сухое,shato-pino-shary-kolduna-kirpichi-prileteli-pino-nuar-krasnoe-suhoe-135,shato-pino-shary-kolduna-kirpichi-prileteli-pino-nuar-krasnoe-suhoe-135.webp
Шары Колдуна. Кирпичи Прилетели,красное сухое Шары Колдуна. Кирпичи Прилетели Шато Пино,Пино Нуар,Красное сухое,shato-pino-shary-kolduna-kirpichi-prileteli-pino-nuar-krasnoe-suhoe-135,shato-pino-shary-kolduna-kirpichi-prileteli-pino-nuar-krasnoe-suhoe-135_bottom.webp
Петнат Пино Гри,белое экстра брют Петнат Пино Гри Шато Пино,Пино Гри,Белое экстра брют,shato-pino-petnat-pino-gri-beloe-ekstra-bryut-11,shato-pino-petnat-pino-gri-beloe-ekstra-bryut-11.webp
Петнат Пино Гри,белое экстра брют Петнат Пино Гри Шато Пино,Пино Гри,Белое экстра брют,shato-pino-petnat-pino-gri-beloe-ekstra-bryut-11,shato-pino-petnat-pino-gri-beloe-ekstra-bryut-11_bottom.webp
Пино Нуар,красное сухое Пино Нуар Шато Пино,Пино Нуар,Красное сухое,shato-pino-pino-nuar-krasnoe-suhoe-135,shato-pino-pino-nuar-krasnoe-suhoe-135.webp
Пино Нуар,красное сухое Пино Нуар Шато Пино,Пино Нуар,Красное сухое,shato-pino-pino-nuar-krasnoe-suhoe-135,shato-pino-pino-nuar-krasnoe-suhoe-135_bottom.webp
Пино Гриджио,белое сухое Пино Гриджио Шато Пино,Пино Гриджио,Белое сухое,shato-pino-pino-gridzhio-beloe-suhoe-12,shato-pino-pino-gridzhio-beloe-suhoe-12.webp
Пино Гриджио,белое сухое Пино Гриджио Шато Пино,Пино Гриджио,Белое сухое,shato-pino-pino-gridzhio-beloe-suhoe-12,shato-pino-pino-gridzhio-beloe-suhoe-12_bottom.webp
Пино Гри розе,розовое экстра брют Пино Гри розе Шато Пино,Пино Гри,Розовое экстра брют,shato-pino-pino-gri-roze-rozovoe-ekstra-bryut-12,shato-pino-pino-gri-roze-rozovoe-ekstra-bryut-12.webp
Пино Гри розе,розовое экстра брют Пино Гри розе Шато Пино,Пино Гри,Розовое экстра брют,shato-pino-pino-gri-roze-rozovoe-ekstra-bryut-12,shato-pino-pino-gri-roze-rozovoe-ekstra-bryut-12_bottom.webp
Колдун Красный,красное сухое Колдун Красный Шато Пино,Мерло,Красное сухое,shato-pino-koldun-krasnyy-merlo-krasnoe-suhoe-14,shato-pino-koldun-krasnyy-merlo-krasnoe-suhoe-14.webp
Колдун Красный,красное сухое Колдун Красный Шато Пино,Мерло,Красное сухое,shato-pino-koldun-krasnyy-merlo-krasnoe-suhoe-14,shato-pino-koldun-krasnyy-merlo-krasnoe-suhoe-14_bottom.webp
Шары Колдуна.Тройничок,белое сухое Шары Колдуна.Тройничок Шато Пино,Рислинг,Белое сухое,shato-pino-shary-koldunatroynichok-risling-beloe-suhoe-115,shato-pino-shary-koldunatroynichok-risling-beloe-suhoe-115.webp
Шары Колдуна.Тройничок,белое сухое Шары Колдуна.Тройничок Шато Пино,Рислинг,Белое сухое,shato-pino-shary-koldunatroynichok-risling-beloe-suhoe-115,shato-pino-shary-koldunatroynichok-risling-beloe-suhoe-115_bottom.webp
Пино Нуар - Саперави,красное сухое Пино Нуар - Саперави Шато Пино,Пино Нуар,Красное сухое,shato-pino-pino-nuar-saperavi-krasnoe-suhoe-13,shato-pino-pino-nuar-saperavi-krasnoe-suhoe-13.webp
Пино Нуар - Саперави,красное сухое Пино Нуар - Саперави Шато Пино,Пино Нуар,Красное сухое,shato-pino-pino-nuar-saperavi-krasnoe-suhoe-13,shato-pino-pino-nuar-saperavi-krasnoe-suhoe-13_bottom.webp
Пино Нуар - Пино Гри,розовое сухое Пино Нуар - Пино Гри Шато Пино,Пино Нуар,Розовое сухое,shato-pino-pino-nuar-pino-gri-rozovoe-suhoe-115,shato-pino-pino-nuar-pino-gri-rozovoe-suhoe-115.webp
Пино Нуар - Пино Гри,розовое сухое Пино Нуар - Пино Гри Шато Пино,Пино Нуар,Розовое сухое,shato-pino-pino-nuar-pino-gri-rozovoe-suhoe-115,shato-pino-pino-nuar-pino-gri-rozovoe-suhoe-115_bottom.webp
Шардоне,белое сухое Шардоне Шато Пино,Шардоне,Белое сухое,shato-pino-shardone-beloe-suhoe-125,shato-pino-shardone-beloe-suhoe-125.webp
Шардоне,белое сухое Шардоне Шато Пино,Шардоне,Белое сухое,shato-pino-shardone-beloe-suhoe-125,shato-pino-shardone-beloe-suhoe-125_bottom.webp
Колдун Белый,белое сухое Колдун Белый Шато Пино,Шардоне,Белое сухое,shato-pino-koldun-belyy-shardone-beloe-suhoe-12,shato-pino-koldun-belyy-shardone-beloe-suhoe-12.webp
Колдун Белый,белое сухое Колдун Белый Шато Пино,Шардоне,Белое сухое,shato-pino-koldun-belyy-shardone-beloe-suhoe-12,shato-pino-koldun-belyy-shardone-beloe-suhoe-12_bottom.webp
Grand Reserve Pinot Noir,красное сухое Grand Reserve Pinot Noir Шато Пино,Пино Нуар,Красное сухое,shato-pino-grand-reserve-pinot-noir-pino-nuar-krasnoe-suhoe-135,shato-pino-grand-reserve-pinot-noir-pino-nuar-krasnoe-suhoe-135.webp
Grand Reserve Pinot Noir,красное сухое Grand Reserve Pinot Noir Шато Пино,Пино Нуар,Красное сухое,shato-pino-grand-reserve-pinot-noir-pino-nuar-krasnoe-suhoe-135,shato-pino-grand-reserve-pinot-noir-pino-nuar-krasnoe-suhoe-135_bottom.webp
Дичь.Каберне Фран,красное сухое Дичь.Каберне Фран Шато Пино,Каберне Фран,Красное сухое,shato-pino-dichkaberne-fran-krasnoe-suhoe-14,shato-pino-dichkaberne-fran-krasnoe-suhoe-14.webp
Дичь.Каберне Фран,красное сухое Дичь.Каберне Фран Шато Пино,Каберне Фран,Красное сухое,shato-pino-dichkaberne-fran-krasnoe-suhoe-14,shato-pino-dichkaberne-fran-krasnoe-suhoe-14_bottom.webp
Grand Reserve Chardonnay,белое сухое Grand Reserve Chardonnay Шато Пино,Шардоне,Белое сухое,shato-pino-grand-reserve-chardonnay-shardone-beloe-suhoe-125,shato-pino-grand-reserve-chardonnay-shardone-beloe-suhoe-125.webp
Grand Reserve Chardonnay,белое сухое Grand Reserve Chardonnay Шато Пино,Шардоне,Белое сухое,shato-pino-grand-reserve-chardonnay-shardone-beloe-suhoe-125,shato-pino-grand-reserve-chardonnay-shardone-beloe-suhoe-125_bottom.webp
Grand Reserve Cabernet Franc,красное сухое Grand Reserve Cabernet Franc Шато Пино,Каберне Фран,Красное сухое,shato-pino-grand-reserve-cabernet-franc-kaberne-fran-krasnoe-suhoe-135,shato-pino-grand-reserve-cabernet-franc-kaberne-fran-krasnoe-suhoe-135.webp
Grand Reserve Cabernet Franc,красное сухое Grand Reserve Cabernet Franc Шато Пино,Каберне Фран,Красное сухое,shato-pino-grand-reserve-cabernet-franc-kaberne-fran-krasnoe-suhoe-135,shato-pino-grand-reserve-cabernet-franc-kaberne-fran-krasnoe-suhoe-135_bottom.webp
ICE Wine Рислинг,белое сладкое ICE Wine Рислинг Шато Пино,Рислинг Рейнский,Белое сладкое,shato-pino-ice-wine-risling-risling-reynskiy-beloe-sladkoe-11,shato-pino-ice-wine-risling-risling-reynskiy-beloe-sladkoe-11.webp
ICE Wine Рислинг,белое сладкое ICE Wine Рислинг Шато Пино,Рислинг Рейнский,Белое сладкое,shato-pino-ice-wine-risling-risling-reynskiy-beloe-sladkoe-11,shato-pino-ice-wine-risling-risling-reynskiy-beloe-sladkoe-11_bottom.webp
Grand Reserve Cabernet Sauvignon,красное сухое Grand Reserve Cabernet Sauvignon Шато Пино,Каберне Совиньон,Красное сухое,shato-pino-grand-reserve-cabernet-sauvignon-kaberne-sovinon-krasnoe-suhoe-135,shato-pino-grand-reserve-cabernet-sauvignon-kaberne-sovinon-krasnoe-suhoe-135.webp
Grand Reserve Cabernet Sauvignon,красное сухое Grand Reserve Cabernet Sauvignon Шато Пино,Каберне Совиньон,Красное сухое,shato-pino-grand-reserve-cabernet-sauvignon-kaberne-sovinon-krasnoe-suhoe-135,shato-pino-grand-reserve-cabernet-sauvignon-kaberne-sovinon-krasnoe-suhoe-135_bottom.webp
Рислинг,белое сухое Рислинг Винодельня Бердяева,Рислинг Рейнский,Белое сухое,vinodelnya-berdyaeva-risling-risling-reynskiy-beloe-suhoe-121,vinodelnya-berdyaeva-risling-risling-reynskiy-beloe-suhoe-121.webp
Рислинг,белое сухое Рислинг Винодельня Бердяева,Рислинг Рейнский,Белое сухое,vinodelnya-berdyaeva-risling-risling-reynskiy-beloe-suhoe-121,vinodelnya-berdyaeva-risling-risling-reynskiy-beloe-suhoe-121_bottom.webp
Шардоне,белое сухое Шардоне Винодельня Бердяева,Шардоне,Белое сухое,vinodelnya-berdyaeva-shardone-beloe-suhoe-125,vinodelnya-berdyaeva-shardone-beloe-suhoe-125.webp
Шардоне,белое сухое Шардоне Винодельня Бердяева,Шардоне,Белое сухое,vinodelnya-berdyaeva-shardone-beloe-suhoe-125,vinodelnya-berdyaeva-shardone-beloe-suhoe-125_bottom.webp
Каберне,красное сухое Каберне Винодельня Бердяева,Каберне Совиньон,Красное сухое,vinodelnya-berdyaeva-kaberne-kaberne-sovinon-krasnoe-suhoe-138,vinodelnya-berdyaeva-kaberne-kaberne-sovinon-krasnoe-suhoe-138.webp
Каберне,красное сухое Каберне Винодельня Бердяева,Каберне Совиньон,Красное сухое,vinodelnya-berdyaeva-kaberne-kaberne-sovinon-krasnoe-suhoe-138,vinodelnya-berdyaeva-kaberne-kaberne-sovinon-krasnoe-suhoe-138_bottom.webp
Рислинг,белое полусухое Рислинг Винодельня Бердяева,Рислинг,Белое полусухое,vinodelnya-berdyaeva-risling-beloe-polusuhoe-108,vinodelnya-berdyaeva-risling-beloe-polusuhoe-108.webp
Рислинг,белое полусухое Рислинг Винодельня Бердяева,Рислинг,Белое полусухое,vinodelnya-berdyaeva-risling-beloe-polusuhoe-108,vinodelnya-berdyaeva-risling-beloe-polusuhoe-108_bottom.webp
Каберне Совиньон,красное сухое Каберне Совиньон Винодельня Бердяева,Каберне Совиньон,Красное сухое,vinodelnya-berdyaeva-kaberne-sovinon-krasnoe-suhoe-145,vinodelnya-berdyaeva-kaberne-sovinon-krasnoe-suhoe-145.webp
Каберне Совиньон,красное сухое Каберне Совиньон Винодельня Бердяева,Каберне Совиньон,Красное сухое,vinodelnya-berdyaeva-kaberne-sovinon-krasnoe-suhoe-145,vinodelnya-berdyaeva-kaberne-sovinon-krasnoe-suhoe-145_bottom.webp
Каберне Фран,красное сухое Каберне Фран Винодельня Бердяева,Каберне Фран,Красное сухое,vinodelnya-berdyaeva-kaberne-fran-krasnoe-suhoe-115,vinodelnya-berdyaeva-kaberne-fran-krasnoe-suhoe-115.webp
Каберне Фран,красное сухое Каберне Фран Винодельня Бердяева,Каберне Фран,Красное сухое,vinodelnya-berdyaeva-kaberne-fran-krasnoe-suhoe-115,vinodelnya-berdyaeva-kaberne-fran-krasnoe-suhoe-115_bottom.webp
Мускат Амбер,белое сухое Мускат Амбер Radio Wine,Мускат Оттонель,Белое сухое,radiowine-muskat-amber-muskat-ottonel-beloe-suhoe-13,radiowine-muskat-amber-muskat-ottonel-beloe-suhoe-13.webp
Мускат Амбер,белое сухое Мускат Амбер Radio Wine,Мускат Оттонель,Белое сухое,radiowine-muskat-amber-muskat-ottonel-beloe-suhoe-13,radiowine-muskat-amber-muskat-ottonel-beloe-suhoe-13_bottom.webp
Мускат Оранж,оранжевое сухое Мускат Оранж Rem Akchurin,Мускат,Оранжевое сухое,rem-akchurin-muskat-oranzh-oranzhevoe-suhoe-115,rem-akchurin-muskat-oranzh-oranzhevoe-suhoe-115.webp
Мускат Оранж,оранжевое сухое Мускат Оранж Rem Akchurin,Мускат,Оранжевое сухое,rem-akchurin-muskat-oranzh-oranzhevoe-suhoe-115,rem-akchurin-muskat-oranzh-oranzhevoe-suhoe-115_bottom.webp
Рислинг,белое сухое Рислинг Rem Akchurin,Рислинг,Белое сухое,rem-akchurin-risling-beloe-suhoe-125,rem-akchurin-risling-beloe-suhoe-125.webp
Рислинг,белое сухое Рислинг Rem Akchurin,Рислинг,Белое сухое,rem-akchurin-risling-beloe-suhoe-125,rem-akchurin-risling-beloe-suhoe-125_bottom.webp
Брют розе,розовое брют Брют розе Rem Akchurin,Пино Нуар,Розовое брют,rem-akchurin-bryut-roze-pino-nuar-rozovoe-129,rem-akchurin-bryut-roze-pino-nuar-rozovoe-129.webp
Брют розе,розовое брют Брют розе Rem Akchurin,Пино Нуар,Розовое брют,rem-akchurin-bryut-roze-pino-nuar-rozovoe-129,rem-akchurin-bryut-roze-pino-nuar-rozovoe-129_bottom.webp
Каберне Фран,красное сухое Каберне Фран Radio Wine,Каберне Фран,Красное сухое,radiowine-kaberne-fran-krasnoe-suhoe-14,radiowine-kaberne-fran-krasnoe-suhoe-14.webp
Каберне Фран,красное сухое Каберне Фран Radio Wine,Каберне Фран,Красное сухое,radiowine-kaberne-fran-krasnoe-suhoe-14,radiowine-kaberne-fran-krasnoe-suhoe-14_bottom.webp
Вионье 2024,оранжевое сухое Вионье 2024 Oxana Istratova Wine,Вионье,Оранжевое сухое,oxana-istratova-wine-vione-2024-oranzhevoe-suhoe-13,oxana-istratova-wine-vione-2024-oranzhevoe-suhoe-13.webp
Вионье 2024,оранжевое сухое Вионье 2024 Oxana Istratova Wine,Вионье,Оранжевое сухое,oxana-istratova-wine-vione-2024-oranzhevoe-suhoe-13,oxana-istratova-wine-vione-2024-oranzhevoe-suhoe-13_bottom.webp
Саперави 2023,красное сухое Саперави 2023 Oxana Istratova Wine,Саперави,Красное сухое,oxana-istratova-wine-saperavi-2023-krasnoe-suhoe-13,oxana-istratova-wine-saperavi-2023-krasnoe-suhoe-13.webp
Саперави 2023,красное сухое Саперави 2023 Oxana Istratova Wine,Саперави,Красное сухое,oxana-istratova-wine-saperavi-2023-krasnoe-suhoe-13,oxana-istratova-wine-saperavi-2023-krasnoe-suhoe-13_bottom.webp
Вионье 2023,оранжевое сухое Вионье 2023 Oxana Istratova Wine,Вионье,Оранжевое сухое,oxana-istratova-wine-vione-2023-oranzhevoe-suhoe-119,oxana-istratova-wine-vione-2023-oranzhevoe-suhoe-119.webp
Вионье 2023,оранжевое сухое Вионье 2023 Oxana Istratova Wine,Вионье,Оранжевое сухое,oxana-istratova-wine-vione-2023-oranzhevoe-suhoe-119,oxana-istratova-wine-vione-2023-oranzhevoe-suhoe-119_bottom.webp
Ркацители 2024,оранжевое сухое Ркацители 2024 Oxana Istratova Wine,Ркацители,Оранжевое сухое,oxana-istratova-wine-rkatsiteli-2024-oranzhevoe-suhoe-12,oxana-istratova-wine-rkatsiteli-2024-oranzhevoe-suhoe-12.webp
Ркацители 2024,оранжевое сухое Ркацители 2024 Oxana Istratova Wine,Ркацители,Оранжевое сухое,oxana-istratova-wine-rkatsiteli-2024-oranzhevoe-suhoe-12,oxana-istratova-wine-rkatsiteli-2024-oranzhevoe-suhoe-12_bottom.webp
Ркацители 2023,оранжевое сухое Ркацители 2023 Oxana Istratova Wine,Ркацители,Оранжевое сухое,oxana-istratova-wine-rkatsiteli-2023-oranzhevoe-suhoe-113,oxana-istratova-wine-rkatsiteli-2023-oranzhevoe-suhoe-113.webp
Ркацители 2023,оранжевое сухое Ркацители 2023 Oxana Istratova Wine,Ркацители,Оранжевое сухое,oxana-istratova-wine-rkatsiteli-2023-oranzhevoe-suhoe-113,oxana-istratova-wine-rkatsiteli-2023-oranzhevoe-suhoe-113_bottom.webp
Saperavi Carbonica,красное сухое Saperavi Carbonica Oleg Repin,Саперави,Красное сухое,oleg-repin-saperavi-carbonica-saperavi-krasnoe-suhoe-13,oleg-repin-saperavi-carbonica-saperavi-krasnoe-suhoe-13.webp
Saperavi Carbonica,красное сухое Saperavi Carbonica Oleg Repin,Саперави,Красное сухое,oleg-repin-saperavi-carbonica-saperavi-krasnoe-suhoe-13,oleg-repin-saperavi-carbonica-saperavi-krasnoe-suhoe-13_bottom.webp
Pinot Noir,красное сухое Pinot Noir Oleg Repin,Пино Нуар,Красное сухое,oleg-repin-pinot-noir-pino-nuar-krasnoe-suhoe-135,oleg-repin-pinot-noir-pino-nuar-krasnoe-suhoe-135.webp
Pinot Noir,красное сухое Pinot Noir Oleg Repin,Пино Нуар,Красное сухое,oleg-repin-pinot-noir-pino-nuar-krasnoe-suhoe-135,oleg-repin-pinot-noir-pino-nuar-krasnoe-suhoe-135_bottom.webp
Pinot Noir В,красное сухое Pinot Noir В Oleg Repin,Пино Нуар,Красное сухое,oleg-repin-pinot-noir-v-pino-nuar-krasnoe-suhoe-125,oleg-repin-pinot-noir-v-pino-nuar-krasnoe-suhoe-125.webp
Pinot Noir В,красное сухое Pinot Noir В Oleg Repin,Пино Нуар,Красное сухое,oleg-repin-pinot-noir-v-pino-nuar-krasnoe-suhoe-125,oleg-repin-pinot-noir-v-pino-nuar-krasnoe-suhoe-125_bottom.webp
Dry Red Wine #56 (Рубиновый Магарача. Олег Репин),красное сухое Dry Red Wine #56 (Рубиновый Магарача. Олег Репин) Oleg Repin,Рубиновый Магарача,Красное сухое,dry-red-wine-56-rubinovyj-magaracha-oleg-repin,dry-red-wine-56-rubinovyj-magaracha-oleg-repin.webp
Dry Red Wine #56 (Рубиновый Магарача. Олег Репин),красное сухое Dry Red Wine #56 (Рубиновый Магарача. Олег Репин) Oleg Repin,Рубиновый Магарача,Красное сухое,dry-red-wine-56-rubinovyj-magaracha-oleg-repin,dry-red-wine-56-rubinovyj-magaracha-oleg-repin_bottom.webp
Riesling,белое сухое Riesling Oleg Repin,Рислинг,Белое сухое,oleg-repin-riesling-risling-beloe-suhoe-125,oleg-repin-riesling-risling-beloe-suhoe-125.webp
Riesling,белое сухое Riesling Oleg Repin,Рислинг,Белое сухое,oleg-repin-riesling-risling-beloe-suhoe-125,oleg-repin-riesling-risling-beloe-suhoe-125_bottom.webp
Listva Syrah,красное сухое Listva Syrah Oleg Repin,Сира,Красное сухое,oleg-repin-listva-syrah-sira-krasnoe-suhoe-14,oleg-repin-listva-syrah-sira-krasnoe-suhoe-14.webp
Listva Syrah,красное сухое Listva Syrah Oleg Repin,Сира,Красное сухое,oleg-repin-listva-syrah-sira-krasnoe-suhoe-14,oleg-repin-listva-syrah-sira-krasnoe-suhoe-14_bottom.webp
Listva Cabernet Sauvignon,красное сухое Listva Cabernet Sauvignon Oleg Repin,Каберне Совиньон,Красное сухое,oleg-repin-listva-cabernet-sauvignon-kaberne-sovinon-krasnoe-suhoe-14,oleg-repin-listva-cabernet-sauvignon-kaberne-sovinon-krasnoe-suhoe-14.webp
Listva Cabernet Sauvignon,красное сухое Listva Cabernet Sauvignon Oleg Repin,Каберне Совиньон,Красное сухое,oleg-repin-listva-cabernet-sauvignon-kaberne-sovinon-krasnoe-suhoe-14,oleg-repin-listva-cabernet-sauvignon-kaberne-sovinon-krasnoe-suhoe-14_bottom.webp
Саперави,красное сухое Саперави Nesterov Winery,Саперави,Красное сухое,nesterov-winery-saperavi-krasnoe-suhoe-135,nesterov-winery-saperavi-krasnoe-suhoe-135.webp
Саперави,красное сухое Саперави Nesterov Winery,Саперави,Красное сухое,nesterov-winery-saperavi-krasnoe-suhoe-135,nesterov-winery-saperavi-krasnoe-suhoe-135_bottom.webp
Pinot Blanc,белое сухое Pinot Blanc Oleg Repin,Пино Блан,Белое сухое,oleg-repin-pinot-blanc-pino-blan-beloe-suhoe-13,oleg-repin-pinot-blanc-pino-blan-beloe-suhoe-13.webp
Pinot Blanc,белое сухое Pinot Blanc Oleg Repin,Пино Блан,Белое сухое,oleg-repin-pinot-blanc-pino-blan-beloe-suhoe-13,oleg-repin-pinot-blanc-pino-blan-beloe-suhoe-13_bottom.webp
Duvankoy Aligote,белое сухое Duvankoy Aligote Oleg Repin,Алиготе,Белое сухое,oleg-repin-duvankoy-aligote-aligote-beloe-suhoe-13,oleg-repin-duvankoy-aligote-aligote-beloe-suhoe-13.webp
Duvankoy Aligote,белое сухое Duvankoy Aligote Oleg Repin,Алиготе,Белое сухое,oleg-repin-duvankoy-aligote-aligote-beloe-suhoe-13,oleg-repin-duvankoy-aligote-aligote-beloe-suhoe-13_bottom.webp
Солярис,белое сухое Солярис Nesterov Winery,Солярис,Белое сухое,nesterov-winery-solyaris-beloe-suhoe-14,nesterov-winery-solyaris-beloe-suhoe-14.webp
Солярис,белое сухое Солярис Nesterov Winery,Солярис,Белое сухое,nesterov-winery-solyaris-beloe-suhoe-14,nesterov-winery-solyaris-beloe-suhoe-14_bottom.webp
Красностоп - Рубин клэрэ,розовое сухое Красностоп - Рубин клэрэ Nesterov Winery,Красностоп Золотовский,Розовое сухое,nesterov-winery-krasnostop-rubin-klere-krasnostop-zolotovskiy-rozovoe-suhoe-11,nesterov-winery-krasnostop-rubin-klere-krasnostop-zolotovskiy-rozovoe-suhoe-11.webp
Красностоп - Рубин клэрэ,розовое сухое Красностоп - Рубин клэрэ Nesterov Winery,Красностоп Золотовский,Розовое сухое,nesterov-winery-krasnostop-rubin-klere-krasnostop-zolotovskiy-rozovoe-suhoe-11,nesterov-winery-krasnostop-rubin-klere-krasnostop-zolotovskiy-rozovoe-suhoe-11_bottom.webp
Рубин Голодриги,красное сухое Рубин Голодриги Nesterov Winery,Рубин Голодриги,Красное сухое,nesterov-winery-rubin-golodrigi-krasnoe-suhoe-11,nesterov-winery-rubin-golodrigi-krasnoe-suhoe-11.webp
Рубин Голодриги,красное сухое Рубин Голодриги Nesterov Winery,Рубин Голодриги,Красное сухое,nesterov-winery-rubin-golodrigi-krasnoe-suhoe-11,nesterov-winery-rubin-golodrigi-krasnoe-suhoe-11_bottom.webp
Красностоп Золотовский,красное сухое Красностоп Золотовский Nesterov Winery,Красностоп Золотовский,Красное сухое,nesterov-winery-krasnostop-zolotovskiy-krasnoe-suhoe-12,nesterov-winery-krasnostop-zolotovskiy-krasnoe-suhoe-12.webp
Красностоп Золотовский,красное сухое Красностоп Золотовский Nesterov Winery,Красностоп Золотовский,Красное сухое,nesterov-winery-krasnostop-zolotovskiy-krasnoe-suhoe-12,nesterov-winery-krasnostop-zolotovskiy-krasnoe-suhoe-12_bottom.webp
Рислинг Рейнский,белое сухое Рислинг Рейнский Nesterov Winery,Рислинг Рейнский,Белое сухое,nesterov-winery-risling-reynskiy-beloe-suhoe-12,nesterov-winery-risling-reynskiy-beloe-suhoe-12.webp
Рислинг Рейнский,белое сухое Рислинг Рейнский Nesterov Winery,Рислинг Рейнский,Белое сухое,nesterov-winery-risling-reynskiy-beloe-suhoe-12,nesterov-winery-risling-reynskiy-beloe-suhoe-12_bottom.webp
Каберне Совиньон,красное сухое Каберне Совиньон Mons Albus,Каберне Совиньон,Красное сухое,mons-albus-kaberne-sovinon-krasnoe-suhoe-14,mons-albus-kaberne-sovinon-krasnoe-suhoe-14.webp
Каберне Совиньон,красное сухое Каберне Совиньон Mons Albus,Каберне Совиньон,Красное сухое,mons-albus-kaberne-sovinon-krasnoe-suhoe-14,mons-albus-kaberne-sovinon-krasnoe-suhoe-14_bottom.webp
Мерло,розовое сухое Мерло Mons Albus,Мерло,Розовое сухое,mons-albus-merlo-rozovoe-suhoe-132,mons-albus-merlo-rozovoe-suhoe-132.webp
Мерло,розовое сухое Мерло Mons Albus,Мерло,Розовое сухое,mons-albus-merlo-rozovoe-suhoe-132,mons-albus-merlo-rozovoe-suhoe-132_bottom.webp
Шардоне,белое сухое Шардоне Mantra Estate,Шардоне,Белое сухое,mantra-estate-chardonnay-shardone-beloe-suhoe-135,mantra-estate-chardonnay-shardone-beloe-suhoe-135.webp
Шардоне,белое сухое Шардоне Mantra Estate,Шардоне,Белое сухое,mantra-estate-chardonnay-shardone-beloe-suhoe-135,mantra-estate-chardonnay-shardone-beloe-suhoe-135_bottom.webp
Совиньон Блан,белое сухое Совиньон Блан Mantra Estate,Совиньон Блан,Белое сухое,mantra-estate-sauvignon-blanc-sovinon-blan-beloe-suhoe-133,mantra-estate-sauvignon-blanc-sovinon-blan-beloe-suhoe-133.webp
Совиньон Блан,белое сухое Совиньон Блан Mantra Estate,Совиньон Блан,Белое сухое,mantra-estate-sauvignon-blanc-sovinon-blan-beloe-suhoe-133,mantra-estate-sauvignon-blanc-sovinon-blan-beloe-suhoe-133_bottom.webp
Ркацители,белое сухое Ркацители Mons Albus,Ркацители,Белое сухое,mons-albus-rkatsiteli-beloe-suhoe-124,mons-albus-rkatsiteli-beloe-suhoe-124.webp
Ркацители,белое сухое Ркацители Mons Albus,Ркацители,Белое сухое,mons-albus-rkatsiteli-beloe-suhoe-124,mons-albus-rkatsiteli-beloe-suhoe-124_bottom.webp
Пино Менье,красное сухое Пино Менье Loco Cimbali,Пино Менье,Красное сухое,loco-cimbali-pino-mene-krasnoe-suhoe-115,loco-cimbali-pino-mene-krasnoe-suhoe-115.webp
Пино Менье,красное сухое Пино Менье Loco Cimbali,Пино Менье,Красное сухое,loco-cimbali-pino-mene-krasnoe-suhoe-115,loco-cimbali-pino-mene-krasnoe-suhoe-115_bottom.webp
Ркацители,оранжевое сухое Ркацители Loco Cimbali,Ркацители,Оранжевое сухое,loco-cimbali-rkatsiteli-oranzhevoe-suhoe-13,loco-cimbali-rkatsiteli-oranzhevoe-suhoe-13.webp
Ркацители,оранжевое сухое Ркацители Loco Cimbali,Ркацители,Оранжевое сухое,loco-cimbali-rkatsiteli-oranzhevoe-suhoe-13,loco-cimbali-rkatsiteli-oranzhevoe-suhoe-13_bottom.webp
Пино Нуар,красное сухое Пино Нуар Loco Cimbali,Пино Нуар,Красное сухое,loco-cimbali-pino-nuar-krasnoe-suhoe-126,loco-cimbali-pino-nuar-krasnoe-suhoe-126.webp
Пино Нуар,красное сухое Пино Нуар Loco Cimbali,Пино Нуар,Красное сухое,loco-cimbali-pino-nuar-krasnoe-suhoe-126,loco-cimbali-pino-nuar-krasnoe-suhoe-126_bottom.webp
Пино Блан,белое сухое Пино Блан Loco Cimbali,Пино Блан,Белое сухое,loco-cimbali-pino-blan-beloe-suhoe-13,loco-cimbali-pino-blan-beloe-suhoe-13.webp
Пино Блан,белое сухое Пино Блан Loco Cimbali,Пино Блан,Белое сухое,loco-cimbali-pino-blan-beloe-suhoe-13,loco-cimbali-pino-blan-beloe-suhoe-13_bottom.webp
Оранж,оранжевое сухое Оранж Loco Cimbali,Мускат,Оранжевое сухое,loco-cimbali-oranzh-muskat-oranzhevoe-suhoe-127,loco-cimbali-oranzh-muskat-oranzhevoe-suhoe-127.webp
Оранж,оранжевое сухое Оранж Loco Cimbali,Мускат,Оранжевое сухое,loco-cimbali-oranzh-muskat-oranzhevoe-suhoe-127,loco-cimbali-oranzh-muskat-oranzhevoe-suhoe-127_bottom.webp
Шардоне,белое сухое Шардоне Loco Cimbali,Шардоне,Белое сухое,loco-cimbali-shardone-beloe-suhoe-127,loco-cimbali-shardone-beloe-suhoe-127.webp
Шардоне,белое сухое Шардоне Loco Cimbali,Шардоне,Белое сухое,loco-cimbali-shardone-beloe-suhoe-127,loco-cimbali-shardone-beloe-suhoe-127_bottom.webp
Каберне Совиньон,красное сухое Каберне Совиньон Loco Cimbali,Каберне Совиньон,Красное сухое,loco-cimbali-kaberne-sovinon-krasnoe-suhoe-146,loco-cimbali-kaberne-sovinon-krasnoe-suhoe-146.webp
Каберне Совиньон,красное сухое Каберне Совиньон Loco Cimbali,Каберне Совиньон,Красное сухое,loco-cimbali-kaberne-sovinon-krasnoe-suhoe-146,loco-cimbali-kaberne-sovinon-krasnoe-suhoe-146_bottom.webp
Рислинг,белое сухое Рислинг Loco Cimbali,Рислинг,Белое сухое,loco-cimbali-risling-beloe-suhoe-125,loco-cimbali-risling-beloe-suhoe-125.webp
Рислинг,белое сухое Рислинг Loco Cimbali,Рислинг,Белое сухое,loco-cimbali-risling-beloe-suhoe-125,loco-cimbali-risling-beloe-suhoe-125_bottom.webp
Мерло,красное сухое Мерло Loco Cimbali,Мерло,Красное сухое,loco-cimbali-merlo-krasnoe-suhoe-138,loco-cimbali-merlo-krasnoe-suhoe-138.webp
Мерло,красное сухое Мерло Loco Cimbali,Мерло,Красное сухое,loco-cimbali-merlo-krasnoe-suhoe-138,loco-cimbali-merlo-krasnoe-suhoe-138_bottom.webp
Вионье,белое сухое Вионье Loco Cimbali,Вионье,Белое сухое,loco-cimbali-vione-beloe-suhoe-14,loco-cimbali-vione-beloe-suhoe-14.webp
Вионье,белое сухое Вионье Loco Cimbali,Вионье,Белое сухое,loco-cimbali-vione-beloe-suhoe-14,loco-cimbali-vione-beloe-suhoe-14_bottom.webp
Blanc de Neige,белое сухое Blanc de Neige Loco Cimbali,Шардоне,Белое сухое,loco-cimbali-blanc-de-neige-shardone-beloe-suhoe-131,loco-cimbali-blanc-de-neige-shardone-beloe-suhoe-131.webp
Blanc de Neige,белое сухое Blanc de Neige Loco Cimbali,Шардоне,Белое сухое,loco-cimbali-blanc-de-neige-shardone-beloe-suhoe-131,loco-cimbali-blanc-de-neige-shardone-beloe-suhoe-131_bottom.webp
Легато Совиньон Блан Мцване,белое сухое Легато Совиньон Блан Мцване LeGato,Совиньон Блан,Белое сухое,legato-legato-sovinon-blan-mtsvane-beloe-suhoe-125,legato-legato-sovinon-blan-mtsvane-beloe-suhoe-125.webp
Легато Совиньон Блан Мцване,белое сухое Легато Совиньон Блан Мцване LeGato,Совиньон Блан,Белое сухое,legato-legato-sovinon-blan-mtsvane-beloe-suhoe-125,legato-legato-sovinon-blan-mtsvane-beloe-suhoe-125_bottom.webp
Куприн,красное сухое Куприн Loco Cimbali,Бастардо Магарачский,Красное сухое,loco-cimbali-kuprin-bastardo-magarachskiy-krasnoe-suhoe-138,loco-cimbali-kuprin-bastardo-magarachskiy-krasnoe-suhoe-138.webp
Куприн,красное сухое Куприн Loco Cimbali,Бастардо Магарачский,Красное сухое,loco-cimbali-kuprin-bastardo-magarachskiy-krasnoe-suhoe-138,loco-cimbali-kuprin-bastardo-magarachskiy-krasnoe-suhoe-138_bottom.webp
Легато Совиньон Блан,белое сухое Легато Совиньон Блан LeGato,Совиньон Блан,Белое сухое,legato-legato-sovinon-blan-beloe-suhoe-125,legato-legato-sovinon-blan-beloe-suhoe-125.webp
Легато Совиньон Блан,белое сухое Легато Совиньон Блан LeGato,Совиньон Блан,Белое сухое,legato-legato-sovinon-blan-beloe-suhoe-125,legato-legato-sovinon-blan-beloe-suhoe-125_bottom.webp
Легато Пино Нуар,красное сухое Легато Пино Нуар LeGato,Пино Нуар,Красное сухое,legato-legato-pino-nuar-krasnoe-suhoe-135,legato-legato-pino-nuar-krasnoe-suhoe-135.webp
Легато Пино Нуар,красное сухое Легато Пино Нуар LeGato,Пино Нуар,Красное сухое,legato-legato-pino-nuar-krasnoe-suhoe-135,legato-legato-pino-nuar-krasnoe-suhoe-135_bottom.webp
Легато Каберне Фран,красное сухое Легато Каберне Фран LeGato,Каберне Фран,Красное сухое,legato-legato-kaberne-fran-krasnoe-suhoe-14,legato-legato-kaberne-fran-krasnoe-suhoe-14.webp
Легато Каберне Фран,красное сухое Легато Каберне Фран LeGato,Каберне Фран,Красное сухое,legato-legato-kaberne-fran-krasnoe-suhoe-14,legato-legato-kaberne-fran-krasnoe-suhoe-14_bottom.webp
Легато Саперави,красное сухое Легато Саперави LeGato,Саперави,Красное сухое,legato-legato-saperavi-krasnoe-suhoe-14,legato-legato-saperavi-krasnoe-suhoe-14.webp
Легато Саперави,красное сухое Легато Саперави LeGato,Саперави,Красное сухое,legato-legato-saperavi-krasnoe-suhoe-14,legato-legato-saperavi-krasnoe-suhoe-14_bottom.webp
Легато Мерло,красное сухое Легато Мерло LeGato,Мерло,Красное сухое,legato-legato-merlo-krasnoe-suhoe-135,legato-legato-merlo-krasnoe-suhoe-135.webp
Легато Мерло,красное сухое Легато Мерло LeGato,Мерло,Красное сухое,legato-legato-merlo-krasnoe-suhoe-135,legato-legato-merlo-krasnoe-suhoe-135_bottom.webp
Легато Шардоне,белое сухое Легато Шардоне LeGato,Шардоне,Белое сухое,legato-legato-shardone-beloe-suhoe-135,legato-legato-shardone-beloe-suhoe-135.webp
Легато Шардоне,белое сухое Легато Шардоне LeGato,Шардоне,Белое сухое,legato-legato-shardone-beloe-suhoe-135,legato-legato-shardone-beloe-suhoe-135_bottom.webp
Argonne Riesling,белое сухое Argonne Riesling Ivan & Ksenia Kruz,Рислинг,Белое сухое,ivan-ksenia-kruz-argonne-riesling-risling-beloe-suhoe-119,ivan-ksenia-kruz-argonne-riesling-risling-beloe-suhoe-119.webp
Argonne Riesling,белое сухое Argonne Riesling Ivan & Ksenia Kruz,Рислинг,Белое сухое,ivan-ksenia-kruz-argonne-riesling-risling-beloe-suhoe-119,ivan-ksenia-kruz-argonne-riesling-risling-beloe-suhoe-119_bottom.webp
Argonne Syrah,красное сухое Argonne Syrah Ivan & Ksenia Kruz,Сира,Красное сухое,ivan-ksenia-kruz-argonne-syrah-sira-krasnoe-suhoe-124,ivan-ksenia-kruz-argonne-syrah-sira-krasnoe-suhoe-124.webp
Argonne Syrah,красное сухое Argonne Syrah Ivan & Ksenia Kruz,Сира,Красное сухое,ivan-ksenia-kruz-argonne-syrah-sira-krasnoe-suhoe-124,ivan-ksenia-kruz-argonne-syrah-sira-krasnoe-suhoe-124_bottom.webp
Argonne Sauvignon Blanc,белое сухое Argonne Sauvignon Blanc Ivan & Ksenia Kruz,Совиньон Блан,Белое сухое,ivan-ksenia-kruz-argonne-sauvignon-blanc-sovinon-blan-beloe-suhoe-115,ivan-ksenia-kruz-argonne-sauvignon-blanc-sovinon-blan-beloe-suhoe-115.webp
Argonne Sauvignon Blanc,белое сухое Argonne Sauvignon Blanc Ivan & Ksenia Kruz,Совиньон Блан,Белое сухое,ivan-ksenia-kruz-argonne-sauvignon-blanc-sovinon-blan-beloe-suhoe-115,ivan-ksenia-kruz-argonne-sauvignon-blanc-sovinon-blan-beloe-suhoe-115_bottom.webp
Argonne Pinot Noir,розовое сухое Argonne Pinot Noir Ivan & Ksenia Kruz,Пино Нуар,Розовое сухое,ivan-ksenia-kruz-argonne-pinot-noir-pino-nuar-rozovoe-suhoe-122,ivan-ksenia-kruz-argonne-pinot-noir-pino-nuar-rozovoe-suhoe-122.webp
Argonne Pinot Noir,розовое сухое Argonne Pinot Noir Ivan & Ksenia Kruz,Пино Нуар,Розовое сухое,ivan-ksenia-kruz-argonne-pinot-noir-pino-nuar-rozovoe-suhoe-122,ivan-ksenia-kruz-argonne-pinot-noir-pino-nuar-rozovoe-suhoe-122_bottom.webp
Оранжевое из Белого,красное сухое Оранжевое из Белого Мысхако,Гевюрцтраминер,Красное сухое,vinodelnya-myshako-oranzhevoe-iz-belogo-gevyurtstraminer-krasnoe-suhoe-142,vinodelnya-myshako-oranzhevoe-iz-belogo-gevyurtstraminer-krasnoe-suhoe-142.webp
Оранжевое из Белого,красное сухое Оранжевое из Белого Мысхако,Гевюрцтраминер,Красное сухое,vinodelnya-myshako-oranzhevoe-iz-belogo-gevyurtstraminer-krasnoe-suhoe-142,vinodelnya-myshako-oranzhevoe-iz-belogo-gevyurtstraminer-krasnoe-suhoe-142_bottom.webp
Шардоне,белое сухое Шардоне Мысхако,Шардоне,Белое сухое,vinodelnya-myshako-shardone-beloe-suhoe-123,vinodelnya-myshako-shardone-beloe-suhoe-123.webp
Шардоне,белое сухое Шардоне Мысхако,Шардоне,Белое сухое,vinodelnya-myshako-shardone-beloe-suhoe-123,vinodelnya-myshako-shardone-beloe-suhoe-123_bottom.webp
Темпранильо,розовое сухое Темпранильо Мысхако,Темпранильо,Розовое сухое,vinodelnya-myshako-tempranilo-rozovoe-suhoe-134,vinodelnya-myshako-tempranilo-rozovoe-suhoe-134.webp
Темпранильо,розовое сухое Темпранильо Мысхако,Темпранильо,Розовое сухое,vinodelnya-myshako-tempranilo-rozovoe-suhoe-134,vinodelnya-myshako-tempranilo-rozovoe-suhoe-134_bottom.webp
Марселан,красное сухое Марселан Мысхако,Марселан,Красное сухое,vinodelnya-myshako-marselan-krasnoe-suhoe-143,vinodelnya-myshako-marselan-krasnoe-suhoe-143.webp
Марселан,красное сухое Марселан Мысхако,Марселан,Красное сухое,vinodelnya-myshako-marselan-krasnoe-suhoe-143,vinodelnya-myshako-marselan-krasnoe-suhoe-143_bottom.webp
Пино Гриджио,белое полусухое Пино Гриджио Мысхако,Пино Гри,Белое полусухое,vinodelnya-myshako-pino-gridzhio-beloe-polusuhoe-123,vinodelnya-myshako-pino-gridzhio-beloe-polusuhoe-123.webp
Пино Гриджио,белое полусухое Пино Гриджио Мысхако,Пино Гри,Белое полусухое,vinodelnya-myshako-pino-gridzhio-beloe-polusuhoe-123,vinodelnya-myshako-pino-gridzhio-beloe-polusuhoe-123_bottom.webp
Blanc de Blancs,белое брют Blanc de Blancs Мысхако,Шардоне,Белое брют,vinodelnya-myshako-blanc-de-blancs-shardone-beloe-bryut-121,vinodelnya-myshako-blanc-de-blancs-shardone-beloe-bryut-121.webp
Blanc de Blancs,белое брют Blanc de Blancs Мысхако,Шардоне,Белое брют,vinodelnya-myshako-blanc-de-blancs-shardone-beloe-bryut-121,vinodelnya-myshako-blanc-de-blancs-shardone-beloe-bryut-121_bottom.webp
Гевюрцтраминер Mode Петнат,белое брют Гевюрцтраминер Mode Петнат Мысхако,Гевюрцтраминер,Белое брют,vinodelnya-myshako-gevyurtstraminer-mode-petnat-beloe-bryut-118,vinodelnya-myshako-gevyurtstraminer-mode-petnat-beloe-bryut-118.webp
Гевюрцтраминер Mode Петнат,белое брют Гевюрцтраминер Mode Петнат Мысхако,Гевюрцтраминер,Белое брют,vinodelnya-myshako-gevyurtstraminer-mode-petnat-beloe-bryut-118,vinodelnya-myshako-gevyurtstraminer-mode-petnat-beloe-bryut-118_bottom.webp
Rose De Noirs,розовое брют Rose De Noirs Мысхако,Пино Нуар,Розовое брют,vinodelnya-myshako-rose-de-noirs-pino-nuar-rozovoe-bryut-123,vinodelnya-myshako-rose-de-noirs-pino-nuar-rozovoe-bryut-123.webp
Rose De Noirs,розовое брют Rose De Noirs Мысхако,Пино Нуар,Розовое брют,vinodelnya-myshako-rose-de-noirs-pino-nuar-rozovoe-bryut-123,vinodelnya-myshako-rose-de-noirs-pino-nuar-rozovoe-bryut-123_bottom.webp
Марселан Mode Appassimento,красное сухое Марселан Mode Appassimento Мысхако,Марселан,Красное сухое,vinodelnya-myshako-marselan-mode-appassimento-krasnoe-suhoe-146,vinodelnya-myshako-marselan-mode-appassimento-krasnoe-suhoe-146.webp
Марселан Mode Appassimento,красное сухое Марселан Mode Appassimento Мысхако,Марселан,Красное сухое,vinodelnya-myshako-marselan-mode-appassimento-krasnoe-suhoe-146,vinodelnya-myshako-marselan-mode-appassimento-krasnoe-suhoe-146_bottom.webp
Rouge de Noirs,красное брют Rouge de Noirs Мысхако,Мерло,Красное брют,vinodelnya-myshako-rouge-de-noirs-merlo-krasnoe-bryut-13,vinodelnya-myshako-rouge-de-noirs-merlo-krasnoe-bryut-13.webp
Rouge de Noirs,красное брют Rouge de Noirs Мысхако,Мерло,Красное брют,vinodelnya-myshako-rouge-de-noirs-merlo-krasnoe-bryut-13,vinodelnya-myshako-rouge-de-noirs-merlo-krasnoe-bryut-13_bottom.webp
Совиньон Блан Mode Петнат,белое брют Совиньон Блан Mode Петнат Мысхако,Совиньон Блан,Белое брют,vinodelnya-myshako-sovinon-blan-mode-petnat-beloe-bryut-12,vinodelnya-myshako-sovinon-blan-mode-petnat-beloe-bryut-12.webp
Совиньон Блан Mode Петнат,белое брют Совиньон Блан Mode Петнат Мысхако,Совиньон Блан,Белое брют,vinodelnya-myshako-sovinon-blan-mode-petnat-beloe-bryut-12,vinodelnya-myshako-sovinon-blan-mode-petnat-beloe-bryut-12_bottom.webp
Рислинг Mode Kabinett,белое полусухое Рислинг Mode Kabinett Мысхако,Рислинг,Белое полусухое,vinodelnya-myshako-risling-mode-kabinett-beloe-polusuhoe-126,vinodelnya-myshako-risling-mode-kabinett-beloe-polusuhoe-126.webp
Рислинг Mode Kabinett,белое полусухое Рислинг Mode Kabinett Мысхако,Рислинг,Белое полусухое,vinodelnya-myshako-risling-mode-kabinett-beloe-polusuhoe-126,vinodelnya-myshako-risling-mode-kabinett-beloe-polusuhoe-126_bottom.webp
Марселан Mode,красное сухое Марселан Mode Мысхако,Марселан,Красное сухое,vinodelnya-myshako-marselan-mode-krasnoe-suhoe-145,vinodelnya-myshako-marselan-mode-krasnoe-suhoe-145.webp
Марселан Mode,красное сухое Марселан Mode Мысхако,Марселан,Красное сухое,vinodelnya-myshako-marselan-mode-krasnoe-suhoe-145,vinodelnya-myshako-marselan-mode-krasnoe-suhoe-145_bottom.webp
Зинфандель Mode Петнат,розовое полусухое Зинфандель Mode Петнат Мысхако,Зинфандель,Розовое полусухое,vinodelnya-myshako-zinfandel-mode-petnat-rozovoe-polusuhoe-12,vinodelnya-myshako-zinfandel-mode-petnat-rozovoe-polusuhoe-12.webp
Зинфандель Mode Петнат,розовое полусухое Зинфандель Mode Петнат Мысхако,Зинфандель,Розовое полусухое,vinodelnya-myshako-zinfandel-mode-petnat-rozovoe-polusuhoe-12,vinodelnya-myshako-zinfandel-mode-petnat-rozovoe-polusuhoe-12_bottom.webp
Совиньон Блан Mode Cold Style,белое сухое Совиньон Блан Mode Cold Style Мысхако,Совиньон Блан,Белое сухое,vinodelnya-myshako-sovinon-blan-mode-cold-style-beloe-suhoe-122,vinodelnya-myshako-sovinon-blan-mode-cold-style-beloe-suhoe-122.webp
Совиньон Блан Mode Cold Style,белое сухое Совиньон Блан Mode Cold Style Мысхако,Совиньон Блан,Белое сухое,vinodelnya-myshako-sovinon-blan-mode-cold-style-beloe-suhoe-122,vinodelnya-myshako-sovinon-blan-mode-cold-style-beloe-suhoe-122_bottom.webp
Sesto Senso. Ягодный взрыв,розовое сухое Sesto Senso. Ягодный взрыв Мысхако,Мерло,Розовое сухое,vinodelnya-myshako-sesto-senso-yagodnyy-vzryv-merlo-rozovoe-suhoe-122,vinodelnya-myshako-sesto-senso-yagodnyy-vzryv-merlo-rozovoe-suhoe-122.webp
Sesto Senso. Ягодный взрыв,розовое сухое Sesto Senso. Ягодный взрыв Мысхако,Мерло,Розовое сухое,vinodelnya-myshako-sesto-senso-yagodnyy-vzryv-merlo-rozovoe-suhoe-122,vinodelnya-myshako-sesto-senso-yagodnyy-vzryv-merlo-rozovoe-suhoe-122_bottom.webp
Sesto Senso. Тропический Взрыв. Совиньон Блан,белое сухое Sesto Senso. Тропический Взрыв. Совиньон Блан Мысхако,Совиньон Блан,Белое сухое,vinodelnya-myshako-sesto-senso-tropicheskiy-vzryv-sovinon-blan-beloe-suhoe-12,vinodelnya-myshako-sesto-senso-tropicheskiy-vzryv-sovinon-blan-beloe-suhoe-12.webp
Sesto Senso. Тропический Взрыв. Совиньон Блан,белое сухое Sesto Senso. Тропический Взрыв. Совиньон Блан Мысхако,Совиньон Блан,Белое сухое,vinodelnya-myshako-sesto-senso-tropicheskiy-vzryv-sovinon-blan-beloe-suhoe-12,vinodelnya-myshako-sesto-senso-tropicheskiy-vzryv-sovinon-blan-beloe-suhoe-12_bottom.webp
Зинфандель Mode,красное сухое Зинфандель Mode Мысхако,Зинфандель,Красное сухое,vinodelnya-myshako-zinfandel-mode-krasnoe-suhoe-148,vinodelnya-myshako-zinfandel-mode-krasnoe-suhoe-148.webp
Зинфандель Mode,красное сухое Зинфандель Mode Мысхако,Зинфандель,Красное сухое,vinodelnya-myshako-zinfandel-mode-krasnoe-suhoe-148,vinodelnya-myshako-zinfandel-mode-krasnoe-suhoe-148_bottom.webp
Sesto Senso. Фруктовый взрыв,красное сухое Sesto Senso. Фруктовый взрыв Мысхако,Каберне Совиньон,Красное сухое,vinodelnya-myshako-sesto-senso-fruktovyy-vzryv-kaberne-sovinon-krasnoe-suhoe-155,vinodelnya-myshako-sesto-senso-fruktovyy-vzryv-kaberne-sovinon-krasnoe-suhoe-155.webp
Sesto Senso. Фруктовый взрыв,красное сухое Sesto Senso. Фруктовый взрыв Мысхако,Каберне Совиньон,Красное сухое,vinodelnya-myshako-sesto-senso-fruktovyy-vzryv-kaberne-sovinon-krasnoe-suhoe-155,vinodelnya-myshako-sesto-senso-fruktovyy-vzryv-kaberne-sovinon-krasnoe-suhoe-155_bottom.webp
Sesto Senso. Тропический взрыв,белое сухое Sesto Senso. Тропический взрыв Мысхако,Гевюрцтраминер,Белое сухое,vinodelnya-myshako-sesto-senso-tropicheskiy-vzryv-gevyurtstraminer-beloe-suhoe-12,vinodelnya-myshako-sesto-senso-tropicheskiy-vzryv-gevyurtstraminer-beloe-suhoe-12.webp
Sesto Senso. Тропический взрыв,белое сухое Sesto Senso. Тропический взрыв Мысхако,Гевюрцтраминер,Белое сухое,vinodelnya-myshako-sesto-senso-tropicheskiy-vzryv-gevyurtstraminer-beloe-suhoe-12,vinodelnya-myshako-sesto-senso-tropicheskiy-vzryv-gevyurtstraminer-beloe-suhoe-12_bottom.webp
Flute Гевюрцтраминер Совиньон Блан,белое брют Flute Гевюрцтраминер Совиньон Блан Мысхако,Гевюрцтраминер,Белое брют,vinodelnya-myshako-flute-gevyurtstraminer-sovinon-blan-beloe-bryut-122,vinodelnya-myshako-flute-gevyurtstraminer-sovinon-blan-beloe-bryut-122.webp
Flute Гевюрцтраминер Совиньон Блан,белое брют Flute Гевюрцтраминер Совиньон Блан Мысхако,Гевюрцтраминер,Белое брют,vinodelnya-myshako-flute-gevyurtstraminer-sovinon-blan-beloe-bryut-122,vinodelnya-myshako-flute-gevyurtstraminer-sovinon-blan-beloe-bryut-122_bottom.webp
Flute брют белое,белое брют Flute брют белое Мысхако,Шардоне,Белое брют,vinodelnya-myshako-flute-bryut-beloe-shardone-11,vinodelnya-myshako-flute-bryut-beloe-shardone-11.webp
Flute брют белое,белое брют Flute брют белое Мысхако,Шардоне,Белое брют,vinodelnya-myshako-flute-bryut-beloe-shardone-11,vinodelnya-myshako-flute-bryut-beloe-shardone-11_bottom.webp
Совиньон Блан,белое сухое Совиньон Блан Мысхако,Совиньон Блан,Белое сухое,vinodelnya-myshako-sovinon-blan-beloe-suhoe-122,vinodelnya-myshako-sovinon-blan-beloe-suhoe-122.webp
Совиньон Блан,белое сухое Совиньон Блан Мысхако,Совиньон Блан,Белое сухое,vinodelnya-myshako-sovinon-blan-beloe-suhoe-122,vinodelnya-myshako-sovinon-blan-beloe-suhoe-122_bottom.webp
Flute Вионье Алиготе,белое брют Flute Вионье Алиготе Мысхако,Вионье,Белое брют,vinodelnya-myshako-flute-vione-aligote-beloe-bryut-12,vinodelnya-myshako-flute-vione-aligote-beloe-bryut-12.webp
Flute Вионье Алиготе,белое брют Flute Вионье Алиготе Мысхако,Вионье,Белое брют,vinodelnya-myshako-flute-vione-aligote-beloe-bryut-12,vinodelnya-myshako-flute-vione-aligote-beloe-bryut-12_bottom.webp
Flute Блауфранкиш,розовое брют Flute Блауфранкиш Мысхако,Блауфранкиш,Розовое брют,vinodelnya-myshako-flute-blaufrankish-rozovoe-bryut-126,vinodelnya-myshako-flute-blaufrankish-rozovoe-bryut-126.webp
Flute Блауфранкиш,розовое брют Flute Блауфранкиш Мысхако,Блауфранкиш,Розовое брют,vinodelnya-myshako-flute-blaufrankish-rozovoe-bryut-126,vinodelnya-myshako-flute-blaufrankish-rozovoe-bryut-126_bottom.webp
Каберне Фран,красное сухое Каберне Фран Мысхако,Каберне Фран,Красное сухое,vinodelnya-myshako-kaberne-fran-krasnoe-suhoe-142,vinodelnya-myshako-kaberne-fran-krasnoe-suhoe-142.webp
Каберне Фран,красное сухое Каберне Фран Мысхако,Каберне Фран,Красное сухое,vinodelnya-myshako-kaberne-fran-krasnoe-suhoe-142,vinodelnya-myshako-kaberne-fran-krasnoe-suhoe-142_bottom.webp
Рислинг,белое сухое Рислинг Мысхако,Рислинг,Белое сухое,vinodelnya-myshako-risling-beloe-suhoe-123,vinodelnya-myshako-risling-beloe-suhoe-123.webp
Рислинг,белое сухое Рислинг Мысхако,Рислинг,Белое сухое,vinodelnya-myshako-risling-beloe-suhoe-123,vinodelnya-myshako-risling-beloe-suhoe-123_bottom.webp
Шардоне,белое сухое Шардоне Мысхако,Шардоне,Белое сухое,vinodelnya-myshako-shardone-beloe-suhoe-145,vinodelnya-myshako-shardone-beloe-suhoe-145.webp
Шардоне,белое сухое Шардоне Мысхако,Шардоне,Белое сухое,vinodelnya-myshako-shardone-beloe-suhoe-145,vinodelnya-myshako-shardone-beloe-suhoe-145_bottom.webp
Марселан,красное сухое Марселан Мысхако,Марселан,Красное сухое,vinodelnya-myshako-marselan-krasnoe-suhoe-144,vinodelnya-myshako-marselan-krasnoe-suhoe-144.webp
Марселан,красное сухое Марселан Мысхако,Марселан,Красное сухое,vinodelnya-myshako-marselan-krasnoe-suhoe-144,vinodelnya-myshako-marselan-krasnoe-suhoe-144_bottom.webp
Каберне Совиньон,красное сухое Каберне Совиньон Мысхако,Каберне Совиньон,Красное сухое,vinodelnya-myshako-kaberne-sovinon-krasnoe-suhoe-138,vinodelnya-myshako-kaberne-sovinon-krasnoe-suhoe-138.webp
Каберне Совиньон,красное сухое Каберне Совиньон Мысхако,Каберне Совиньон,Красное сухое,vinodelnya-myshako-kaberne-sovinon-krasnoe-suhoe-138,vinodelnya-myshako-kaberne-sovinon-krasnoe-suhoe-138_bottom.webp
Семильон - Алиготе Reserve,белое сухое Семильон - Алиготе Reserve Мысхако,Семильон,Белое сухое,vinodelnya-myshako-semilon-aligote-reserve-beloe-suhoe-126,vinodelnya-myshako-semilon-aligote-reserve-beloe-suhoe-126.webp
Семильон - Алиготе Reserve,белое сухое Семильон - Алиготе Reserve Мысхако,Семильон,Белое сухое,vinodelnya-myshako-semilon-aligote-reserve-beloe-suhoe-126,vinodelnya-myshako-semilon-aligote-reserve-beloe-suhoe-126_bottom.webp
Совиньон Семильон Кюве,белое сухое Совиньон Семильон Кюве Мысхако,Совиньон Блан,Белое сухое,vinodelnya-myshako-sovinon-semilon-kyuve-sovinon-blan-beloe-suhoe-132,vinodelnya-myshako-sovinon-semilon-kyuve-sovinon-blan-beloe-suhoe-132.webp
Совиньон Семильон Кюве,белое сухое Совиньон Семильон Кюве Мысхако,Совиньон Блан,Белое сухое,vinodelnya-myshako-sovinon-semilon-kyuve-sovinon-blan-beloe-suhoe-132,vinodelnya-myshako-sovinon-semilon-kyuve-sovinon-blan-beloe-suhoe-132_bottom.webp
Пино Нуар - Карменер Reserve,красное сухое Пино Нуар - Карменер Reserve Мысхако,Пино Нуар,Красное сухое,vinodelnya-myshako-pino-nuar-karmener-reserve-krasnoe-suhoe-138,vinodelnya-myshako-pino-nuar-karmener-reserve-krasnoe-suhoe-138.webp
Пино Нуар - Карменер Reserve,красное сухое Пино Нуар - Карменер Reserve Мысхако,Пино Нуар,Красное сухое,vinodelnya-myshako-pino-nuar-karmener-reserve-krasnoe-suhoe-138,vinodelnya-myshako-pino-nuar-karmener-reserve-krasnoe-suhoe-138_bottom.webp
Шираз,красное сухое Шираз Мысхако,Шираз,Красное сухое,vinodelnya-myshako-shiraz-krasnoe-suhoe-146,vinodelnya-myshako-shiraz-krasnoe-suhoe-146.webp
Шираз,красное сухое Шираз Мысхако,Шираз,Красное сухое,vinodelnya-myshako-shiraz-krasnoe-suhoe-146,vinodelnya-myshako-shiraz-krasnoe-suhoe-146_bottom.webp
Примитиво - Блауфранкиш Reserve,красное сухое Примитиво - Блауфранкиш Reserve Мысхако,Примитиво,Красное сухое,vinodelnya-myshako-primitivo-blaufrankish-reserve-krasnoe-suhoe-142,vinodelnya-myshako-primitivo-blaufrankish-reserve-krasnoe-suhoe-142.webp
Примитиво - Блауфранкиш Reserve,красное сухое Примитиво - Блауфранкиш Reserve Мысхако,Примитиво,Красное сухое,vinodelnya-myshako-primitivo-blaufrankish-reserve-krasnoe-suhoe-142,vinodelnya-myshako-primitivo-blaufrankish-reserve-krasnoe-suhoe-142_bottom.webp
Совиньон Блан Кюве,белое сухое Совиньон Блан Кюве Мысхако,Совиньон Блан,Белое сухое,vinodelnya-myshako-sovinon-blan-kyuve-beloe-suhoe-134,vinodelnya-myshako-sovinon-blan-kyuve-beloe-suhoe-134.webp
Совиньон Блан Кюве,белое сухое Совиньон Блан Кюве Мысхако,Совиньон Блан,Белое сухое,vinodelnya-myshako-sovinon-blan-kyuve-beloe-suhoe-134,vinodelnya-myshako-sovinon-blan-kyuve-beloe-suhoe-134_bottom.webp
Мерло – Зинфандель. Кюве,розовое сухое Мерло – Зинфандель. Кюве Мысхако,Мерло,Розовое сухое,vinodelnya-myshako-merlo-zinfandel-kyuve-rozovoe-suhoe-128,vinodelnya-myshako-merlo-zinfandel-kyuve-rozovoe-suhoe-128.webp
Мерло – Зинфандель. Кюве,розовое сухое Мерло – Зинфандель. Кюве Мысхако,Мерло,Розовое сухое,vinodelnya-myshako-merlo-zinfandel-kyuve-rozovoe-suhoe-128,vinodelnya-myshako-merlo-zinfandel-kyuve-rozovoe-suhoe-128_bottom.webp
Мерло – Темпранильо. Кюве,красное полусладкое Мерло – Темпранильо. Кюве Мысхако,Мерло,Красное полусладкое,vinodelnya-myshako-merlo-tempranilo-kyuve-krasnoe-polusladkoe-135,vinodelnya-myshako-merlo-tempranilo-kyuve-krasnoe-polusladkoe-135.webp
Мерло – Темпранильо. Кюве,красное полусладкое Мерло – Темпранильо. Кюве Мысхако,Мерло,Красное полусладкое,vinodelnya-myshako-merlo-tempranilo-kyuve-krasnoe-polusladkoe-135,vinodelnya-myshako-merlo-tempranilo-kyuve-krasnoe-polusladkoe-135_bottom.webp
Сира – Марселан. Кюве,красное сухое Сира – Марселан. Кюве Мысхако,Сира,Красное сухое,vinodelnya-myshako-sira-marselan-kyuve-krasnoe-suhoe-136,vinodelnya-myshako-sira-marselan-kyuve-krasnoe-suhoe-136.webp
Сира – Марселан. Кюве,красное сухое Сира – Марселан. Кюве Мысхако,Сира,Красное сухое,vinodelnya-myshako-sira-marselan-kyuve-krasnoe-suhoe-136,vinodelnya-myshako-sira-marselan-kyuve-krasnoe-suhoe-136_bottom.webp
Алиготе – Вионье. Кюве,белое полусладкое Алиготе – Вионье. Кюве Мысхако,Алиготе,Белое полусладкое,vinodelnya-myshako-aligote-vione-kyuve-beloe-polusladkoe-125,vinodelnya-myshako-aligote-vione-kyuve-beloe-polusladkoe-125.webp
Алиготе – Вионье. Кюве,белое полусладкое Алиготе – Вионье. Кюве Мысхако,Алиготе,Белое полусладкое,vinodelnya-myshako-aligote-vione-kyuve-beloe-polusladkoe-125,vinodelnya-myshako-aligote-vione-kyuve-beloe-polusladkoe-125_bottom.webp
Совиньон Блан – Вионье. Кюве,белое сухое Совиньон Блан – Вионье. Кюве Мысхако,Совиньон Блан,Белое сухое,vinodelnya-myshako-sovinon-blan-vione-kyuve-beloe-suhoe-125,vinodelnya-myshako-sovinon-blan-vione-kyuve-beloe-suhoe-125.webp
Совиньон Блан – Вионье. Кюве,белое сухое Совиньон Блан – Вионье. Кюве Мысхако,Совиньон Блан,Белое сухое,vinodelnya-myshako-sovinon-blan-vione-kyuve-beloe-suhoe-125,vinodelnya-myshako-sovinon-blan-vione-kyuve-beloe-suhoe-125_bottom.webp
Каберне Совиньон – Мерло. Кюве,красное сухое Каберне Совиньон – Мерло. Кюве Мысхако,Каберне Совиньон,Красное сухое,vinodelnya-myshako-kaberne-sovinon-merlo-kyuve-krasnoe-suhoe-142,vinodelnya-myshako-kaberne-sovinon-merlo-kyuve-krasnoe-suhoe-142.webp
Каберне Совиньон – Мерло. Кюве,красное сухое Каберне Совиньон – Мерло. Кюве Мысхако,Каберне Совиньон,Красное сухое,vinodelnya-myshako-kaberne-sovinon-merlo-kyuve-krasnoe-suhoe-142,vinodelnya-myshako-kaberne-sovinon-merlo-kyuve-krasnoe-suhoe-142_bottom.webp
Шардоне – Алиготе. Кюве,белое сухое Шардоне – Алиготе. Кюве Мысхако,Шардоне,Белое сухое,vinodelnya-myshako-shardone-aligote-kyuve-beloe-suhoe-125,vinodelnya-myshako-shardone-aligote-kyuve-beloe-suhoe-125.webp
Шардоне – Алиготе. Кюве,белое сухое Шардоне – Алиготе. Кюве Мысхако,Шардоне,Белое сухое,vinodelnya-myshako-shardone-aligote-kyuve-beloe-suhoe-125,vinodelnya-myshako-shardone-aligote-kyuve-beloe-suhoe-125_bottom.webp
Рислинг Кюве брют,белое брют Рислинг Кюве брют Мысхако,Рислинг,Белое брют,vinodelnya-myshako-risling-kyuve-bryut-beloe-126,vinodelnya-myshako-risling-kyuve-bryut-beloe-126.webp
Рислинг Кюве брют,белое брют Рислинг Кюве брют Мысхако,Рислинг,Белое брют,vinodelnya-myshako-risling-kyuve-bryut-beloe-126,vinodelnya-myshako-risling-kyuve-bryut-beloe-126_bottom.webp
Мысхако Кюве Розовое,розовое брют Мысхако Кюве Розовое Мысхако,Пино Нуар,Розовое брют,vinodelnya-myshako-myshako-kyuve-rozovoe-pino-nuar-bryut-123,vinodelnya-myshako-myshako-kyuve-rozovoe-pino-nuar-bryut-123.webp
Мысхако Кюве Розовое,розовое брют Мысхако Кюве Розовое Мысхако,Пино Нуар,Розовое брют,vinodelnya-myshako-myshako-kyuve-rozovoe-pino-nuar-bryut-123,vinodelnya-myshako-myshako-kyuve-rozovoe-pino-nuar-bryut-123_bottom.webp
Мускат. Авторская технология. Моно,белое сухое Мускат. Авторская технология. Моно Мысхако,Мускат,Белое сухое,vinodelnya-myshako-muskat-avtorskaya-tehnologiya-mono-beloe-suhoe-128,vinodelnya-myshako-muskat-avtorskaya-tehnologiya-mono-beloe-suhoe-128.webp
Мускат. Авторская технология. Моно,белое сухое Мускат. Авторская технология. Моно Мысхако,Мускат,Белое сухое,vinodelnya-myshako-muskat-avtorskaya-tehnologiya-mono-beloe-suhoe-128,vinodelnya-myshako-muskat-avtorskaya-tehnologiya-mono-beloe-suhoe-128_bottom.webp
Совиньон Блан. Авторская технология. Моно,белое сухое Совиньон Блан. Авторская технология. Моно Мысхако,Совиньон Блан,Белое сухое,vinodelnya-myshako-sovinon-blan-avtorskaya-tehnologiya-mono-beloe-suhoe-128,vinodelnya-myshako-sovinon-blan-avtorskaya-tehnologiya-mono-beloe-suhoe-128.webp
Совиньон Блан. Авторская технология. Моно,белое сухое Совиньон Блан. Авторская технология. Моно Мысхако,Совиньон Блан,Белое сухое,vinodelnya-myshako-sovinon-blan-avtorskaya-tehnologiya-mono-beloe-suhoe-128,vinodelnya-myshako-sovinon-blan-avtorskaya-tehnologiya-mono-beloe-suhoe-128_bottom.webp
Марселан. Авторская технология,красное сухое Марселан. Авторская технология Мысхако,Марселан,Красное сухое,vinodelnya-myshako-marselan-avtorskaya-tehnologiya-krasnoe-suhoe-144,vinodelnya-myshako-marselan-avtorskaya-tehnologiya-krasnoe-suhoe-144.webp
Марселан. Авторская технология,красное сухое Марселан. Авторская технология Мысхако,Марселан,Красное сухое,vinodelnya-myshako-marselan-avtorskaya-tehnologiya-krasnoe-suhoe-144,vinodelnya-myshako-marselan-avtorskaya-tehnologiya-krasnoe-suhoe-144_bottom.webp
Гевюрцтраминер Кюве брют,белое брют Гевюрцтраминер Кюве брют Мысхако,Гевюрцтраминер,Белое брют,vinodelnya-myshako-gevyurtstraminer-kyuve-bryut-beloe-123,vinodelnya-myshako-gevyurtstraminer-kyuve-bryut-beloe-123.webp
Гевюрцтраминер Кюве брют,белое брют Гевюрцтраминер Кюве брют Мысхако,Гевюрцтраминер,Белое брют,vinodelnya-myshako-gevyurtstraminer-kyuve-bryut-beloe-123,vinodelnya-myshako-gevyurtstraminer-kyuve-bryut-beloe-123_bottom.webp
Шардоне авторская технология,белое сухое Шардоне авторская технология Мысхако,Шардоне,Белое сухое,vinodelnya-myshako-shardone-avtorskaya-tehnologiya-beloe-suhoe-155,vinodelnya-myshako-shardone-avtorskaya-tehnologiya-beloe-suhoe-155.webp
Шардоне авторская технология,белое сухое Шардоне авторская технология Мысхако,Шардоне,Белое сухое,vinodelnya-myshako-shardone-avtorskaya-tehnologiya-beloe-suhoe-155,vinodelnya-myshako-shardone-avtorskaya-tehnologiya-beloe-suhoe-155_bottom.webp
Черный Удар,красное сухое Черный Удар Мысхако,Марселан,Красное сухое,vinodelnya-myshako-chernyy-udar-marselan-krasnoe-suhoe-162,vinodelnya-myshako-chernyy-udar-marselan-krasnoe-suhoe-162.webp
Черный Удар,красное сухое Черный Удар Мысхако,Марселан,Красное сухое,vinodelnya-myshako-chernyy-udar-marselan-krasnoe-suhoe-162,vinodelnya-myshako-chernyy-udar-marselan-krasnoe-suhoe-162_bottom.webp
Каберне Фран авторская технология,красное сухое Каберне Фран авторская технология Мысхако,Каберне Фран,Красное сухое,vinodelnya-myshako-kaberne-fran-avtorskaya-tehnologiya-krasnoe-suhoe-142,vinodelnya-myshako-kaberne-fran-avtorskaya-tehnologiya-krasnoe-suhoe-142.webp
Каберне Фран авторская технология,красное сухое Каберне Фран авторская технология Мысхако,Каберне Фран,Красное сухое,vinodelnya-myshako-kaberne-fran-avtorskaya-tehnologiya-krasnoe-suhoe-142,vinodelnya-myshako-kaberne-fran-avtorskaya-tehnologiya-krasnoe-suhoe-142_bottom.webp
Черное из Красного. Аппассименто,красное полусухое Черное из Красного. Аппассименто Мысхако,Каберне Совиньон,Красное полусухое,vinodelnya-myshako-chernoe-iz-krasnogo-appassimento-kaberne-sovinon-krasnoe-polusuhoe-15,vinodelnya-myshako-chernoe-iz-krasnogo-appassimento-kaberne-sovinon-krasnoe-polusuhoe-15.webp
Черное из Красного. Аппассименто,красное полусухое Черное из Красного. Аппассименто Мысхако,Каберне Совиньон,Красное полусухое,vinodelnya-myshako-chernoe-iz-krasnogo-appassimento-kaberne-sovinon-krasnoe-polusuhoe-15,vinodelnya-myshako-chernoe-iz-krasnogo-appassimento-kaberne-sovinon-krasnoe-polusuhoe-15_bottom.webp
Черное из Черного. Аппассименто,красное сухое Черное из Черного. Аппассименто Мысхако,Каберне Совиньон,Красное сухое,vinodelnya-myshako-chernoe-iz-chernogo-appassimento-kaberne-sovinon-krasnoe-suhoe-15,vinodelnya-myshako-chernoe-iz-chernogo-appassimento-kaberne-sovinon-krasnoe-suhoe-15.webp
Черное из Черного. Аппассименто,красное сухое Черное из Черного. Аппассименто Мысхако,Каберне Совиньон,Красное сухое,vinodelnya-myshako-chernoe-iz-chernogo-appassimento-kaberne-sovinon-krasnoe-suhoe-15,vinodelnya-myshako-chernoe-iz-chernogo-appassimento-kaberne-sovinon-krasnoe-suhoe-15_bottom.webp
Совиньон Блан. Blanc Out,белое сухое Совиньон Блан. Blanc Out Мысхако,Совиньон Блан,Белое сухое,vinodelnya-myshako-sovinon-blan-blanc-out-beloe-suhoe-138,vinodelnya-myshako-sovinon-blan-blanc-out-beloe-suhoe-138.webp
Совиньон Блан. Blanc Out,белое сухое Совиньон Блан. Blanc Out Мысхако,Совиньон Блан,Белое сухое,vinodelnya-myshako-sovinon-blan-blanc-out-beloe-suhoe-138,vinodelnya-myshako-sovinon-blan-blanc-out-beloe-suhoe-138_bottom.webp
Каберне Совиньон. Black Out,красное полусухое Каберне Совиньон. Black Out Мысхако,Каберне Совиньон,Красное полусухое,vinodelnya-myshako-kaberne-sovinon-black-out-krasnoe-polusuhoe-16,vinodelnya-myshako-kaberne-sovinon-black-out-krasnoe-polusuhoe-16.webp
Каберне Совиньон. Black Out,красное полусухое Каберне Совиньон. Black Out Мысхако,Каберне Совиньон,Красное полусухое,vinodelnya-myshako-kaberne-sovinon-black-out-krasnoe-polusuhoe-16,vinodelnya-myshako-kaberne-sovinon-black-out-krasnoe-polusuhoe-16_bottom.webp
Рислинг. Blanc Out,белое сухое Рислинг. Blanc Out Мысхако,Рислинг,Белое сухое,vinodelnya-myshako-risling-blanc-out-beloe-suhoe-145,vinodelnya-myshako-risling-blanc-out-beloe-suhoe-145.webp
Рислинг. Blanc Out,белое сухое Рислинг. Blanc Out Мысхако,Рислинг,Белое сухое,vinodelnya-myshako-risling-blanc-out-beloe-suhoe-145,vinodelnya-myshako-risling-blanc-out-beloe-suhoe-145_bottom.webp
Шираз. Black Out,красное сухое Шираз. Black Out Мысхако,Шираз,Красное сухое,vinodelnya-myshako-shiraz-black-out-krasnoe-suhoe-152,vinodelnya-myshako-shiraz-black-out-krasnoe-suhoe-152.webp
Шираз. Black Out,красное сухое Шираз. Black Out Мысхако,Шираз,Красное сухое,vinodelnya-myshako-shiraz-black-out-krasnoe-suhoe-152,vinodelnya-myshako-shiraz-black-out-krasnoe-suhoe-152_bottom.webp
Мерло Гранд Резерв,красное сухое Мерло Гранд Резерв Мысхако,Мерло,Красное сухое,vinodelnya-myshako-merlo-grand-rezerv-krasnoe-suhoe-142,vinodelnya-myshako-merlo-grand-rezerv-krasnoe-suhoe-142.webp
Мерло Гранд Резерв,красное сухое Мерло Гранд Резерв Мысхако,Мерло,Красное сухое,vinodelnya-myshako-merlo-grand-rezerv-krasnoe-suhoe-142,vinodelnya-myshako-merlo-grand-rezerv-krasnoe-suhoe-142_bottom.webp
Мерло. Black Out,красное сладкое Мерло. Black Out Мысхако,Мерло,Красное сладкое,vinodelnya-myshako-merlo-black-out-krasnoe-sladkoe-14,vinodelnya-myshako-merlo-black-out-krasnoe-sladkoe-14.webp
Мерло. Black Out,красное сладкое Мерло. Black Out Мысхако,Мерло,Красное сладкое,vinodelnya-myshako-merlo-black-out-krasnoe-sladkoe-14,vinodelnya-myshako-merlo-black-out-krasnoe-sladkoe-14_bottom.webp
Quintessence Storm. Пино Нуар,белое сухое Quintessence Storm. Пино Нуар Мысхако,Пино Нуар,Белое сухое,vinodelnya-myshako-quintessence-storm-pino-nuar-beloe-suhoe-128,vinodelnya-myshako-quintessence-storm-pino-nuar-beloe-suhoe-128.webp
Quintessence Storm. Пино Нуар,белое сухое Quintessence Storm. Пино Нуар Мысхако,Пино Нуар,Белое сухое,vinodelnya-myshako-quintessence-storm-pino-nuar-beloe-suhoe-128,vinodelnya-myshako-quintessence-storm-pino-nuar-beloe-suhoe-128_bottom.webp
Шардоне Мысхако Гранд Резерв,белое сухое Шардоне Мысхако Гранд Резерв Мысхако,Шардоне,Белое сухое,vinodelnya-myshako-shardone-myshako-grand-rezerv-beloe-suhoe-125,vinodelnya-myshako-shardone-myshako-grand-rezerv-beloe-suhoe-125.webp
Шардоне Мысхако Гранд Резерв,белое сухое Шардоне Мысхако Гранд Резерв Мысхако,Шардоне,Белое сухое,vinodelnya-myshako-shardone-myshako-grand-rezerv-beloe-suhoe-125,vinodelnya-myshako-shardone-myshako-grand-rezerv-beloe-suhoe-125_bottom.webp
Каберне Мысхако Гранд Резерв,красное сухое Каберне Мысхако Гранд Резерв Мысхако,Каберне Совиньон,Красное сухое,vinodelnya-myshako-kaberne-myshako-grand-rezerv-kaberne-sovinon-krasnoe-suhoe-125,vinodelnya-myshako-kaberne-myshako-grand-rezerv-kaberne-sovinon-krasnoe-suhoe-125.webp
Каберне Мысхако Гранд Резерв,красное сухое Каберне Мысхако Гранд Резерв Мысхако,Каберне Совиньон,Красное сухое,vinodelnya-myshako-kaberne-myshako-grand-rezerv-kaberne-sovinon-krasnoe-suhoe-125,vinodelnya-myshako-kaberne-myshako-grand-rezerv-kaberne-sovinon-krasnoe-suhoe-125_bottom.webp
Quintessence Storm. Шираз,красное полусухое Quintessence Storm. Шираз Мысхако,Шираз,Красное полусухое,vinodelnya-myshako-quintessence-storm-shiraz-krasnoe-polusuhoe-15,vinodelnya-myshako-quintessence-storm-shiraz-krasnoe-polusuhoe-15.webp
Quintessence Storm. Шираз,красное полусухое Quintessence Storm. Шираз Мысхако,Шираз,Красное полусухое,vinodelnya-myshako-quintessence-storm-shiraz-krasnoe-polusuhoe-15,vinodelnya-myshako-quintessence-storm-shiraz-krasnoe-polusuhoe-15_bottom.webp
Quintessence Shtorm. Мерло,красное сладкое Quintessence Shtorm. Мерло Мысхако,Мерло,Красное сладкое,vinodelnya-myshako-quintessence-shtorm-merlo-krasnoe-sladkoe-147,vinodelnya-myshako-quintessence-shtorm-merlo-krasnoe-sladkoe-147.webp
Quintessence Shtorm. Мерло,красное сладкое Quintessence Shtorm. Мерло Мысхако,Мерло,Красное сладкое,vinodelnya-myshako-quintessence-shtorm-merlo-krasnoe-sladkoe-147,vinodelnya-myshako-quintessence-shtorm-merlo-krasnoe-sladkoe-147_bottom.webp
Quintessence New Generation. Темпранильо.,красное сухое Quintessence New Generation. Темпранильо. Мысхако,Темпранильо,Красное сухое,vinodelnya-myshako-quintessence-new-generation-tempranilo-krasnoe-suhoe-134,vinodelnya-myshako-quintessence-new-generation-tempranilo-krasnoe-suhoe-134.webp
Quintessence New Generation. Темпранильо.,красное сухое Quintessence New Generation. Темпранильо. Мысхако,Темпранильо,Красное сухое,vinodelnya-myshako-quintessence-new-generation-tempranilo-krasnoe-suhoe-134,vinodelnya-myshako-quintessence-new-generation-tempranilo-krasnoe-suhoe-134_bottom.webp
Quintessence. Совиньон Блан брют,белое брют Quintessence. Совиньон Блан брют Мысхако,Совиньон Блан,Белое брют,vinodelnya-myshako-quintessence-sovinon-blan-bryut-beloe-115,vinodelnya-myshako-quintessence-sovinon-blan-bryut-beloe-115.webp
Quintessence. Совиньон Блан брют,белое брют Quintessence. Совиньон Блан брют Мысхако,Совиньон Блан,Белое брют,vinodelnya-myshako-quintessence-sovinon-blan-bryut-beloe-115,vinodelnya-myshako-quintessence-sovinon-blan-bryut-beloe-115_bottom.webp
Quintessence New Generation. Зинфандель,розовое полусухое Quintessence New Generation. Зинфандель Мысхако,Зинфандель,Розовое полусухое,vinodelnya-myshako-quintessence-new-generation-zinfandel-rozovoe-polusuhoe-115,vinodelnya-myshako-quintessence-new-generation-zinfandel-rozovoe-polusuhoe-115.webp
Quintessence New Generation. Зинфандель,розовое полусухое Quintessence New Generation. Зинфандель Мысхако,Зинфандель,Розовое полусухое,vinodelnya-myshako-quintessence-new-generation-zinfandel-rozovoe-polusuhoe-115,vinodelnya-myshako-quintessence-new-generation-zinfandel-rozovoe-polusuhoe-115_bottom.webp
Quintessence New Generation. Рислинг Зект,белое брют Quintessence New Generation. Рислинг Зект Мысхако,Рислинг,Белое брют,vinodelnya-myshako-quintessence-new-generation-risling-zekt-beloe-bryut-125,vinodelnya-myshako-quintessence-new-generation-risling-zekt-beloe-bryut-125.webp
Quintessence New Generation. Рислинг Зект,белое брют Quintessence New Generation. Рислинг Зект Мысхако,Рислинг,Белое брют,vinodelnya-myshako-quintessence-new-generation-risling-zekt-beloe-bryut-125,vinodelnya-myshako-quintessence-new-generation-risling-zekt-beloe-bryut-125_bottom.webp
Quintessence New Generation. Brut White,белое брют Quintessence New Generation. Brut White Мысхако,Шардоне,Белое брют,vinodelnya-myshako-quintessence-new-generation-brut-white-shardone-beloe-bryut-11,vinodelnya-myshako-quintessence-new-generation-brut-white-shardone-beloe-bryut-11.webp
Quintessence New Generation. Brut White,белое брют Quintessence New Generation. Brut White Мысхако,Шардоне,Белое брют,vinodelnya-myshako-quintessence-new-generation-brut-white-shardone-beloe-bryut-11,vinodelnya-myshako-quintessence-new-generation-brut-white-shardone-beloe-bryut-11_bottom.webp
Quintessence Reserve. Рислинг,красное сухое Quintessence Reserve. Рислинг Мысхако,Рислинг,Красное сухое,vinodelnya-myshako-quintessence-reserve-risling-krasnoe-suhoe-131,vinodelnya-myshako-quintessence-reserve-risling-krasnoe-suhoe-131.webp
Quintessence Reserve. Рислинг,красное сухое Quintessence Reserve. Рислинг Мысхако,Рислинг,Красное сухое,vinodelnya-myshako-quintessence-reserve-risling-krasnoe-suhoe-131,vinodelnya-myshako-quintessence-reserve-risling-krasnoe-suhoe-131_bottom.webp
Quintessence New Generation. Semi-Dry Rose,розовое полусухое Quintessence New Generation. Semi-Dry Rose Мысхако,Пино Нуар,Розовое полусухое,vinodelnya-myshako-quintessence-new-generation-semi-dry-rose-pino-nuar-rozovoe-polusuhoe-11,vinodelnya-myshako-quintessence-new-generation-semi-dry-rose-pino-nuar-rozovoe-polusuhoe-11.webp
Quintessence New Generation. Semi-Dry Rose,розовое полусухое Quintessence New Generation. Semi-Dry Rose Мысхако,Пино Нуар,Розовое полусухое,vinodelnya-myshako-quintessence-new-generation-semi-dry-rose-pino-nuar-rozovoe-polusuhoe-11,vinodelnya-myshako-quintessence-new-generation-semi-dry-rose-pino-nuar-rozovoe-polusuhoe-11_bottom.webp
Quintessence. Алиготе,белое сухое Quintessence. Алиготе Мысхако,Алиготе,Белое сухое,vinodelnya-myshako-quintessence-aligote-beloe-suhoe-128,vinodelnya-myshako-quintessence-aligote-beloe-suhoe-128.webp
Quintessence. Алиготе,белое сухое Quintessence. Алиготе Мысхако,Алиготе,Белое сухое,vinodelnya-myshako-quintessence-aligote-beloe-suhoe-128,vinodelnya-myshako-quintessence-aligote-beloe-suhoe-128_bottom.webp
Quintessence Reserve. Пино Нуар,красное сухое Quintessence Reserve. Пино Нуар Мысхако,Пино Нуар,Красное сухое,vinodelnya-myshako-quintessence-reserve-pino-nuar-krasnoe-suhoe-148,vinodelnya-myshako-quintessence-reserve-pino-nuar-krasnoe-suhoe-148.webp
Quintessence Reserve. Пино Нуар,красное сухое Quintessence Reserve. Пино Нуар Мысхако,Пино Нуар,Красное сухое,vinodelnya-myshako-quintessence-reserve-pino-nuar-krasnoe-suhoe-148,vinodelnya-myshako-quintessence-reserve-pino-nuar-krasnoe-suhoe-148_bottom.webp
Quintessence New Generation. Semi-Sweet White,белое полусладкое Quintessence New Generation. Semi-Sweet White Мысхако,Вионье,Белое полусладкое,vinodelnya-myshako-quintessence-new-generation-semi-sweet-white-vione-beloe-polusladkoe-11,vinodelnya-myshako-quintessence-new-generation-semi-sweet-white-vione-beloe-polusladkoe-11.webp
Quintessence New Generation. Semi-Sweet White,белое полусладкое Quintessence New Generation. Semi-Sweet White Мысхако,Вионье,Белое полусладкое,vinodelnya-myshako-quintessence-new-generation-semi-sweet-white-vione-beloe-polusladkoe-11,vinodelnya-myshako-quintessence-new-generation-semi-sweet-white-vione-beloe-polusladkoe-11_bottom.webp
Quintessence. Вионье,белое сухое Quintessence. Вионье Мысхако,Вионье,Белое сухое,vinodelnya-myshako-quintessence-vione-beloe-suhoe-128,vinodelnya-myshako-quintessence-vione-beloe-suhoe-128.webp
Quintessence. Вионье,белое сухое Quintessence. Вионье Мысхако,Вионье,Белое сухое,vinodelnya-myshako-quintessence-vione-beloe-suhoe-128,vinodelnya-myshako-quintessence-vione-beloe-suhoe-128_bottom.webp
Quintessence. Блауфранкиш,розовое брют Quintessence. Блауфранкиш Мысхако,Блауфранкиш,Розовое брют,vinodelnya-myshako-quintessence-blaufrankish-rozovoe-bryut-115,vinodelnya-myshako-quintessence-blaufrankish-rozovoe-bryut-115.webp
Quintessence. Блауфранкиш,розовое брют Quintessence. Блауфранкиш Мысхако,Блауфранкиш,Розовое брют,vinodelnya-myshako-quintessence-blaufrankish-rozovoe-bryut-115,vinodelnya-myshako-quintessence-blaufrankish-rozovoe-bryut-115_bottom.webp
Quintessence Brut. Вионье,белое брют Quintessence Brut. Вионье Мысхако,Вионье,Белое брют,vinodelnya-myshako-quintessence-brut-vione-beloe-bryut-115,vinodelnya-myshako-quintessence-brut-vione-beloe-bryut-115.webp
Quintessence Brut. Вионье,белое брют Quintessence Brut. Вионье Мысхако,Вионье,Белое брют,vinodelnya-myshako-quintessence-brut-vione-beloe-bryut-115,vinodelnya-myshako-quintessence-brut-vione-beloe-bryut-115_bottom.webp
Quintessence. Гевюрцтраминер,белое сухое Quintessence. Гевюрцтраминер Мысхако,Гевюрцтраминер,Белое сухое,vinodelnya-myshako-quintessence-gevyurtstraminer-beloe-suhoe-128,vinodelnya-myshako-quintessence-gevyurtstraminer-beloe-suhoe-128.webp
Quintessence. Гевюрцтраминер,белое сухое Quintessence. Гевюрцтраминер Мысхако,Гевюрцтраминер,Белое сухое,vinodelnya-myshako-quintessence-gevyurtstraminer-beloe-suhoe-128,vinodelnya-myshako-quintessence-gevyurtstraminer-beloe-suhoe-128_bottom.webp
Quintessence Brut. Мускат,белое брют Quintessence Brut. Мускат Мысхако,Мускат Белый,Белое брют,vinodelnya-myshako-quintessence-brut-muskat-muskat-belyy-beloe-bryut-12,vinodelnya-myshako-quintessence-brut-muskat-muskat-belyy-beloe-bryut-12.webp
Quintessence Brut. Мускат,белое брют Quintessence Brut. Мускат Мысхако,Мускат Белый,Белое брют,vinodelnya-myshako-quintessence-brut-muskat-muskat-belyy-beloe-bryut-12,vinodelnya-myshako-quintessence-brut-muskat-muskat-belyy-beloe-bryut-12_bottom.webp
Quintessence. Карменер,красное сухое Quintessence. Карменер Мысхако,Карменер,Красное сухое,vinodelnya-myshako-quintessence-karmener-krasnoe-suhoe-146,vinodelnya-myshako-quintessence-karmener-krasnoe-suhoe-146.webp
Quintessence. Карменер,красное сухое Quintessence. Карменер Мысхако,Карменер,Красное сухое,vinodelnya-myshako-quintessence-karmener-krasnoe-suhoe-146,vinodelnya-myshako-quintessence-karmener-krasnoe-suhoe-146_bottom.webp
Quintessence. Зинфандель,красное сухое Quintessence. Зинфандель Мысхако,Зинфандель,Красное сухое,vinodelnya-myshako-quintessence-zinfandel-krasnoe-suhoe-155,vinodelnya-myshako-quintessence-zinfandel-krasnoe-suhoe-155.webp
Quintessence. Зинфандель,красное сухое Quintessence. Зинфандель Мысхако,Зинфандель,Красное сухое,vinodelnya-myshako-quintessence-zinfandel-krasnoe-suhoe-155,vinodelnya-myshako-quintessence-zinfandel-krasnoe-suhoe-155_bottom.webp
Quintessence. Каберне Совиньон Ripasso,красное сухое Quintessence. Каберне Совиньон Ripasso Мысхако,Каберне Совиньон,Красное сухое,vinodelnya-myshako-quintessence-kaberne-sovinon-ripasso-krasnoe-suhoe-152,vinodelnya-myshako-quintessence-kaberne-sovinon-ripasso-krasnoe-suhoe-152.webp
Quintessence. Каберне Совиньон Ripasso,красное сухое Quintessence. Каберне Совиньон Ripasso Мысхако,Каберне Совиньон,Красное сухое,vinodelnya-myshako-quintessence-kaberne-sovinon-ripasso-krasnoe-suhoe-152,vinodelnya-myshako-quintessence-kaberne-sovinon-ripasso-krasnoe-suhoe-152_bottom.webp
Quintessence. New Generation. Каберне Фран,красное сухое Quintessence. New Generation. Каберне Фран Мысхако,Каберне Фран,Красное сухое,vinodelnya-myshako-quintessence-new-generation-kaberne-fran-krasnoe-suhoe-145,vinodelnya-myshako-quintessence-new-generation-kaberne-fran-krasnoe-suhoe-145.webp
Quintessence. New Generation. Каберне Фран,красное сухое Quintessence. New Generation. Каберне Фран Мысхако,Каберне Фран,Красное сухое,vinodelnya-myshako-quintessence-new-generation-kaberne-fran-krasnoe-suhoe-145,vinodelnya-myshako-quintessence-new-generation-kaberne-fran-krasnoe-suhoe-145_bottom.webp
Quintessence New Generation. Совиньон Блан,белое сухое Quintessence New Generation. Совиньон Блан Мысхако,Совиньон Блан,Белое сухое,vinodelnya-myshako-quintessence-new-generation-sovinon-blan-beloe-suhoe-122,vinodelnya-myshako-quintessence-new-generation-sovinon-blan-beloe-suhoe-122.webp
Quintessence New Generation. Совиньон Блан,белое сухое Quintessence New Generation. Совиньон Блан Мысхако,Совиньон Блан,Белое сухое,vinodelnya-myshako-quintessence-new-generation-sovinon-blan-beloe-suhoe-122,vinodelnya-myshako-quintessence-new-generation-sovinon-blan-beloe-suhoe-122_bottom.webp
